2025-08-19 21:20:26,486 - __main__ - INFO - ============================================================
2025-08-19 21:20:26,486 - __main__ - INFO - Starting Ontario Family Law Forms Processing v2.0.0
2025-08-19 21:20:26,486 - __main__ - INFO - ============================================================
2025-08-19 21:20:26,486 - __main__ - INFO - 
========================================
2025-08-19 21:20:26,486 - __main__ - INFO - Step: DOWNLOAD
2025-08-19 21:20:26,486 - __main__ - INFO - ========================================
2025-08-19 21:20:26,486 - __main__ - INFO - Downloading Ontario family law forms...
2025-08-19 21:20:53,041 - __main__ - INFO - ✓ download completed successfully
2025-08-19 21:20:53,041 - __main__ - INFO - 
========================================
2025-08-19 21:20:53,041 - __main__ - INFO - Step: PARSE
2025-08-19 21:20:53,041 - __main__ - INFO - ========================================
2025-08-19 21:20:53,041 - __main__ - INFO - Parsing forms to extract fields...
2025-08-19 21:20:53,060 - __main__ - INFO - Copied form_25c_-_adoption_order_flr-25c-may25-en-fil.docx to /Users/draw/development/docassemble/docassemble_webapp/docassemble/webapp/data/questions/ontario-family-law/utilities/workflow_output/parsed_data/downloads/form_25c_-_adoption_order_flr-25c-may25-en-fil.docx
2025-08-19 21:20:53,061 - __main__ - INFO - Copied form_37_-_interjurisdictional_support_order_flr-37-apr24-en-fil.docx to /Users/draw/development/docassemble/docassemble_webapp/docassemble/webapp/data/questions/ontario-family-law/utilities/workflow_output/parsed_data/downloads/form_37_-_interjurisdictional_support_order_flr-37-apr24-en-fil.docx
2025-08-19 21:20:53,061 - __main__ - INFO - Copied form_10_-_answer_flr-10-jun25-en-fil.docx to /Users/draw/development/docassemble/docassemble_webapp/docassemble/webapp/data/questions/ontario-family-law/utilities/workflow_output/parsed_data/downloads/form_10_-_answer_flr-10-jun25-en-fil.docx
2025-08-19 21:20:53,061 - __main__ - INFO - Copied form_29_-_request_garnishment_flr-29-apr16-en-fil.docx to /Users/draw/development/docassemble/docassemble_webapp/docassemble/webapp/data/questions/ontario-family-law/utilities/workflow_output/parsed_data/downloads/form_29_-_request_garnishment_flr-29-apr16-en-fil.docx
2025-08-19 21:20:53,062 - __main__ - INFO - Copied form_10a_-_reply_flr-10a-e.pdf to /Users/draw/development/docassemble/docassemble_webapp/docassemble/webapp/data/questions/ontario-family-law/utilities/workflow_output/parsed_data/downloads/form_10a_-_reply_flr-10a-e.pdf
2025-08-19 21:20:53,062 - __main__ - INFO - Copied form_33f_-_access_application_flr-33f-may21-en-fil.docx to /Users/draw/development/docassemble/docassemble_webapp/docassemble/webapp/data/questions/ontario-family-law/utilities/workflow_output/parsed_data/downloads/form_33f_-_access_application_flr-33f-may21-en-fil.docx
2025-08-19 21:20:53,062 - __main__ - INFO - Copied form_17a_-_case_conference_brief_flr-17a-sep23-en.docx to /Users/draw/development/docassemble/docassemble_webapp/docassemble/webapp/data/questions/ontario-family-law/utilities/workflow_output/parsed_data/downloads/form_17a_-_case_conference_brief_flr-17a-sep23-en.docx
2025-08-19 21:20:53,062 - __main__ - INFO - Copied form_37b_-_evidence_information_flr-37b-apr24-en-fil.docx to /Users/draw/development/docassemble/docassemble_webapp/docassemble/webapp/data/questions/ontario-family-law/utilities/workflow_output/parsed_data/downloads/form_37b_-_evidence_information_flr-37b-apr24-en-fil.docx
2025-08-19 21:20:53,063 - __main__ - INFO - Copied form_13c_-_comparison_net_family_property_flr-13c-may21-en-fil.docx to /Users/draw/development/docassemble/docassemble_webapp/docassemble/webapp/data/questions/ontario-family-law/utilities/workflow_output/parsed_data/downloads/form_13c_-_comparison_net_family_property_flr-13c-may21-en-fil.docx
2025-08-19 21:20:53,063 - __main__ - INFO - Copied form_25d_-_order_uncontested_trial_form-25d-en-dec20.docx to /Users/draw/development/docassemble/docassemble_webapp/docassemble/webapp/data/questions/ontario-family-law/utilities/workflow_output/parsed_data/downloads/form_25d_-_order_uncontested_trial_form-25d-en-dec20.docx
2025-08-19 21:20:53,063 - __main__ - INFO - Copied form_29b_-_notice_garnishment_periodic_flr-29b-apr16-en-fil.docx to /Users/draw/development/docassemble/docassemble_webapp/docassemble/webapp/data/questions/ontario-family-law/utilities/workflow_output/parsed_data/downloads/form_29b_-_notice_garnishment_periodic_flr-29b-apr16-en-fil.docx
2025-08-19 21:20:53,064 - __main__ - INFO - Copied form_43_-_bjdr_hearing_request_flr-43-sep24-en-fil.docx to /Users/draw/development/docassemble/docassemble_webapp/docassemble/webapp/data/questions/ontario-family-law/utilities/workflow_output/parsed_data/downloads/form_43_-_bjdr_hearing_request_flr-43-sep24-en-fil.docx
2025-08-19 21:20:53,064 - __main__ - INFO - Copied form_34_-_child_consent_adoption_flr-34-nov18-en-fil.docx to /Users/draw/development/docassemble/docassemble_webapp/docassemble/webapp/data/questions/ontario-family-law/utilities/workflow_output/parsed_data/downloads/form_34_-_child_consent_adoption_flr-34-nov18-en-fil.docx
2025-08-19 21:20:53,064 - __main__ - INFO - Copied form_15c_-_consent_motion_to_change_form-15c-en-dec20.docx to /Users/draw/development/docassemble/docassemble_webapp/docassemble/webapp/data/questions/ontario-family-law/utilities/workflow_output/parsed_data/downloads/form_15c_-_consent_motion_to_change_form-15c-en-dec20.docx
2025-08-19 21:20:53,064 - __main__ - INFO - Copied form_4_-_notice_change_representation_flr-04-jun25-en-fil.docx to /Users/draw/development/docassemble/docassemble_webapp/docassemble/webapp/data/questions/ontario-family-law/utilities/workflow_output/parsed_data/downloads/form_4_-_notice_change_representation_flr-04-jun25-en-fil.docx
2025-08-19 21:20:53,064 - __main__ - INFO - Copied form_26_-_statement_money_owed_flr-26-apr16-en-fil.docx to /Users/draw/development/docassemble/docassemble_webapp/docassemble/webapp/data/questions/ontario-family-law/utilities/workflow_output/parsed_data/downloads/form_26_-_statement_money_owed_flr-26-apr16-en-fil.docx
2025-08-19 21:20:53,065 - __main__ - INFO - Copied form_15b_-_response_motion_to_change_form-15b-en-dec20.docx to /Users/draw/development/docassemble/docassemble_webapp/docassemble/webapp/data/questions/ontario-family-law/utilities/workflow_output/parsed_data/downloads/form_15b_-_response_motion_to_change_form-15b-en-dec20.docx
2025-08-19 21:20:53,065 - __main__ - INFO - Copied form_8_-_application_general_flr-8-jun25-en.docx to /Users/draw/development/docassemble/docassemble_webapp/docassemble/webapp/data/questions/ontario-family-law/utilities/workflow_output/parsed_data/downloads/form_8_-_application_general_flr-8-jun25-en.docx
2025-08-19 21:20:53,065 - __main__ - INFO - Copied form_27_-_request_financial_statement_flr-27-apr16-en-fil.docx to /Users/draw/development/docassemble/docassemble_webapp/docassemble/webapp/data/questions/ontario-family-law/utilities/workflow_output/parsed_data/downloads/form_27_-_request_financial_statement_flr-27-apr16-en-fil.docx
2025-08-19 21:20:53,065 - __main__ - INFO - Copied form_17c_-_settlement_conference_brief_flr-17c-sep23-en.docx to /Users/draw/development/docassemble/docassemble_webapp/docassemble/webapp/data/questions/ontario-family-law/utilities/workflow_output/parsed_data/downloads/form_17c_-_settlement_conference_brief_flr-17c-sep23-en.docx
2025-08-19 21:20:53,066 - __main__ - INFO - Copied form_17f_-_confirmation_conference_flr-17f-sep24-en-fil.docx to /Users/draw/development/docassemble/docassemble_webapp/docassemble/webapp/data/questions/ontario-family-law/utilities/workflow_output/parsed_data/downloads/form_17f_-_confirmation_conference_flr-17f-sep24-en-fil.docx
2025-08-19 21:20:53,066 - __main__ - INFO - Copied form_14b_-_motion_form_flr-14b-0921-en.docx to /Users/draw/development/docassemble/docassemble_webapp/docassemble/webapp/data/questions/ontario-family-law/utilities/workflow_output/parsed_data/downloads/form_14b_-_motion_form_flr-14b-0921-en.docx
2025-08-19 21:20:53,066 - __main__ - INFO - Copied form_43a_-_bjdr_request_ocl_flr-43a-sep24-en-fil.docx to /Users/draw/development/docassemble/docassemble_webapp/docassemble/webapp/data/questions/ontario-family-law/utilities/workflow_output/parsed_data/downloads/form_43a_-_bjdr_request_ocl_flr-43a-sep24-en-fil.docx
2025-08-19 21:20:53,066 - __main__ - INFO - Copied form_13.1_-_financial_statement_property_flr-13-1-may21-en-fil.docx to /Users/draw/development/docassemble/docassemble_webapp/docassemble/webapp/data/questions/ontario-family-law/utilities/workflow_output/parsed_data/downloads/form_13.1_-_financial_statement_property_flr-13-1-may21-en-fil.docx
2025-08-19 21:20:53,066 - __main__ - INFO - Copied form_34f_-_consents_adoption_form-34f-en-dec20.docx to /Users/draw/development/docassemble/docassemble_webapp/docassemble/webapp/data/questions/ontario-family-law/utilities/workflow_output/parsed_data/downloads/form_34f_-_consents_adoption_form-34f-en-dec20.docx
2025-08-19 21:20:53,067 - __main__ - INFO - Copied form_6c_-_certificate_service_flr-6c-apr23-en-fil.docx to /Users/draw/development/docassemble/docassemble_webapp/docassemble/webapp/data/questions/ontario-family-law/utilities/workflow_output/parsed_data/downloads/form_6c_-_certificate_service_flr-6c-apr23-en-fil.docx
2025-08-19 21:20:53,067 - __main__ - INFO - Copied form_30_-_notice_default_hearing_flr-30-apr16-en-fil.docx to /Users/draw/development/docassemble/docassemble_webapp/docassemble/webapp/data/questions/ontario-family-law/utilities/workflow_output/parsed_data/downloads/form_30_-_notice_default_hearing_flr-30-apr16-en-fil.docx
2025-08-19 21:20:53,067 - __main__ - INFO - Copied form_8d_-_application_adoption_flr-8d-may25-en-fil.docx to /Users/draw/development/docassemble/docassemble_webapp/docassemble/webapp/data/questions/ontario-family-law/utilities/workflow_output/parsed_data/downloads/form_8d_-_application_adoption_flr-8d-may25-en-fil.docx
2025-08-19 21:20:53,068 - __main__ - INFO - Copied form_37a_-_affidavit_interjurisdictional_support_flr-37a-apr24-en-fil.docx to /Users/draw/development/docassemble/docassemble_webapp/docassemble/webapp/data/questions/ontario-family-law/utilities/workflow_output/parsed_data/downloads/form_37a_-_affidavit_interjurisdictional_support_flr-37a-apr24-en-fil.docx
2025-08-19 21:20:53,068 - __main__ - INFO - Copied form_8a_-_application_divorce_flr-8a-apr24-en-fil.docx to /Users/draw/development/docassemble/docassemble_webapp/docassemble/webapp/data/questions/ontario-family-law/utilities/workflow_output/parsed_data/downloads/form_8a_-_application_divorce_flr-8a-apr24-en-fil.docx
2025-08-19 21:20:53,068 - __main__ - INFO - Copied form_13b_-_net_family_property_statement_flr-13b-may09-en-fil-tables.docx to /Users/draw/development/docassemble/docassemble_webapp/docassemble/webapp/data/questions/ontario-family-law/utilities/workflow_output/parsed_data/downloads/form_13b_-_net_family_property_statement_flr-13b-may09-en-fil-tables.docx
2025-08-19 21:20:53,068 - __main__ - INFO - Copied form_15_-_motion_to_change_flr-15-0921-en.docx to /Users/draw/development/docassemble/docassemble_webapp/docassemble/webapp/data/questions/ontario-family-law/utilities/workflow_output/parsed_data/downloads/form_15_-_motion_to_change_flr-15-0921-en.docx
2025-08-19 21:20:53,069 - __main__ - INFO - Copied form_25a_-_divorce_order_flr-25a-e.pdf to /Users/draw/development/docassemble/docassemble_webapp/docassemble/webapp/data/questions/ontario-family-law/utilities/workflow_output/parsed_data/downloads/form_25a_-_divorce_order_flr-25a-e.pdf
2025-08-19 21:20:53,069 - __main__ - INFO - Copied form_36a_-_certificate_divorce_flr-36a-dec20-en-fil.docx to /Users/draw/development/docassemble/docassemble_webapp/docassemble/webapp/data/questions/ontario-family-law/utilities/workflow_output/parsed_data/downloads/form_36a_-_certificate_divorce_flr-36a-dec20-en-fil.docx
2025-08-19 21:20:53,069 - __main__ - INFO - Copied form_36_-_affidavit_for_divorce_flr-36-apr24-en-fil.docx to /Users/draw/development/docassemble/docassemble_webapp/docassemble/webapp/data/questions/ontario-family-law/utilities/workflow_output/parsed_data/downloads/form_36_-_affidavit_for_divorce_flr-36-apr24-en-fil.docx
2025-08-19 21:20:53,070 - __main__ - INFO - Copied form_25_-_order_general_form-25-en-dec20.docx to /Users/draw/development/docassemble/docassemble_webapp/docassemble/webapp/data/questions/ontario-family-law/utilities/workflow_output/parsed_data/downloads/form_25_-_order_general_form-25-en-dec20.docx
2025-08-19 21:20:53,070 - __main__ - INFO - Copied form_34a_-_affidavit_parentage_form-34a-en-dec20.docx to /Users/draw/development/docassemble/docassemble_webapp/docassemble/webapp/data/questions/ontario-family-law/utilities/workflow_output/parsed_data/downloads/form_34a_-_affidavit_parentage_form-34a-en-dec20.docx
2025-08-19 21:20:53,070 - __main__ - INFO - Copied form_25f_-_restraining_order_flr-25f-sep09-en-fil.docx to /Users/draw/development/docassemble/docassemble_webapp/docassemble/webapp/data/questions/ontario-family-law/utilities/workflow_output/parsed_data/downloads/form_25f_-_restraining_order_flr-25f-sep09-en-fil.docx
2025-08-19 21:20:53,070 - __main__ - INFO - Copied form_14c_-_confirmation_motion_flr-14c-sep24-en-fil.docx to /Users/draw/development/docassemble/docassemble_webapp/docassemble/webapp/data/questions/ontario-family-law/utilities/workflow_output/parsed_data/downloads/form_14c_-_confirmation_motion_flr-14c-sep24-en-fil.docx
2025-08-19 21:20:53,070 - __main__ - INFO - Copied form_34g_-_affidavit_adopting_parent_form-34g-en-dec20.docx to /Users/draw/development/docassemble/docassemble_webapp/docassemble/webapp/data/questions/ontario-family-law/utilities/workflow_output/parsed_data/downloads/form_34g_-_affidavit_adopting_parent_form-34g-en-dec20.docx
2025-08-19 21:20:53,071 - __main__ - INFO - Copied form_28_-_writ_seizure_sale_flr-28-apr16-en-fil.docx to /Users/draw/development/docassemble/docassemble_webapp/docassemble/webapp/data/questions/ontario-family-law/utilities/workflow_output/parsed_data/downloads/form_28_-_writ_seizure_sale_flr-28-apr16-en-fil.docx
2025-08-19 21:20:53,071 - __main__ - INFO - Copied form_29a_-_notice_garnishment_lump_sum_flr-29a-apr16-en-fil.docx to /Users/draw/development/docassemble/docassemble_webapp/docassemble/webapp/data/questions/ontario-family-law/utilities/workflow_output/parsed_data/downloads/form_29a_-_notice_garnishment_lump_sum_flr-29a-apr16-en-fil.docx
2025-08-19 21:20:53,071 - __main__ - INFO - Copied form_34i_-_affidavit_adopting_relative_form-34i-en-dec20.docx to /Users/draw/development/docassemble/docassemble_webapp/docassemble/webapp/data/questions/ontario-family-law/utilities/workflow_output/parsed_data/downloads/form_34i_-_affidavit_adopting_relative_form-34i-en-dec20.docx
2025-08-19 21:20:53,071 - __main__ - INFO - Copied form_6b_-_affidavit_service_flr-06b-apr16-en-fil.docx to /Users/draw/development/docassemble/docassemble_webapp/docassemble/webapp/data/questions/ontario-family-law/utilities/workflow_output/parsed_data/downloads/form_6b_-_affidavit_service_flr-06b-apr16-en-fil.docx
2025-08-19 21:20:53,071 - __main__ - INFO - Copied form_43b_-_affidavit_bjdr_hearing_flr-43b-sep24-en-fil.docx to /Users/draw/development/docassemble/docassemble_webapp/docassemble/webapp/data/questions/ontario-family-law/utilities/workflow_output/parsed_data/downloads/form_43b_-_affidavit_bjdr_hearing_flr-43b-sep24-en-fil.docx
2025-08-19 21:20:53,072 - __main__ - INFO - Copied form_8b_-_application_child_protection_form-8b-feb_1_2022-en.docx to /Users/draw/development/docassemble/docassemble_webapp/docassemble/webapp/data/questions/ontario-family-law/utilities/workflow_output/parsed_data/downloads/form_8b_-_application_child_protection_form-8b-feb_1_2022-en.docx
2025-08-19 21:20:53,072 - __main__ - INFO - Copied form_13a_-_certificate_financial_disclosure_flr-13a-may21-en-fil.docx to /Users/draw/development/docassemble/docassemble_webapp/docassemble/webapp/data/questions/ontario-family-law/utilities/workflow_output/parsed_data/downloads/form_13a_-_certificate_financial_disclosure_flr-13a-may21-en-fil.docx
2025-08-19 21:20:53,072 - __main__ - INFO - Copied form_13_-_financial_statement_support_flr-13-may21-en-fil.docx to /Users/draw/development/docassemble/docassemble_webapp/docassemble/webapp/data/questions/ontario-family-law/utilities/workflow_output/parsed_data/downloads/form_13_-_financial_statement_support_flr-13-may21-en-fil.docx
2025-08-19 21:20:53,072 - automated_form_processor - INFO - Starting automated form processing at 2025-08-19 21:20:53.072697
2025-08-19 21:20:53,072 - automated_form_processor - INFO - Processing Form 04: jun25-en-fil
2025-08-19 21:20:53,073 - automated_form_processor - INFO - Found form file: /Users/draw/development/docassemble/docassemble_webapp/docassemble/webapp/data/questions/ontario-family-law/utilities/workflow_output/parsed_data/downloads/form_4_-_notice_change_representation_flr-04-jun25-en-fil.docx
2025-08-19 21:20:53,073 - automated_form_processor - INFO - Extracting fields from /Users/draw/development/docassemble/docassemble_webapp/docassemble/webapp/data/questions/ontario-family-law/utilities/workflow_output/parsed_data/downloads/form_4_-_notice_change_representation_flr-04-jun25-en-fil.docx
2025-08-19 21:20:53,583 - unified_parser_with_gcp - INFO - Starting comprehensive parsing of form_4_-_notice_change_representation_flr-04-jun25-en-fil.docx
2025-08-19 21:20:53,583 - unified_parser_with_gcp - INFO - Parsing with OSS native libraries...
2025-08-19 21:20:53,610 - unified_parser_with_gcp - INFO - Parsing tables with OSS libraries...
2025-08-19 21:20:53,610 - unified_parser_with_gcp - INFO - Building consensus from all extraction methods...
2025-08-19 21:20:53,611 - unified_parser_with_gcp - INFO - Validating consistency...
2025-08-19 21:20:53,611 - unified_parser_with_gcp - INFO - Applying Ontario-specific rules...
2025-08-19 21:20:53,611 - automated_form_processor - INFO - Extracted 26 fields using unified parser
2025-08-19 21:20:53,611 - automated_form_processor - INFO - Saved 26 fields to /Users/draw/development/docassemble/docassemble_webapp/docassemble/webapp/data/questions/ontario-family-law/utilities/workflow_output/parsed_data/csv/form_04_fields.csv
2025-08-19 21:20:53,628 - automated_form_processor - INFO - Generated YAML interview: /Users/draw/development/docassemble/docassemble_webapp/docassemble/webapp/data/questions/ontario-family-law/utilities/workflow_output/parsed_data/yaml/form_04_interview.yml
2025-08-19 21:20:53,629 - automated_form_processor - INFO - ✓ Successfully processed Form 04
2025-08-19 21:20:53,629 - automated_form_processor - INFO - Processing Form 06: flr_06-e
2025-08-19 21:20:53,629 - automated_form_processor - INFO - Found form file: /Users/draw/development/docassemble/docassemble_webapp/docassemble/webapp/data/questions/ontario-family-law/utilities/workflow_output/parsed_data/downloads/form_6b_-_affidavit_service_flr-06b-apr16-en-fil.docx
2025-08-19 21:20:53,629 - automated_form_processor - INFO - Extracting fields from /Users/draw/development/docassemble/docassemble_webapp/docassemble/webapp/data/questions/ontario-family-law/utilities/workflow_output/parsed_data/downloads/form_6b_-_affidavit_service_flr-06b-apr16-en-fil.docx
2025-08-19 21:20:53,629 - unified_parser_with_gcp - INFO - Starting comprehensive parsing of form_6b_-_affidavit_service_flr-06b-apr16-en-fil.docx
2025-08-19 21:20:53,629 - unified_parser_with_gcp - INFO - Parsing with OSS native libraries...
2025-08-19 21:20:53,751 - unified_parser_with_gcp - INFO - Parsing tables with OSS libraries...
2025-08-19 21:20:53,751 - unified_parser_with_gcp - INFO - Building consensus from all extraction methods...
2025-08-19 21:20:53,752 - unified_parser_with_gcp - INFO - Validating consistency...
2025-08-19 21:20:53,752 - unified_parser_with_gcp - INFO - Applying Ontario-specific rules...
2025-08-19 21:20:53,752 - automated_form_processor - INFO - Extracted 75 fields using unified parser
2025-08-19 21:20:53,753 - automated_form_processor - INFO - Saved 75 fields to /Users/draw/development/docassemble/docassemble_webapp/docassemble/webapp/data/questions/ontario-family-law/utilities/workflow_output/parsed_data/csv/form_06_fields.csv
2025-08-19 21:20:53,761 - automated_form_processor - INFO - Generated YAML interview: /Users/draw/development/docassemble/docassemble_webapp/docassemble/webapp/data/questions/ontario-family-law/utilities/workflow_output/parsed_data/yaml/form_06_interview.yml
2025-08-19 21:20:53,762 - automated_form_processor - INFO - ✓ Successfully processed Form 06
2025-08-19 21:20:53,762 - automated_form_processor - INFO - Processing Form 06A: e
2025-08-19 21:20:53,763 - automated_form_processor - ERROR - Could not find form file for Form 06A in /Users/draw/development/docassemble/docassemble_webapp/docassemble/webapp/data/questions/ontario-family-law/utilities/workflow_output/parsed_data/downloads
2025-08-19 21:20:53,763 - automated_form_processor - INFO - Expected filename: form_06a.pdf
2025-08-19 21:20:53,763 - automated_form_processor - INFO - Available files: ['form_25c_-_adoption_order_flr-25c-may25-en-fil.docx', 'form_37_-_interjurisdictional_support_order_flr-37-apr24-en-fil.docx', 'form_10_-_answer_flr-10-jun25-en-fil.docx', 'form_29_-_request_garnishment_flr-29-apr16-en-fil.docx', 'form_10a_-_reply_flr-10a-e.pdf']...
2025-08-19 21:20:53,763 - automated_form_processor - INFO - Extracting fields from /Users/draw/development/docassemble/docassemble_webapp/docassemble/webapp/data/questions/ontario-family-law/utilities/workflow_output/parsed_data/downloads/form_06a.pdf
2025-08-19 21:20:53,763 - unified_parser_with_gcp - INFO - Starting comprehensive parsing of form_06a.pdf
2025-08-19 21:20:53,763 - unified_parser_with_gcp - INFO - Parsing with OSS native libraries...
2025-08-19 21:20:53,763 - unified_parser_with_gcp - INFO - Parsing tables with OSS libraries...
2025-08-19 21:20:53,763 - unified_parser_with_gcp - INFO - Building consensus from all extraction methods...
2025-08-19 21:20:53,763 - unified_parser_with_gcp - INFO - Validating consistency...
2025-08-19 21:20:53,763 - unified_parser_with_gcp - INFO - Applying Ontario-specific rules...
2025-08-19 21:20:53,763 - automated_form_processor - INFO - Extracted 0 fields using unified parser
2025-08-19 21:20:53,763 - automated_form_processor - INFO - Saved 0 fields to /Users/draw/development/docassemble/docassemble_webapp/docassemble/webapp/data/questions/ontario-family-law/utilities/workflow_output/parsed_data/csv/form_06A_fields.csv
2025-08-19 21:20:53,765 - automated_form_processor - INFO - Generated YAML interview: /Users/draw/development/docassemble/docassemble_webapp/docassemble/webapp/data/questions/ontario-family-law/utilities/workflow_output/parsed_data/yaml/form_06A_interview.yml
2025-08-19 21:20:53,765 - automated_form_processor - INFO - ✓ Successfully processed Form 06A
2025-08-19 21:20:53,765 - automated_form_processor - INFO - Processing Form 06B: e-1016
2025-08-19 21:20:53,766 - automated_form_processor - INFO - Found form file: /Users/draw/development/docassemble/docassemble_webapp/docassemble/webapp/data/questions/ontario-family-law/utilities/workflow_output/parsed_data/downloads/form_6b_-_affidavit_service_flr-06b-apr16-en-fil.docx
2025-08-19 21:20:53,766 - automated_form_processor - INFO - Extracting fields from /Users/draw/development/docassemble/docassemble_webapp/docassemble/webapp/data/questions/ontario-family-law/utilities/workflow_output/parsed_data/downloads/form_6b_-_affidavit_service_flr-06b-apr16-en-fil.docx
2025-08-19 21:20:53,766 - unified_parser_with_gcp - INFO - Starting comprehensive parsing of form_6b_-_affidavit_service_flr-06b-apr16-en-fil.docx
2025-08-19 21:20:53,766 - unified_parser_with_gcp - INFO - Parsing with OSS native libraries...
2025-08-19 21:20:53,887 - unified_parser_with_gcp - INFO - Parsing tables with OSS libraries...
2025-08-19 21:20:53,887 - unified_parser_with_gcp - INFO - Building consensus from all extraction methods...
2025-08-19 21:20:53,889 - unified_parser_with_gcp - INFO - Validating consistency...
2025-08-19 21:20:53,889 - unified_parser_with_gcp - INFO - Applying Ontario-specific rules...
2025-08-19 21:20:53,889 - automated_form_processor - INFO - Extracted 75 fields using unified parser
2025-08-19 21:20:53,890 - automated_form_processor - INFO - Saved 75 fields to /Users/draw/development/docassemble/docassemble_webapp/docassemble/webapp/data/questions/ontario-family-law/utilities/workflow_output/parsed_data/csv/form_06B_fields.csv
2025-08-19 21:20:53,899 - automated_form_processor - INFO - Generated YAML interview: /Users/draw/development/docassemble/docassemble_webapp/docassemble/webapp/data/questions/ontario-family-law/utilities/workflow_output/parsed_data/yaml/form_06B_interview.yml
2025-08-19 21:20:53,900 - automated_form_processor - INFO - ✓ Successfully processed Form 06B
2025-08-19 21:20:53,900 - automated_form_processor - INFO - Processing Form 06C: apr23-en-fil
2025-08-19 21:20:53,901 - automated_form_processor - ERROR - Could not find form file for Form 06C in /Users/draw/development/docassemble/docassemble_webapp/docassemble/webapp/data/questions/ontario-family-law/utilities/workflow_output/parsed_data/downloads
2025-08-19 21:20:53,901 - automated_form_processor - INFO - Expected filename: form_06c.pdf
2025-08-19 21:20:53,901 - automated_form_processor - INFO - Available files: ['form_25c_-_adoption_order_flr-25c-may25-en-fil.docx', 'form_37_-_interjurisdictional_support_order_flr-37-apr24-en-fil.docx', 'form_10_-_answer_flr-10-jun25-en-fil.docx', 'form_29_-_request_garnishment_flr-29-apr16-en-fil.docx', 'form_10a_-_reply_flr-10a-e.pdf']...
2025-08-19 21:20:53,901 - automated_form_processor - INFO - Extracting fields from /Users/draw/development/docassemble/docassemble_webapp/docassemble/webapp/data/questions/ontario-family-law/utilities/workflow_output/parsed_data/downloads/form_06c.pdf
2025-08-19 21:20:53,901 - unified_parser_with_gcp - INFO - Starting comprehensive parsing of form_06c.pdf
2025-08-19 21:20:53,901 - unified_parser_with_gcp - INFO - Parsing with OSS native libraries...
2025-08-19 21:20:53,901 - unified_parser_with_gcp - INFO - Parsing tables with OSS libraries...
2025-08-19 21:20:53,901 - unified_parser_with_gcp - INFO - Building consensus from all extraction methods...
2025-08-19 21:20:53,901 - unified_parser_with_gcp - INFO - Validating consistency...
2025-08-19 21:20:53,901 - unified_parser_with_gcp - INFO - Applying Ontario-specific rules...
2025-08-19 21:20:53,901 - automated_form_processor - INFO - Extracted 0 fields using unified parser
2025-08-19 21:20:53,901 - automated_form_processor - INFO - Saved 0 fields to /Users/draw/development/docassemble/docassemble_webapp/docassemble/webapp/data/questions/ontario-family-law/utilities/workflow_output/parsed_data/csv/form_06C_fields.csv
2025-08-19 21:20:53,903 - automated_form_processor - INFO - Generated YAML interview: /Users/draw/development/docassemble/docassemble_webapp/docassemble/webapp/data/questions/ontario-family-law/utilities/workflow_output/parsed_data/yaml/form_06C_interview.yml
2025-08-19 21:20:53,903 - automated_form_processor - INFO - ✓ Successfully processed Form 06C
2025-08-19 21:20:53,904 - automated_form_processor - INFO - Processing Form 08: jun25-en
2025-08-19 21:20:53,904 - automated_form_processor - ERROR - Could not find form file for Form 08 in /Users/draw/development/docassemble/docassemble_webapp/docassemble/webapp/data/questions/ontario-family-law/utilities/workflow_output/parsed_data/downloads
2025-08-19 21:20:53,904 - automated_form_processor - INFO - Expected filename: form_08.pdf
2025-08-19 21:20:53,904 - automated_form_processor - INFO - Available files: ['form_25c_-_adoption_order_flr-25c-may25-en-fil.docx', 'form_37_-_interjurisdictional_support_order_flr-37-apr24-en-fil.docx', 'form_10_-_answer_flr-10-jun25-en-fil.docx', 'form_29_-_request_garnishment_flr-29-apr16-en-fil.docx', 'form_10a_-_reply_flr-10a-e.pdf']...
2025-08-19 21:20:53,904 - automated_form_processor - INFO - Extracting fields from /Users/draw/development/docassemble/docassemble_webapp/docassemble/webapp/data/questions/ontario-family-law/utilities/workflow_output/parsed_data/downloads/form_08.pdf
2025-08-19 21:20:53,904 - unified_parser_with_gcp - INFO - Starting comprehensive parsing of form_08.pdf
2025-08-19 21:20:53,904 - unified_parser_with_gcp - INFO - Parsing with OSS native libraries...
2025-08-19 21:20:53,904 - unified_parser_with_gcp - INFO - Parsing tables with OSS libraries...
2025-08-19 21:20:53,905 - unified_parser_with_gcp - INFO - Building consensus from all extraction methods...
2025-08-19 21:20:53,905 - unified_parser_with_gcp - INFO - Validating consistency...
2025-08-19 21:20:53,905 - unified_parser_with_gcp - INFO - Applying Ontario-specific rules...
2025-08-19 21:20:53,905 - automated_form_processor - INFO - Extracted 0 fields using unified parser
2025-08-19 21:20:53,905 - automated_form_processor - INFO - Saved 0 fields to /Users/draw/development/docassemble/docassemble_webapp/docassemble/webapp/data/questions/ontario-family-law/utilities/workflow_output/parsed_data/csv/form_08_fields.csv
2025-08-19 21:20:53,906 - automated_form_processor - INFO - Generated YAML interview: /Users/draw/development/docassemble/docassemble_webapp/docassemble/webapp/data/questions/ontario-family-law/utilities/workflow_output/parsed_data/yaml/form_08_interview.yml
2025-08-19 21:20:53,907 - automated_form_processor - INFO - ✓ Successfully processed Form 08
2025-08-19 21:20:53,907 - automated_form_processor - INFO - Processing Form 08A: apr24-en-fil
2025-08-19 21:20:53,907 - automated_form_processor - ERROR - Could not find form file for Form 08A in /Users/draw/development/docassemble/docassemble_webapp/docassemble/webapp/data/questions/ontario-family-law/utilities/workflow_output/parsed_data/downloads
2025-08-19 21:20:53,908 - automated_form_processor - INFO - Expected filename: form_08a.pdf
2025-08-19 21:20:53,908 - automated_form_processor - INFO - Available files: ['form_25c_-_adoption_order_flr-25c-may25-en-fil.docx', 'form_37_-_interjurisdictional_support_order_flr-37-apr24-en-fil.docx', 'form_10_-_answer_flr-10-jun25-en-fil.docx', 'form_29_-_request_garnishment_flr-29-apr16-en-fil.docx', 'form_10a_-_reply_flr-10a-e.pdf']...
2025-08-19 21:20:53,908 - automated_form_processor - INFO - Extracting fields from /Users/draw/development/docassemble/docassemble_webapp/docassemble/webapp/data/questions/ontario-family-law/utilities/workflow_output/parsed_data/downloads/form_08a.pdf
2025-08-19 21:20:53,908 - unified_parser_with_gcp - INFO - Starting comprehensive parsing of form_08a.pdf
2025-08-19 21:20:53,908 - unified_parser_with_gcp - INFO - Parsing with OSS native libraries...
2025-08-19 21:20:53,908 - unified_parser_with_gcp - INFO - Parsing tables with OSS libraries...
2025-08-19 21:20:53,908 - unified_parser_with_gcp - INFO - Building consensus from all extraction methods...
2025-08-19 21:20:53,908 - unified_parser_with_gcp - INFO - Validating consistency...
2025-08-19 21:20:53,908 - unified_parser_with_gcp - INFO - Applying Ontario-specific rules...
2025-08-19 21:20:53,908 - automated_form_processor - INFO - Extracted 0 fields using unified parser
2025-08-19 21:20:53,908 - automated_form_processor - INFO - Saved 0 fields to /Users/draw/development/docassemble/docassemble_webapp/docassemble/webapp/data/questions/ontario-family-law/utilities/workflow_output/parsed_data/csv/form_08A_fields.csv
2025-08-19 21:20:53,909 - automated_form_processor - INFO - Generated YAML interview: /Users/draw/development/docassemble/docassemble_webapp/docassemble/webapp/data/questions/ontario-family-law/utilities/workflow_output/parsed_data/yaml/form_08A_interview.yml
2025-08-19 21:20:53,910 - automated_form_processor - INFO - ✓ Successfully processed Form 08A
2025-08-19 21:20:53,910 - automated_form_processor - INFO - Processing Form 08B: form-8b-feb_1_2022-en
2025-08-19 21:20:53,910 - automated_form_processor - ERROR - Could not find form file for Form 08B in /Users/draw/development/docassemble/docassemble_webapp/docassemble/webapp/data/questions/ontario-family-law/utilities/workflow_output/parsed_data/downloads
2025-08-19 21:20:53,911 - automated_form_processor - INFO - Expected filename: form_08b.pdf
2025-08-19 21:20:53,911 - automated_form_processor - INFO - Available files: ['form_25c_-_adoption_order_flr-25c-may25-en-fil.docx', 'form_37_-_interjurisdictional_support_order_flr-37-apr24-en-fil.docx', 'form_10_-_answer_flr-10-jun25-en-fil.docx', 'form_29_-_request_garnishment_flr-29-apr16-en-fil.docx', 'form_10a_-_reply_flr-10a-e.pdf']...
2025-08-19 21:20:53,911 - automated_form_processor - INFO - Extracting fields from /Users/draw/development/docassemble/docassemble_webapp/docassemble/webapp/data/questions/ontario-family-law/utilities/workflow_output/parsed_data/downloads/form_08b.pdf
2025-08-19 21:20:53,911 - unified_parser_with_gcp - INFO - Starting comprehensive parsing of form_08b.pdf
2025-08-19 21:20:53,911 - unified_parser_with_gcp - INFO - Parsing with OSS native libraries...
2025-08-19 21:20:53,911 - unified_parser_with_gcp - INFO - Parsing tables with OSS libraries...
2025-08-19 21:20:53,911 - unified_parser_with_gcp - INFO - Building consensus from all extraction methods...
2025-08-19 21:20:53,911 - unified_parser_with_gcp - INFO - Validating consistency...
2025-08-19 21:20:53,911 - unified_parser_with_gcp - INFO - Applying Ontario-specific rules...
2025-08-19 21:20:53,911 - automated_form_processor - INFO - Extracted 0 fields using unified parser
2025-08-19 21:20:53,911 - automated_form_processor - INFO - Saved 0 fields to /Users/draw/development/docassemble/docassemble_webapp/docassemble/webapp/data/questions/ontario-family-law/utilities/workflow_output/parsed_data/csv/form_08B_fields.csv
2025-08-19 21:20:53,912 - automated_form_processor - INFO - Generated YAML interview: /Users/draw/development/docassemble/docassemble_webapp/docassemble/webapp/data/questions/ontario-family-law/utilities/workflow_output/parsed_data/yaml/form_08B_interview.yml
2025-08-19 21:20:53,913 - automated_form_processor - INFO - ✓ Successfully processed Form 08B
2025-08-19 21:20:53,913 - automated_form_processor - INFO - Processing Form 08C: form_8c_2018
2025-08-19 21:20:53,914 - automated_form_processor - ERROR - Could not find form file for Form 08C in /Users/draw/development/docassemble/docassemble_webapp/docassemble/webapp/data/questions/ontario-family-law/utilities/workflow_output/parsed_data/downloads
2025-08-19 21:20:53,914 - automated_form_processor - INFO - Expected filename: form_08c.pdf
2025-08-19 21:20:53,914 - automated_form_processor - INFO - Available files: ['form_25c_-_adoption_order_flr-25c-may25-en-fil.docx', 'form_37_-_interjurisdictional_support_order_flr-37-apr24-en-fil.docx', 'form_10_-_answer_flr-10-jun25-en-fil.docx', 'form_29_-_request_garnishment_flr-29-apr16-en-fil.docx', 'form_10a_-_reply_flr-10a-e.pdf']...
2025-08-19 21:20:53,914 - automated_form_processor - INFO - Extracting fields from /Users/draw/development/docassemble/docassemble_webapp/docassemble/webapp/data/questions/ontario-family-law/utilities/workflow_output/parsed_data/downloads/form_08c.pdf
2025-08-19 21:20:53,914 - unified_parser_with_gcp - INFO - Starting comprehensive parsing of form_08c.pdf
2025-08-19 21:20:53,914 - unified_parser_with_gcp - INFO - Parsing with OSS native libraries...
2025-08-19 21:20:53,914 - unified_parser_with_gcp - INFO - Parsing tables with OSS libraries...
2025-08-19 21:20:53,914 - unified_parser_with_gcp - INFO - Building consensus from all extraction methods...
2025-08-19 21:20:53,914 - unified_parser_with_gcp - INFO - Validating consistency...
2025-08-19 21:20:53,914 - unified_parser_with_gcp - INFO - Applying Ontario-specific rules...
2025-08-19 21:20:53,914 - automated_form_processor - INFO - Extracted 0 fields using unified parser
2025-08-19 21:20:53,914 - automated_form_processor - INFO - Saved 0 fields to /Users/draw/development/docassemble/docassemble_webapp/docassemble/webapp/data/questions/ontario-family-law/utilities/workflow_output/parsed_data/csv/form_08C_fields.csv
2025-08-19 21:20:53,916 - automated_form_processor - INFO - Generated YAML interview: /Users/draw/development/docassemble/docassemble_webapp/docassemble/webapp/data/questions/ontario-family-law/utilities/workflow_output/parsed_data/yaml/form_08C_interview.yml
2025-08-19 21:20:53,916 - automated_form_processor - INFO - ✓ Successfully processed Form 08C
2025-08-19 21:20:53,916 - automated_form_processor - INFO - Processing Form 08D: may25-en-fil
2025-08-19 21:20:53,917 - automated_form_processor - ERROR - Could not find form file for Form 08D in /Users/draw/development/docassemble/docassemble_webapp/docassemble/webapp/data/questions/ontario-family-law/utilities/workflow_output/parsed_data/downloads
2025-08-19 21:20:53,917 - automated_form_processor - INFO - Expected filename: form_08d.pdf
2025-08-19 21:20:53,917 - automated_form_processor - INFO - Available files: ['form_25c_-_adoption_order_flr-25c-may25-en-fil.docx', 'form_37_-_interjurisdictional_support_order_flr-37-apr24-en-fil.docx', 'form_10_-_answer_flr-10-jun25-en-fil.docx', 'form_29_-_request_garnishment_flr-29-apr16-en-fil.docx', 'form_10a_-_reply_flr-10a-e.pdf']...
2025-08-19 21:20:53,917 - automated_form_processor - INFO - Extracting fields from /Users/draw/development/docassemble/docassemble_webapp/docassemble/webapp/data/questions/ontario-family-law/utilities/workflow_output/parsed_data/downloads/form_08d.pdf
2025-08-19 21:20:53,917 - unified_parser_with_gcp - INFO - Starting comprehensive parsing of form_08d.pdf
2025-08-19 21:20:53,917 - unified_parser_with_gcp - INFO - Parsing with OSS native libraries...
2025-08-19 21:20:53,917 - unified_parser_with_gcp - INFO - Parsing tables with OSS libraries...
2025-08-19 21:20:53,917 - unified_parser_with_gcp - INFO - Building consensus from all extraction methods...
2025-08-19 21:20:53,917 - unified_parser_with_gcp - INFO - Validating consistency...
2025-08-19 21:20:53,917 - unified_parser_with_gcp - INFO - Applying Ontario-specific rules...
2025-08-19 21:20:53,917 - automated_form_processor - INFO - Extracted 0 fields using unified parser
2025-08-19 21:20:53,917 - automated_form_processor - INFO - Saved 0 fields to /Users/draw/development/docassemble/docassemble_webapp/docassemble/webapp/data/questions/ontario-family-law/utilities/workflow_output/parsed_data/csv/form_08D_fields.csv
2025-08-19 21:20:53,919 - automated_form_processor - INFO - Generated YAML interview: /Users/draw/development/docassemble/docassemble_webapp/docassemble/webapp/data/questions/ontario-family-law/utilities/workflow_output/parsed_data/yaml/form_08D_interview.yml
2025-08-19 21:20:53,919 - automated_form_processor - INFO - ✓ Successfully processed Form 08D
2025-08-19 21:20:53,920 - automated_form_processor - INFO - Processing Form 10: jun25-en-fil
2025-08-19 21:20:53,920 - automated_form_processor - INFO - Found form file: /Users/draw/development/docassemble/docassemble_webapp/docassemble/webapp/data/questions/ontario-family-law/utilities/workflow_output/parsed_data/downloads/form_10_-_answer_flr-10-jun25-en-fil.docx
2025-08-19 21:20:53,920 - automated_form_processor - INFO - Extracting fields from /Users/draw/development/docassemble/docassemble_webapp/docassemble/webapp/data/questions/ontario-family-law/utilities/workflow_output/parsed_data/downloads/form_10_-_answer_flr-10-jun25-en-fil.docx
2025-08-19 21:20:53,920 - unified_parser_with_gcp - INFO - Starting comprehensive parsing of form_10_-_answer_flr-10-jun25-en-fil.docx
2025-08-19 21:20:53,920 - unified_parser_with_gcp - INFO - Parsing with OSS native libraries...
2025-08-19 21:20:54,034 - unified_parser_with_gcp - INFO - Parsing tables with OSS libraries...
2025-08-19 21:20:54,034 - unified_parser_with_gcp - INFO - Building consensus from all extraction methods...
2025-08-19 21:20:54,036 - unified_parser_with_gcp - INFO - Validating consistency...
2025-08-19 21:20:54,036 - unified_parser_with_gcp - INFO - Applying Ontario-specific rules...
2025-08-19 21:20:54,036 - automated_form_processor - INFO - Extracted 85 fields using unified parser
2025-08-19 21:20:54,037 - automated_form_processor - INFO - Saved 85 fields to /Users/draw/development/docassemble/docassemble_webapp/docassemble/webapp/data/questions/ontario-family-law/utilities/workflow_output/parsed_data/csv/form_10_fields.csv
2025-08-19 21:20:54,046 - automated_form_processor - INFO - Generated YAML interview: /Users/draw/development/docassemble/docassemble_webapp/docassemble/webapp/data/questions/ontario-family-law/utilities/workflow_output/parsed_data/yaml/form_10_interview.yml
2025-08-19 21:20:54,047 - automated_form_processor - INFO - ✓ Successfully processed Form 10
2025-08-19 21:20:54,047 - automated_form_processor - INFO - Processing Form 10A: e
2025-08-19 21:20:54,047 - automated_form_processor - INFO - Found form file: /Users/draw/development/docassemble/docassemble_webapp/docassemble/webapp/data/questions/ontario-family-law/utilities/workflow_output/parsed_data/downloads/form_10a_-_reply_flr-10a-e.pdf
2025-08-19 21:20:54,048 - automated_form_processor - INFO - Extracting fields from /Users/draw/development/docassemble/docassemble_webapp/docassemble/webapp/data/questions/ontario-family-law/utilities/workflow_output/parsed_data/downloads/form_10a_-_reply_flr-10a-e.pdf
2025-08-19 21:20:54,048 - unified_parser_with_gcp - INFO - Starting comprehensive parsing of form_10a_-_reply_flr-10a-e.pdf
2025-08-19 21:20:54,048 - unified_parser_with_gcp - INFO - Parsing with OSS native libraries...
2025-08-19 21:20:54,116 - unified_parser_with_gcp - INFO - Parsing tables with OSS libraries...
2025-08-19 21:20:54,117 - unified_parser_with_gcp - INFO - Building consensus from all extraction methods...
2025-08-19 21:20:54,117 - unified_parser_with_gcp - INFO - Validating consistency...
2025-08-19 21:20:54,117 - unified_parser_with_gcp - INFO - Applying Ontario-specific rules...
2025-08-19 21:20:54,117 - automated_form_processor - INFO - Extracted 24 fields using unified parser
2025-08-19 21:20:54,117 - automated_form_processor - INFO - Saved 24 fields to /Users/draw/development/docassemble/docassemble_webapp/docassemble/webapp/data/questions/ontario-family-law/utilities/workflow_output/parsed_data/csv/form_10A_fields.csv
2025-08-19 21:20:54,122 - automated_form_processor - INFO - Generated YAML interview: /Users/draw/development/docassemble/docassemble_webapp/docassemble/webapp/data/questions/ontario-family-law/utilities/workflow_output/parsed_data/yaml/form_10A_interview.yml
2025-08-19 21:20:54,122 - automated_form_processor - INFO - ✓ Successfully processed Form 10A
2025-08-19 21:20:54,123 - automated_form_processor - INFO - Processing Form 12: e
2025-08-19 21:20:54,123 - automated_form_processor - ERROR - Could not find form file for Form 12 in /Users/draw/development/docassemble/docassemble_webapp/docassemble/webapp/data/questions/ontario-family-law/utilities/workflow_output/parsed_data/downloads
2025-08-19 21:20:54,123 - automated_form_processor - INFO - Expected filename: form_12.pdf
2025-08-19 21:20:54,124 - automated_form_processor - INFO - Available files: ['form_25c_-_adoption_order_flr-25c-may25-en-fil.docx', 'form_37_-_interjurisdictional_support_order_flr-37-apr24-en-fil.docx', 'form_10_-_answer_flr-10-jun25-en-fil.docx', 'form_29_-_request_garnishment_flr-29-apr16-en-fil.docx', 'form_10a_-_reply_flr-10a-e.pdf']...
2025-08-19 21:20:54,124 - automated_form_processor - INFO - Extracting fields from /Users/draw/development/docassemble/docassemble_webapp/docassemble/webapp/data/questions/ontario-family-law/utilities/workflow_output/parsed_data/downloads/form_12.pdf
2025-08-19 21:20:54,124 - unified_parser_with_gcp - INFO - Starting comprehensive parsing of form_12.pdf
2025-08-19 21:20:54,124 - unified_parser_with_gcp - INFO - Parsing with OSS native libraries...
2025-08-19 21:20:54,124 - unified_parser_with_gcp - INFO - Parsing tables with OSS libraries...
2025-08-19 21:20:54,124 - unified_parser_with_gcp - INFO - Building consensus from all extraction methods...
2025-08-19 21:20:54,124 - unified_parser_with_gcp - INFO - Validating consistency...
2025-08-19 21:20:54,124 - unified_parser_with_gcp - INFO - Applying Ontario-specific rules...
2025-08-19 21:20:54,124 - automated_form_processor - INFO - Extracted 0 fields using unified parser
2025-08-19 21:20:54,124 - automated_form_processor - INFO - Saved 0 fields to /Users/draw/development/docassemble/docassemble_webapp/docassemble/webapp/data/questions/ontario-family-law/utilities/workflow_output/parsed_data/csv/form_12_fields.csv
2025-08-19 21:20:54,125 - automated_form_processor - INFO - Generated YAML interview: /Users/draw/development/docassemble/docassemble_webapp/docassemble/webapp/data/questions/ontario-family-law/utilities/workflow_output/parsed_data/yaml/form_12_interview.yml
2025-08-19 21:20:54,126 - automated_form_processor - INFO - ✓ Successfully processed Form 12
2025-08-19 21:20:54,126 - automated_form_processor - INFO - Processing Form 13: may21-en-fil
2025-08-19 21:20:54,127 - automated_form_processor - INFO - Found form file: /Users/draw/development/docassemble/docassemble_webapp/docassemble/webapp/data/questions/ontario-family-law/utilities/workflow_output/parsed_data/downloads/form_13_-_financial_statement_support_flr-13-may21-en-fil.docx
2025-08-19 21:20:54,127 - automated_form_processor - INFO - Extracting fields from /Users/draw/development/docassemble/docassemble_webapp/docassemble/webapp/data/questions/ontario-family-law/utilities/workflow_output/parsed_data/downloads/form_13_-_financial_statement_support_flr-13-may21-en-fil.docx
2025-08-19 21:20:54,127 - unified_parser_with_gcp - INFO - Starting comprehensive parsing of form_13_-_financial_statement_support_flr-13-may21-en-fil.docx
2025-08-19 21:20:54,127 - unified_parser_with_gcp - INFO - Parsing with OSS native libraries...
2025-08-19 21:20:54,414 - unified_parser_with_gcp - INFO - Parsing tables with OSS libraries...
2025-08-19 21:20:54,415 - unified_parser_with_gcp - INFO - Building consensus from all extraction methods...
2025-08-19 21:20:54,416 - unified_parser_with_gcp - INFO - Validating consistency...
2025-08-19 21:20:54,416 - unified_parser_with_gcp - INFO - Applying Ontario-specific rules...
2025-08-19 21:20:54,417 - automated_form_processor - INFO - Extracted 154 fields using unified parser
2025-08-19 21:20:54,418 - automated_form_processor - INFO - Saved 154 fields to /Users/draw/development/docassemble/docassemble_webapp/docassemble/webapp/data/questions/ontario-family-law/utilities/workflow_output/parsed_data/csv/form_13_fields.csv
2025-08-19 21:20:54,434 - automated_form_processor - INFO - Generated YAML interview: /Users/draw/development/docassemble/docassemble_webapp/docassemble/webapp/data/questions/ontario-family-law/utilities/workflow_output/parsed_data/yaml/form_13_interview.yml
2025-08-19 21:20:54,435 - automated_form_processor - INFO - ✓ Successfully processed Form 13
2025-08-19 21:20:54,436 - automated_form_processor - INFO - Processing Form 13A: may21-en-fil
2025-08-19 21:20:54,436 - automated_form_processor - INFO - Found form file: /Users/draw/development/docassemble/docassemble_webapp/docassemble/webapp/data/questions/ontario-family-law/utilities/workflow_output/parsed_data/downloads/form_13a_-_certificate_financial_disclosure_flr-13a-may21-en-fil.docx
2025-08-19 21:20:54,436 - automated_form_processor - INFO - Extracting fields from /Users/draw/development/docassemble/docassemble_webapp/docassemble/webapp/data/questions/ontario-family-law/utilities/workflow_output/parsed_data/downloads/form_13a_-_certificate_financial_disclosure_flr-13a-may21-en-fil.docx
2025-08-19 21:20:54,436 - unified_parser_with_gcp - INFO - Starting comprehensive parsing of form_13a_-_certificate_financial_disclosure_flr-13a-may21-en-fil.docx
2025-08-19 21:20:54,436 - unified_parser_with_gcp - INFO - Parsing with OSS native libraries...
2025-08-19 21:20:54,617 - unified_parser_with_gcp - INFO - Parsing tables with OSS libraries...
2025-08-19 21:20:54,617 - unified_parser_with_gcp - INFO - Building consensus from all extraction methods...
2025-08-19 21:20:54,618 - unified_parser_with_gcp - INFO - Validating consistency...
2025-08-19 21:20:54,618 - unified_parser_with_gcp - INFO - Applying Ontario-specific rules...
2025-08-19 21:20:54,618 - automated_form_processor - INFO - Extracted 59 fields using unified parser
2025-08-19 21:20:54,619 - automated_form_processor - INFO - Saved 59 fields to /Users/draw/development/docassemble/docassemble_webapp/docassemble/webapp/data/questions/ontario-family-law/utilities/workflow_output/parsed_data/csv/form_13A_fields.csv
2025-08-19 21:20:54,626 - automated_form_processor - INFO - Generated YAML interview: /Users/draw/development/docassemble/docassemble_webapp/docassemble/webapp/data/questions/ontario-family-law/utilities/workflow_output/parsed_data/yaml/form_13A_interview.yml
2025-08-19 21:20:54,627 - automated_form_processor - INFO - ✓ Successfully processed Form 13A
2025-08-19 21:20:54,627 - automated_form_processor - INFO - Processing Form 13B: e
2025-08-19 21:20:54,628 - automated_form_processor - INFO - Found form file: /Users/draw/development/docassemble/docassemble_webapp/docassemble/webapp/data/questions/ontario-family-law/utilities/workflow_output/parsed_data/downloads/form_13b_-_net_family_property_statement_flr-13b-may09-en-fil-tables.docx
2025-08-19 21:20:54,628 - automated_form_processor - INFO - Extracting fields from /Users/draw/development/docassemble/docassemble_webapp/docassemble/webapp/data/questions/ontario-family-law/utilities/workflow_output/parsed_data/downloads/form_13b_-_net_family_property_statement_flr-13b-may09-en-fil-tables.docx
2025-08-19 21:20:54,628 - unified_parser_with_gcp - INFO - Starting comprehensive parsing of form_13b_-_net_family_property_statement_flr-13b-may09-en-fil-tables.docx
2025-08-19 21:20:54,628 - unified_parser_with_gcp - INFO - Parsing with OSS native libraries...
2025-08-19 21:20:54,685 - unified_parser_with_gcp - INFO - Parsing tables with OSS libraries...
2025-08-19 21:20:54,685 - unified_parser_with_gcp - INFO - Building consensus from all extraction methods...
2025-08-19 21:20:54,685 - unified_parser_with_gcp - INFO - Validating consistency...
2025-08-19 21:20:54,685 - unified_parser_with_gcp - INFO - Applying Ontario-specific rules...
2025-08-19 21:20:54,686 - automated_form_processor - INFO - Extracted 31 fields using unified parser
2025-08-19 21:20:54,686 - automated_form_processor - INFO - Saved 31 fields to /Users/draw/development/docassemble/docassemble_webapp/docassemble/webapp/data/questions/ontario-family-law/utilities/workflow_output/parsed_data/csv/form_13B_fields.csv
2025-08-19 21:20:54,691 - automated_form_processor - INFO - Generated YAML interview: /Users/draw/development/docassemble/docassemble_webapp/docassemble/webapp/data/questions/ontario-family-law/utilities/workflow_output/parsed_data/yaml/form_13B_interview.yml
2025-08-19 21:20:54,691 - automated_form_processor - INFO - ✓ Successfully processed Form 13B
2025-08-19 21:20:54,692 - automated_form_processor - INFO - Processing Form 13C: may21-en-fil
2025-08-19 21:20:54,692 - automated_form_processor - INFO - Found form file: /Users/draw/development/docassemble/docassemble_webapp/docassemble/webapp/data/questions/ontario-family-law/utilities/workflow_output/parsed_data/downloads/form_13c_-_comparison_net_family_property_flr-13c-may21-en-fil.docx
2025-08-19 21:20:54,692 - automated_form_processor - INFO - Extracting fields from /Users/draw/development/docassemble/docassemble_webapp/docassemble/webapp/data/questions/ontario-family-law/utilities/workflow_output/parsed_data/downloads/form_13c_-_comparison_net_family_property_flr-13c-may21-en-fil.docx
2025-08-19 21:20:54,692 - unified_parser_with_gcp - INFO - Starting comprehensive parsing of form_13c_-_comparison_net_family_property_flr-13c-may21-en-fil.docx
2025-08-19 21:20:54,692 - unified_parser_with_gcp - INFO - Parsing with OSS native libraries...
2025-08-19 21:20:54,805 - unified_parser_with_gcp - INFO - Parsing tables with OSS libraries...
2025-08-19 21:20:54,805 - unified_parser_with_gcp - INFO - Building consensus from all extraction methods...
2025-08-19 21:20:54,805 - unified_parser_with_gcp - INFO - Validating consistency...
2025-08-19 21:20:54,805 - unified_parser_with_gcp - INFO - Applying Ontario-specific rules...
2025-08-19 21:20:54,806 - automated_form_processor - INFO - Extracted 64 fields using unified parser
2025-08-19 21:20:54,806 - automated_form_processor - INFO - Saved 64 fields to /Users/draw/development/docassemble/docassemble_webapp/docassemble/webapp/data/questions/ontario-family-law/utilities/workflow_output/parsed_data/csv/form_13C_fields.csv
2025-08-19 21:20:54,814 - automated_form_processor - INFO - Generated YAML interview: /Users/draw/development/docassemble/docassemble_webapp/docassemble/webapp/data/questions/ontario-family-law/utilities/workflow_output/parsed_data/yaml/form_13C_interview.yml
2025-08-19 21:20:54,814 - automated_form_processor - INFO - ✓ Successfully processed Form 13C
2025-08-19 21:20:54,815 - automated_form_processor - INFO - Processing Form 14: form_14_2018
2025-08-19 21:20:54,815 - automated_form_processor - INFO - Found form file: /Users/draw/development/docassemble/docassemble_webapp/docassemble/webapp/data/questions/ontario-family-law/utilities/workflow_output/parsed_data/downloads/form_14b_-_motion_form_flr-14b-0921-en.docx
2025-08-19 21:20:54,815 - automated_form_processor - INFO - Extracting fields from /Users/draw/development/docassemble/docassemble_webapp/docassemble/webapp/data/questions/ontario-family-law/utilities/workflow_output/parsed_data/downloads/form_14b_-_motion_form_flr-14b-0921-en.docx
2025-08-19 21:20:54,815 - unified_parser_with_gcp - INFO - Starting comprehensive parsing of form_14b_-_motion_form_flr-14b-0921-en.docx
2025-08-19 21:20:54,815 - unified_parser_with_gcp - INFO - Parsing with OSS native libraries...
2025-08-19 21:20:54,864 - unified_parser_with_gcp - INFO - Parsing tables with OSS libraries...
2025-08-19 21:20:54,865 - unified_parser_with_gcp - INFO - Building consensus from all extraction methods...
2025-08-19 21:20:54,865 - unified_parser_with_gcp - INFO - Validating consistency...
2025-08-19 21:20:54,865 - unified_parser_with_gcp - INFO - Applying Ontario-specific rules...
2025-08-19 21:20:54,865 - automated_form_processor - INFO - Extracted 28 fields using unified parser
2025-08-19 21:20:54,865 - automated_form_processor - INFO - Saved 28 fields to /Users/draw/development/docassemble/docassemble_webapp/docassemble/webapp/data/questions/ontario-family-law/utilities/workflow_output/parsed_data/csv/form_14_fields.csv
2025-08-19 21:20:54,870 - automated_form_processor - INFO - Generated YAML interview: /Users/draw/development/docassemble/docassemble_webapp/docassemble/webapp/data/questions/ontario-family-law/utilities/workflow_output/parsed_data/yaml/form_14_interview.yml
2025-08-19 21:20:54,870 - automated_form_processor - INFO - ✓ Successfully processed Form 14
2025-08-19 21:20:54,871 - automated_form_processor - INFO - Processing Form 14A: e
2025-08-19 21:20:54,872 - automated_form_processor - ERROR - Could not find form file for Form 14A in /Users/draw/development/docassemble/docassemble_webapp/docassemble/webapp/data/questions/ontario-family-law/utilities/workflow_output/parsed_data/downloads
2025-08-19 21:20:54,872 - automated_form_processor - INFO - Expected filename: form_14a.pdf
2025-08-19 21:20:54,872 - automated_form_processor - INFO - Available files: ['form_25c_-_adoption_order_flr-25c-may25-en-fil.docx', 'form_37_-_interjurisdictional_support_order_flr-37-apr24-en-fil.docx', 'form_10_-_answer_flr-10-jun25-en-fil.docx', 'form_29_-_request_garnishment_flr-29-apr16-en-fil.docx', 'form_10a_-_reply_flr-10a-e.pdf']...
2025-08-19 21:20:54,872 - automated_form_processor - INFO - Extracting fields from /Users/draw/development/docassemble/docassemble_webapp/docassemble/webapp/data/questions/ontario-family-law/utilities/workflow_output/parsed_data/downloads/form_14a.pdf
2025-08-19 21:20:54,872 - unified_parser_with_gcp - INFO - Starting comprehensive parsing of form_14a.pdf
2025-08-19 21:20:54,872 - unified_parser_with_gcp - INFO - Parsing with OSS native libraries...
2025-08-19 21:20:54,872 - unified_parser_with_gcp - INFO - Parsing tables with OSS libraries...
2025-08-19 21:20:54,872 - unified_parser_with_gcp - INFO - Building consensus from all extraction methods...
2025-08-19 21:20:54,872 - unified_parser_with_gcp - INFO - Validating consistency...
2025-08-19 21:20:54,872 - unified_parser_with_gcp - INFO - Applying Ontario-specific rules...
2025-08-19 21:20:54,872 - automated_form_processor - INFO - Extracted 0 fields using unified parser
2025-08-19 21:20:54,872 - automated_form_processor - INFO - Saved 0 fields to /Users/draw/development/docassemble/docassemble_webapp/docassemble/webapp/data/questions/ontario-family-law/utilities/workflow_output/parsed_data/csv/form_14A_fields.csv
2025-08-19 21:20:54,874 - automated_form_processor - INFO - Generated YAML interview: /Users/draw/development/docassemble/docassemble_webapp/docassemble/webapp/data/questions/ontario-family-law/utilities/workflow_output/parsed_data/yaml/form_14A_interview.yml
2025-08-19 21:20:54,875 - automated_form_processor - INFO - ✓ Successfully processed Form 14A
2025-08-19 21:20:54,875 - automated_form_processor - INFO - Processing Form 14B: 0921-en
2025-08-19 21:20:54,875 - automated_form_processor - INFO - Found form file: /Users/draw/development/docassemble/docassemble_webapp/docassemble/webapp/data/questions/ontario-family-law/utilities/workflow_output/parsed_data/downloads/form_14b_-_motion_form_flr-14b-0921-en.docx
2025-08-19 21:20:54,876 - automated_form_processor - INFO - Extracting fields from /Users/draw/development/docassemble/docassemble_webapp/docassemble/webapp/data/questions/ontario-family-law/utilities/workflow_output/parsed_data/downloads/form_14b_-_motion_form_flr-14b-0921-en.docx
2025-08-19 21:20:54,876 - unified_parser_with_gcp - INFO - Starting comprehensive parsing of form_14b_-_motion_form_flr-14b-0921-en.docx
2025-08-19 21:20:54,876 - unified_parser_with_gcp - INFO - Parsing with OSS native libraries...
2025-08-19 21:20:54,923 - unified_parser_with_gcp - INFO - Parsing tables with OSS libraries...
2025-08-19 21:20:54,923 - unified_parser_with_gcp - INFO - Building consensus from all extraction methods...
2025-08-19 21:20:54,923 - unified_parser_with_gcp - INFO - Validating consistency...
2025-08-19 21:20:54,923 - unified_parser_with_gcp - INFO - Applying Ontario-specific rules...
2025-08-19 21:20:54,923 - automated_form_processor - INFO - Extracted 28 fields using unified parser
2025-08-19 21:20:54,924 - automated_form_processor - INFO - Saved 28 fields to /Users/draw/development/docassemble/docassemble_webapp/docassemble/webapp/data/questions/ontario-family-law/utilities/workflow_output/parsed_data/csv/form_14B_fields.csv
2025-08-19 21:20:54,928 - automated_form_processor - INFO - Generated YAML interview: /Users/draw/development/docassemble/docassemble_webapp/docassemble/webapp/data/questions/ontario-family-law/utilities/workflow_output/parsed_data/yaml/form_14B_interview.yml
2025-08-19 21:20:54,929 - automated_form_processor - INFO - ✓ Successfully processed Form 14B
2025-08-19 21:20:54,929 - automated_form_processor - INFO - Processing Form 14C: sep24-en-fil
2025-08-19 21:20:54,930 - automated_form_processor - INFO - Found form file: /Users/draw/development/docassemble/docassemble_webapp/docassemble/webapp/data/questions/ontario-family-law/utilities/workflow_output/parsed_data/downloads/form_14c_-_confirmation_motion_flr-14c-sep24-en-fil.docx
2025-08-19 21:20:54,930 - automated_form_processor - INFO - Extracting fields from /Users/draw/development/docassemble/docassemble_webapp/docassemble/webapp/data/questions/ontario-family-law/utilities/workflow_output/parsed_data/downloads/form_14c_-_confirmation_motion_flr-14c-sep24-en-fil.docx
2025-08-19 21:20:54,930 - unified_parser_with_gcp - INFO - Starting comprehensive parsing of form_14c_-_confirmation_motion_flr-14c-sep24-en-fil.docx
2025-08-19 21:20:54,930 - unified_parser_with_gcp - INFO - Parsing with OSS native libraries...
2025-08-19 21:20:55,028 - unified_parser_with_gcp - INFO - Parsing tables with OSS libraries...
2025-08-19 21:20:55,028 - unified_parser_with_gcp - INFO - Building consensus from all extraction methods...
2025-08-19 21:20:55,029 - unified_parser_with_gcp - INFO - Validating consistency...
2025-08-19 21:20:55,029 - unified_parser_with_gcp - INFO - Applying Ontario-specific rules...
2025-08-19 21:20:55,029 - automated_form_processor - INFO - Extracted 39 fields using unified parser
2025-08-19 21:20:55,030 - automated_form_processor - INFO - Saved 39 fields to /Users/draw/development/docassemble/docassemble_webapp/docassemble/webapp/data/questions/ontario-family-law/utilities/workflow_output/parsed_data/csv/form_14C_fields.csv
2025-08-19 21:20:55,035 - automated_form_processor - INFO - Generated YAML interview: /Users/draw/development/docassemble/docassemble_webapp/docassemble/webapp/data/questions/ontario-family-law/utilities/workflow_output/parsed_data/yaml/form_14C_interview.yml
2025-08-19 21:20:55,035 - automated_form_processor - INFO - ✓ Successfully processed Form 14C
2025-08-19 21:20:55,036 - automated_form_processor - INFO - Processing Form 14D: e
2025-08-19 21:20:55,036 - automated_form_processor - ERROR - Could not find form file for Form 14D in /Users/draw/development/docassemble/docassemble_webapp/docassemble/webapp/data/questions/ontario-family-law/utilities/workflow_output/parsed_data/downloads
2025-08-19 21:20:55,036 - automated_form_processor - INFO - Expected filename: form_14d.pdf
2025-08-19 21:20:55,036 - automated_form_processor - INFO - Available files: ['form_25c_-_adoption_order_flr-25c-may25-en-fil.docx', 'form_37_-_interjurisdictional_support_order_flr-37-apr24-en-fil.docx', 'form_10_-_answer_flr-10-jun25-en-fil.docx', 'form_29_-_request_garnishment_flr-29-apr16-en-fil.docx', 'form_10a_-_reply_flr-10a-e.pdf']...
2025-08-19 21:20:55,036 - automated_form_processor - INFO - Extracting fields from /Users/draw/development/docassemble/docassemble_webapp/docassemble/webapp/data/questions/ontario-family-law/utilities/workflow_output/parsed_data/downloads/form_14d.pdf
2025-08-19 21:20:55,036 - unified_parser_with_gcp - INFO - Starting comprehensive parsing of form_14d.pdf
2025-08-19 21:20:55,036 - unified_parser_with_gcp - INFO - Parsing with OSS native libraries...
2025-08-19 21:20:55,036 - unified_parser_with_gcp - INFO - Parsing tables with OSS libraries...
2025-08-19 21:20:55,036 - unified_parser_with_gcp - INFO - Building consensus from all extraction methods...
2025-08-19 21:20:55,036 - unified_parser_with_gcp - INFO - Validating consistency...
2025-08-19 21:20:55,036 - unified_parser_with_gcp - INFO - Applying Ontario-specific rules...
2025-08-19 21:20:55,036 - automated_form_processor - INFO - Extracted 0 fields using unified parser
2025-08-19 21:20:55,036 - automated_form_processor - INFO - Saved 0 fields to /Users/draw/development/docassemble/docassemble_webapp/docassemble/webapp/data/questions/ontario-family-law/utilities/workflow_output/parsed_data/csv/form_14D_fields.csv
2025-08-19 21:20:55,038 - automated_form_processor - INFO - Generated YAML interview: /Users/draw/development/docassemble/docassemble_webapp/docassemble/webapp/data/questions/ontario-family-law/utilities/workflow_output/parsed_data/yaml/form_14D_interview.yml
2025-08-19 21:20:55,038 - automated_form_processor - INFO - ✓ Successfully processed Form 14D
2025-08-19 21:20:55,039 - automated_form_processor - INFO - Processing Form 15: 0921-en
2025-08-19 21:20:55,039 - automated_form_processor - INFO - Found form file: /Users/draw/development/docassemble/docassemble_webapp/docassemble/webapp/data/questions/ontario-family-law/utilities/workflow_output/parsed_data/downloads/form_15_-_motion_to_change_flr-15-0921-en.docx
2025-08-19 21:20:55,039 - automated_form_processor - INFO - Extracting fields from /Users/draw/development/docassemble/docassemble_webapp/docassemble/webapp/data/questions/ontario-family-law/utilities/workflow_output/parsed_data/downloads/form_15_-_motion_to_change_flr-15-0921-en.docx
2025-08-19 21:20:55,039 - unified_parser_with_gcp - INFO - Starting comprehensive parsing of form_15_-_motion_to_change_flr-15-0921-en.docx
2025-08-19 21:20:55,039 - unified_parser_with_gcp - INFO - Parsing with OSS native libraries...
2025-08-19 21:20:55,235 - unified_parser_with_gcp - INFO - Parsing tables with OSS libraries...
2025-08-19 21:20:55,235 - unified_parser_with_gcp - INFO - Building consensus from all extraction methods...
2025-08-19 21:20:55,236 - unified_parser_with_gcp - INFO - Validating consistency...
2025-08-19 21:20:55,236 - unified_parser_with_gcp - INFO - Applying Ontario-specific rules...
2025-08-19 21:20:55,237 - automated_form_processor - INFO - Extracted 121 fields using unified parser
2025-08-19 21:20:55,238 - automated_form_processor - INFO - Saved 121 fields to /Users/draw/development/docassemble/docassemble_webapp/docassemble/webapp/data/questions/ontario-family-law/utilities/workflow_output/parsed_data/csv/form_15_fields.csv
2025-08-19 21:20:55,250 - automated_form_processor - INFO - Generated YAML interview: /Users/draw/development/docassemble/docassemble_webapp/docassemble/webapp/data/questions/ontario-family-law/utilities/workflow_output/parsed_data/yaml/form_15_interview.yml
2025-08-19 21:20:55,251 - automated_form_processor - INFO - ✓ Successfully processed Form 15
2025-08-19 21:20:55,251 - automated_form_processor - INFO - Processing Form 15B: form-15b-en-dec20
2025-08-19 21:20:55,251 - automated_form_processor - INFO - Found form file: /Users/draw/development/docassemble/docassemble_webapp/docassemble/webapp/data/questions/ontario-family-law/utilities/workflow_output/parsed_data/downloads/form_15b_-_response_motion_to_change_form-15b-en-dec20.docx
2025-08-19 21:20:55,251 - automated_form_processor - INFO - Extracting fields from /Users/draw/development/docassemble/docassemble_webapp/docassemble/webapp/data/questions/ontario-family-law/utilities/workflow_output/parsed_data/downloads/form_15b_-_response_motion_to_change_form-15b-en-dec20.docx
2025-08-19 21:20:55,252 - unified_parser_with_gcp - INFO - Starting comprehensive parsing of form_15b_-_response_motion_to_change_form-15b-en-dec20.docx
2025-08-19 21:20:55,252 - unified_parser_with_gcp - INFO - Parsing with OSS native libraries...
2025-08-19 21:20:55,447 - unified_parser_with_gcp - INFO - Parsing tables with OSS libraries...
2025-08-19 21:20:55,447 - unified_parser_with_gcp - INFO - Building consensus from all extraction methods...
2025-08-19 21:20:55,448 - unified_parser_with_gcp - INFO - Validating consistency...
2025-08-19 21:20:55,448 - unified_parser_with_gcp - INFO - Applying Ontario-specific rules...
2025-08-19 21:20:55,448 - automated_form_processor - INFO - Extracted 97 fields using unified parser
2025-08-19 21:20:55,449 - automated_form_processor - INFO - Saved 97 fields to /Users/draw/development/docassemble/docassemble_webapp/docassemble/webapp/data/questions/ontario-family-law/utilities/workflow_output/parsed_data/csv/form_15B_fields.csv
2025-08-19 21:20:55,459 - automated_form_processor - INFO - Generated YAML interview: /Users/draw/development/docassemble/docassemble_webapp/docassemble/webapp/data/questions/ontario-family-law/utilities/workflow_output/parsed_data/yaml/form_15B_interview.yml
2025-08-19 21:20:55,460 - automated_form_processor - INFO - ✓ Successfully processed Form 15B
2025-08-19 21:20:55,461 - automated_form_processor - INFO - Processing Form 15C: form-15c-en-dec20
2025-08-19 21:20:55,461 - automated_form_processor - INFO - Found form file: /Users/draw/development/docassemble/docassemble_webapp/docassemble/webapp/data/questions/ontario-family-law/utilities/workflow_output/parsed_data/downloads/form_15c_-_consent_motion_to_change_form-15c-en-dec20.docx
2025-08-19 21:20:55,461 - automated_form_processor - INFO - Extracting fields from /Users/draw/development/docassemble/docassemble_webapp/docassemble/webapp/data/questions/ontario-family-law/utilities/workflow_output/parsed_data/downloads/form_15c_-_consent_motion_to_change_form-15c-en-dec20.docx
2025-08-19 21:20:55,461 - unified_parser_with_gcp - INFO - Starting comprehensive parsing of form_15c_-_consent_motion_to_change_form-15c-en-dec20.docx
2025-08-19 21:20:55,461 - unified_parser_with_gcp - INFO - Parsing with OSS native libraries...
2025-08-19 21:20:55,821 - unified_parser_with_gcp - INFO - Parsing tables with OSS libraries...
2025-08-19 21:20:55,821 - unified_parser_with_gcp - INFO - Building consensus from all extraction methods...
2025-08-19 21:20:55,822 - unified_parser_with_gcp - INFO - Validating consistency...
2025-08-19 21:20:55,822 - unified_parser_with_gcp - INFO - Applying Ontario-specific rules...
2025-08-19 21:20:55,823 - automated_form_processor - INFO - Extracted 105 fields using unified parser
2025-08-19 21:20:55,824 - automated_form_processor - INFO - Saved 105 fields to /Users/draw/development/docassemble/docassemble_webapp/docassemble/webapp/data/questions/ontario-family-law/utilities/workflow_output/parsed_data/csv/form_15C_fields.csv
2025-08-19 21:20:55,836 - automated_form_processor - INFO - Generated YAML interview: /Users/draw/development/docassemble/docassemble_webapp/docassemble/webapp/data/questions/ontario-family-law/utilities/workflow_output/parsed_data/yaml/form_15C_interview.yml
2025-08-19 21:20:55,836 - automated_form_processor - INFO - ✓ Successfully processed Form 15C
2025-08-19 21:20:55,837 - automated_form_processor - INFO - Processing Form 15D: form-15d-en-dec20
2025-08-19 21:20:55,837 - automated_form_processor - ERROR - Could not find form file for Form 15D in /Users/draw/development/docassemble/docassemble_webapp/docassemble/webapp/data/questions/ontario-family-law/utilities/workflow_output/parsed_data/downloads
2025-08-19 21:20:55,837 - automated_form_processor - INFO - Expected filename: form_15d.pdf
2025-08-19 21:20:55,837 - automated_form_processor - INFO - Available files: ['form_25c_-_adoption_order_flr-25c-may25-en-fil.docx', 'form_37_-_interjurisdictional_support_order_flr-37-apr24-en-fil.docx', 'form_10_-_answer_flr-10-jun25-en-fil.docx', 'form_29_-_request_garnishment_flr-29-apr16-en-fil.docx', 'form_10a_-_reply_flr-10a-e.pdf']...
2025-08-19 21:20:55,837 - automated_form_processor - INFO - Extracting fields from /Users/draw/development/docassemble/docassemble_webapp/docassemble/webapp/data/questions/ontario-family-law/utilities/workflow_output/parsed_data/downloads/form_15d.pdf
2025-08-19 21:20:55,837 - unified_parser_with_gcp - INFO - Starting comprehensive parsing of form_15d.pdf
2025-08-19 21:20:55,837 - unified_parser_with_gcp - INFO - Parsing with OSS native libraries...
2025-08-19 21:20:55,838 - unified_parser_with_gcp - INFO - Parsing tables with OSS libraries...
2025-08-19 21:20:55,838 - unified_parser_with_gcp - INFO - Building consensus from all extraction methods...
2025-08-19 21:20:55,838 - unified_parser_with_gcp - INFO - Validating consistency...
2025-08-19 21:20:55,838 - unified_parser_with_gcp - INFO - Applying Ontario-specific rules...
2025-08-19 21:20:55,838 - automated_form_processor - INFO - Extracted 0 fields using unified parser
2025-08-19 21:20:55,838 - automated_form_processor - INFO - Saved 0 fields to /Users/draw/development/docassemble/docassemble_webapp/docassemble/webapp/data/questions/ontario-family-law/utilities/workflow_output/parsed_data/csv/form_15D_fields.csv
2025-08-19 21:20:55,839 - automated_form_processor - INFO - Generated YAML interview: /Users/draw/development/docassemble/docassemble_webapp/docassemble/webapp/data/questions/ontario-family-law/utilities/workflow_output/parsed_data/yaml/form_15D_interview.yml
2025-08-19 21:20:55,840 - automated_form_processor - INFO - ✓ Successfully processed Form 15D
2025-08-19 21:20:55,840 - automated_form_processor - INFO - Processing Form 17: nov18-en-fil
2025-08-19 21:20:55,841 - automated_form_processor - INFO - Found form file: /Users/draw/development/docassemble/docassemble_webapp/docassemble/webapp/data/questions/ontario-family-law/utilities/workflow_output/parsed_data/downloads/form_17a_-_case_conference_brief_flr-17a-sep23-en.docx
2025-08-19 21:20:55,841 - automated_form_processor - INFO - Extracting fields from /Users/draw/development/docassemble/docassemble_webapp/docassemble/webapp/data/questions/ontario-family-law/utilities/workflow_output/parsed_data/downloads/form_17a_-_case_conference_brief_flr-17a-sep23-en.docx
2025-08-19 21:20:55,841 - unified_parser_with_gcp - INFO - Starting comprehensive parsing of form_17a_-_case_conference_brief_flr-17a-sep23-en.docx
2025-08-19 21:20:55,841 - unified_parser_with_gcp - INFO - Parsing with OSS native libraries...
2025-08-19 21:20:55,995 - unified_parser_with_gcp - INFO - Parsing tables with OSS libraries...
2025-08-19 21:20:55,995 - unified_parser_with_gcp - INFO - Building consensus from all extraction methods...
2025-08-19 21:20:55,996 - unified_parser_with_gcp - INFO - Validating consistency...
2025-08-19 21:20:55,996 - unified_parser_with_gcp - INFO - Applying Ontario-specific rules...
2025-08-19 21:20:56,016 - automated_form_processor - INFO - Extracted 66 fields using unified parser
2025-08-19 21:20:56,017 - automated_form_processor - INFO - Saved 66 fields to /Users/draw/development/docassemble/docassemble_webapp/docassemble/webapp/data/questions/ontario-family-law/utilities/workflow_output/parsed_data/csv/form_17_fields.csv
2025-08-19 21:20:56,025 - automated_form_processor - INFO - Generated YAML interview: /Users/draw/development/docassemble/docassemble_webapp/docassemble/webapp/data/questions/ontario-family-law/utilities/workflow_output/parsed_data/yaml/form_17_interview.yml
2025-08-19 21:20:56,026 - automated_form_processor - INFO - ✓ Successfully processed Form 17
2025-08-19 21:20:56,027 - automated_form_processor - INFO - Processing Form 17A: sep23-en
2025-08-19 21:20:56,027 - automated_form_processor - INFO - Found form file: /Users/draw/development/docassemble/docassemble_webapp/docassemble/webapp/data/questions/ontario-family-law/utilities/workflow_output/parsed_data/downloads/form_17a_-_case_conference_brief_flr-17a-sep23-en.docx
2025-08-19 21:20:56,027 - automated_form_processor - INFO - Extracting fields from /Users/draw/development/docassemble/docassemble_webapp/docassemble/webapp/data/questions/ontario-family-law/utilities/workflow_output/parsed_data/downloads/form_17a_-_case_conference_brief_flr-17a-sep23-en.docx
2025-08-19 21:20:56,027 - unified_parser_with_gcp - INFO - Starting comprehensive parsing of form_17a_-_case_conference_brief_flr-17a-sep23-en.docx
2025-08-19 21:20:56,027 - unified_parser_with_gcp - INFO - Parsing with OSS native libraries...
2025-08-19 21:20:56,171 - unified_parser_with_gcp - INFO - Parsing tables with OSS libraries...
2025-08-19 21:20:56,171 - unified_parser_with_gcp - INFO - Building consensus from all extraction methods...
2025-08-19 21:20:56,171 - unified_parser_with_gcp - INFO - Validating consistency...
2025-08-19 21:20:56,171 - unified_parser_with_gcp - INFO - Applying Ontario-specific rules...
2025-08-19 21:20:56,205 - automated_form_processor - INFO - Extracted 66 fields using unified parser
2025-08-19 21:20:56,206 - automated_form_processor - INFO - Saved 66 fields to /Users/draw/development/docassemble/docassemble_webapp/docassemble/webapp/data/questions/ontario-family-law/utilities/workflow_output/parsed_data/csv/form_17A_fields.csv
2025-08-19 21:20:56,214 - automated_form_processor - INFO - Generated YAML interview: /Users/draw/development/docassemble/docassemble_webapp/docassemble/webapp/data/questions/ontario-family-law/utilities/workflow_output/parsed_data/yaml/form_17A_interview.yml
2025-08-19 21:20:56,215 - automated_form_processor - INFO - ✓ Successfully processed Form 17A
2025-08-19 21:20:56,215 - automated_form_processor - INFO - Processing Form 17B: form_17b_2018
2025-08-19 21:20:56,216 - automated_form_processor - ERROR - Could not find form file for Form 17B in /Users/draw/development/docassemble/docassemble_webapp/docassemble/webapp/data/questions/ontario-family-law/utilities/workflow_output/parsed_data/downloads
2025-08-19 21:20:56,216 - automated_form_processor - INFO - Expected filename: form_17b.pdf
2025-08-19 21:20:56,216 - automated_form_processor - INFO - Available files: ['form_25c_-_adoption_order_flr-25c-may25-en-fil.docx', 'form_37_-_interjurisdictional_support_order_flr-37-apr24-en-fil.docx', 'form_10_-_answer_flr-10-jun25-en-fil.docx', 'form_29_-_request_garnishment_flr-29-apr16-en-fil.docx', 'form_10a_-_reply_flr-10a-e.pdf']...
2025-08-19 21:20:56,216 - automated_form_processor - INFO - Extracting fields from /Users/draw/development/docassemble/docassemble_webapp/docassemble/webapp/data/questions/ontario-family-law/utilities/workflow_output/parsed_data/downloads/form_17b.pdf
2025-08-19 21:20:56,216 - unified_parser_with_gcp - INFO - Starting comprehensive parsing of form_17b.pdf
2025-08-19 21:20:56,216 - unified_parser_with_gcp - INFO - Parsing with OSS native libraries...
2025-08-19 21:20:56,216 - unified_parser_with_gcp - INFO - Parsing tables with OSS libraries...
2025-08-19 21:20:56,216 - unified_parser_with_gcp - INFO - Building consensus from all extraction methods...
2025-08-19 21:20:56,216 - unified_parser_with_gcp - INFO - Validating consistency...
2025-08-19 21:20:56,216 - unified_parser_with_gcp - INFO - Applying Ontario-specific rules...
2025-08-19 21:20:56,216 - automated_form_processor - INFO - Extracted 0 fields using unified parser
2025-08-19 21:20:56,216 - automated_form_processor - INFO - Saved 0 fields to /Users/draw/development/docassemble/docassemble_webapp/docassemble/webapp/data/questions/ontario-family-law/utilities/workflow_output/parsed_data/csv/form_17B_fields.csv
2025-08-19 21:20:56,218 - automated_form_processor - INFO - Generated YAML interview: /Users/draw/development/docassemble/docassemble_webapp/docassemble/webapp/data/questions/ontario-family-law/utilities/workflow_output/parsed_data/yaml/form_17B_interview.yml
2025-08-19 21:20:56,218 - automated_form_processor - INFO - ✓ Successfully processed Form 17B
2025-08-19 21:20:56,218 - automated_form_processor - INFO - Processing Form 17C: sep23-en
2025-08-19 21:20:56,219 - automated_form_processor - INFO - Found form file: /Users/draw/development/docassemble/docassemble_webapp/docassemble/webapp/data/questions/ontario-family-law/utilities/workflow_output/parsed_data/downloads/form_17c_-_settlement_conference_brief_flr-17c-sep23-en.docx
2025-08-19 21:20:56,219 - automated_form_processor - INFO - Extracting fields from /Users/draw/development/docassemble/docassemble_webapp/docassemble/webapp/data/questions/ontario-family-law/utilities/workflow_output/parsed_data/downloads/form_17c_-_settlement_conference_brief_flr-17c-sep23-en.docx
2025-08-19 21:20:56,219 - unified_parser_with_gcp - INFO - Starting comprehensive parsing of form_17c_-_settlement_conference_brief_flr-17c-sep23-en.docx
2025-08-19 21:20:56,219 - unified_parser_with_gcp - INFO - Parsing with OSS native libraries...
2025-08-19 21:20:56,358 - unified_parser_with_gcp - INFO - Parsing tables with OSS libraries...
2025-08-19 21:20:56,359 - unified_parser_with_gcp - INFO - Building consensus from all extraction methods...
2025-08-19 21:20:56,359 - unified_parser_with_gcp - INFO - Validating consistency...
2025-08-19 21:20:56,359 - unified_parser_with_gcp - INFO - Applying Ontario-specific rules...
2025-08-19 21:20:56,360 - automated_form_processor - INFO - Extracted 74 fields using unified parser
2025-08-19 21:20:56,361 - automated_form_processor - INFO - Saved 74 fields to /Users/draw/development/docassemble/docassemble_webapp/docassemble/webapp/data/questions/ontario-family-law/utilities/workflow_output/parsed_data/csv/form_17C_fields.csv
2025-08-19 21:20:56,369 - automated_form_processor - INFO - Generated YAML interview: /Users/draw/development/docassemble/docassemble_webapp/docassemble/webapp/data/questions/ontario-family-law/utilities/workflow_output/parsed_data/yaml/form_17C_interview.yml
2025-08-19 21:20:56,370 - automated_form_processor - INFO - ✓ Successfully processed Form 17C
2025-08-19 21:20:56,370 - automated_form_processor - INFO - Processing Form 17D: sep23-en
2025-08-19 21:20:56,371 - automated_form_processor - ERROR - Could not find form file for Form 17D in /Users/draw/development/docassemble/docassemble_webapp/docassemble/webapp/data/questions/ontario-family-law/utilities/workflow_output/parsed_data/downloads
2025-08-19 21:20:56,371 - automated_form_processor - INFO - Expected filename: form_17d.pdf
2025-08-19 21:20:56,371 - automated_form_processor - INFO - Available files: ['form_25c_-_adoption_order_flr-25c-may25-en-fil.docx', 'form_37_-_interjurisdictional_support_order_flr-37-apr24-en-fil.docx', 'form_10_-_answer_flr-10-jun25-en-fil.docx', 'form_29_-_request_garnishment_flr-29-apr16-en-fil.docx', 'form_10a_-_reply_flr-10a-e.pdf']...
2025-08-19 21:20:56,371 - automated_form_processor - INFO - Extracting fields from /Users/draw/development/docassemble/docassemble_webapp/docassemble/webapp/data/questions/ontario-family-law/utilities/workflow_output/parsed_data/downloads/form_17d.pdf
2025-08-19 21:20:56,371 - unified_parser_with_gcp - INFO - Starting comprehensive parsing of form_17d.pdf
2025-08-19 21:20:56,371 - unified_parser_with_gcp - INFO - Parsing with OSS native libraries...
2025-08-19 21:20:56,371 - unified_parser_with_gcp - INFO - Parsing tables with OSS libraries...
2025-08-19 21:20:56,371 - unified_parser_with_gcp - INFO - Building consensus from all extraction methods...
2025-08-19 21:20:56,371 - unified_parser_with_gcp - INFO - Validating consistency...
2025-08-19 21:20:56,371 - unified_parser_with_gcp - INFO - Applying Ontario-specific rules...
2025-08-19 21:20:56,371 - automated_form_processor - INFO - Extracted 0 fields using unified parser
2025-08-19 21:20:56,371 - automated_form_processor - INFO - Saved 0 fields to /Users/draw/development/docassemble/docassemble_webapp/docassemble/webapp/data/questions/ontario-family-law/utilities/workflow_output/parsed_data/csv/form_17D_fields.csv
2025-08-19 21:20:56,373 - automated_form_processor - INFO - Generated YAML interview: /Users/draw/development/docassemble/docassemble_webapp/docassemble/webapp/data/questions/ontario-family-law/utilities/workflow_output/parsed_data/yaml/form_17D_interview.yml
2025-08-19 21:20:56,373 - automated_form_processor - INFO - ✓ Successfully processed Form 17D
2025-08-19 21:20:56,374 - automated_form_processor - INFO - Processing Form 17E: sep23-en
2025-08-19 21:20:56,374 - automated_form_processor - ERROR - Could not find form file for Form 17E in /Users/draw/development/docassemble/docassemble_webapp/docassemble/webapp/data/questions/ontario-family-law/utilities/workflow_output/parsed_data/downloads
2025-08-19 21:20:56,374 - automated_form_processor - INFO - Expected filename: form_17e.pdf
2025-08-19 21:20:56,374 - automated_form_processor - INFO - Available files: ['form_25c_-_adoption_order_flr-25c-may25-en-fil.docx', 'form_37_-_interjurisdictional_support_order_flr-37-apr24-en-fil.docx', 'form_10_-_answer_flr-10-jun25-en-fil.docx', 'form_29_-_request_garnishment_flr-29-apr16-en-fil.docx', 'form_10a_-_reply_flr-10a-e.pdf']...
2025-08-19 21:20:56,374 - automated_form_processor - INFO - Extracting fields from /Users/draw/development/docassemble/docassemble_webapp/docassemble/webapp/data/questions/ontario-family-law/utilities/workflow_output/parsed_data/downloads/form_17e.pdf
2025-08-19 21:20:56,374 - unified_parser_with_gcp - INFO - Starting comprehensive parsing of form_17e.pdf
2025-08-19 21:20:56,375 - unified_parser_with_gcp - INFO - Parsing with OSS native libraries...
2025-08-19 21:20:56,375 - unified_parser_with_gcp - INFO - Parsing tables with OSS libraries...
2025-08-19 21:20:56,375 - unified_parser_with_gcp - INFO - Building consensus from all extraction methods...
2025-08-19 21:20:56,375 - unified_parser_with_gcp - INFO - Validating consistency...
2025-08-19 21:20:56,375 - unified_parser_with_gcp - INFO - Applying Ontario-specific rules...
2025-08-19 21:20:56,375 - automated_form_processor - INFO - Extracted 0 fields using unified parser
2025-08-19 21:20:56,375 - automated_form_processor - INFO - Saved 0 fields to /Users/draw/development/docassemble/docassemble_webapp/docassemble/webapp/data/questions/ontario-family-law/utilities/workflow_output/parsed_data/csv/form_17E_fields.csv
2025-08-19 21:20:56,376 - automated_form_processor - INFO - Generated YAML interview: /Users/draw/development/docassemble/docassemble_webapp/docassemble/webapp/data/questions/ontario-family-law/utilities/workflow_output/parsed_data/yaml/form_17E_interview.yml
2025-08-19 21:20:56,377 - automated_form_processor - INFO - ✓ Successfully processed Form 17E
2025-08-19 21:20:56,377 - automated_form_processor - INFO - Processing Form 17F: sep24-en-fil
2025-08-19 21:20:56,377 - automated_form_processor - INFO - Found form file: /Users/draw/development/docassemble/docassemble_webapp/docassemble/webapp/data/questions/ontario-family-law/utilities/workflow_output/parsed_data/downloads/form_17f_-_confirmation_conference_flr-17f-sep24-en-fil.docx
2025-08-19 21:20:56,377 - automated_form_processor - INFO - Extracting fields from /Users/draw/development/docassemble/docassemble_webapp/docassemble/webapp/data/questions/ontario-family-law/utilities/workflow_output/parsed_data/downloads/form_17f_-_confirmation_conference_flr-17f-sep24-en-fil.docx
2025-08-19 21:20:56,377 - unified_parser_with_gcp - INFO - Starting comprehensive parsing of form_17f_-_confirmation_conference_flr-17f-sep24-en-fil.docx
2025-08-19 21:20:56,377 - unified_parser_with_gcp - INFO - Parsing with OSS native libraries...
2025-08-19 21:20:56,490 - unified_parser_with_gcp - INFO - Parsing tables with OSS libraries...
2025-08-19 21:20:56,490 - unified_parser_with_gcp - INFO - Building consensus from all extraction methods...
2025-08-19 21:20:56,491 - unified_parser_with_gcp - INFO - Validating consistency...
2025-08-19 21:20:56,491 - unified_parser_with_gcp - INFO - Applying Ontario-specific rules...
2025-08-19 21:20:56,491 - automated_form_processor - INFO - Extracted 42 fields using unified parser
2025-08-19 21:20:56,491 - automated_form_processor - INFO - Saved 42 fields to /Users/draw/development/docassemble/docassemble_webapp/docassemble/webapp/data/questions/ontario-family-law/utilities/workflow_output/parsed_data/csv/form_17F_fields.csv
2025-08-19 21:20:56,498 - automated_form_processor - INFO - Generated YAML interview: /Users/draw/development/docassemble/docassemble_webapp/docassemble/webapp/data/questions/ontario-family-law/utilities/workflow_output/parsed_data/yaml/form_17F_interview.yml
2025-08-19 21:20:56,499 - automated_form_processor - INFO - ✓ Successfully processed Form 17F
2025-08-19 21:20:56,499 - automated_form_processor - INFO - Processing Form 17G: may21-en-fil
2025-08-19 21:20:56,499 - automated_form_processor - ERROR - Could not find form file for Form 17G in /Users/draw/development/docassemble/docassemble_webapp/docassemble/webapp/data/questions/ontario-family-law/utilities/workflow_output/parsed_data/downloads
2025-08-19 21:20:56,500 - automated_form_processor - INFO - Expected filename: form_17g.pdf
2025-08-19 21:20:56,500 - automated_form_processor - INFO - Available files: ['form_25c_-_adoption_order_flr-25c-may25-en-fil.docx', 'form_37_-_interjurisdictional_support_order_flr-37-apr24-en-fil.docx', 'form_10_-_answer_flr-10-jun25-en-fil.docx', 'form_29_-_request_garnishment_flr-29-apr16-en-fil.docx', 'form_10a_-_reply_flr-10a-e.pdf']...
2025-08-19 21:20:56,500 - automated_form_processor - INFO - Extracting fields from /Users/draw/development/docassemble/docassemble_webapp/docassemble/webapp/data/questions/ontario-family-law/utilities/workflow_output/parsed_data/downloads/form_17g.pdf
2025-08-19 21:20:56,500 - unified_parser_with_gcp - INFO - Starting comprehensive parsing of form_17g.pdf
2025-08-19 21:20:56,500 - unified_parser_with_gcp - INFO - Parsing with OSS native libraries...
2025-08-19 21:20:56,500 - unified_parser_with_gcp - INFO - Parsing tables with OSS libraries...
2025-08-19 21:20:56,500 - unified_parser_with_gcp - INFO - Building consensus from all extraction methods...
2025-08-19 21:20:56,500 - unified_parser_with_gcp - INFO - Validating consistency...
2025-08-19 21:20:56,500 - unified_parser_with_gcp - INFO - Applying Ontario-specific rules...
2025-08-19 21:20:56,500 - automated_form_processor - INFO - Extracted 0 fields using unified parser
2025-08-19 21:20:56,500 - automated_form_processor - INFO - Saved 0 fields to /Users/draw/development/docassemble/docassemble_webapp/docassemble/webapp/data/questions/ontario-family-law/utilities/workflow_output/parsed_data/csv/form_17G_fields.csv
2025-08-19 21:20:56,502 - automated_form_processor - INFO - Generated YAML interview: /Users/draw/development/docassemble/docassemble_webapp/docassemble/webapp/data/questions/ontario-family-law/utilities/workflow_output/parsed_data/yaml/form_17G_interview.yml
2025-08-19 21:20:56,502 - automated_form_processor - INFO - ✓ Successfully processed Form 17G
2025-08-19 21:20:56,503 - automated_form_processor - INFO - Processing Form 20: e
2025-08-19 21:20:56,503 - automated_form_processor - INFO - Found form file: /Users/draw/development/docassemble/docassemble_webapp/docassemble/webapp/data/questions/ontario-family-law/utilities/workflow_output/parsed_data/downloads/form_25d_-_order_uncontested_trial_form-25d-en-dec20.docx
2025-08-19 21:20:56,503 - automated_form_processor - INFO - Extracting fields from /Users/draw/development/docassemble/docassemble_webapp/docassemble/webapp/data/questions/ontario-family-law/utilities/workflow_output/parsed_data/downloads/form_25d_-_order_uncontested_trial_form-25d-en-dec20.docx
2025-08-19 21:20:56,503 - unified_parser_with_gcp - INFO - Starting comprehensive parsing of form_25d_-_order_uncontested_trial_form-25d-en-dec20.docx
2025-08-19 21:20:56,503 - unified_parser_with_gcp - INFO - Parsing with OSS native libraries...
2025-08-19 21:20:56,753 - unified_parser_with_gcp - INFO - Parsing tables with OSS libraries...
2025-08-19 21:20:56,753 - unified_parser_with_gcp - INFO - Building consensus from all extraction methods...
2025-08-19 21:20:56,753 - unified_parser_with_gcp - INFO - Validating consistency...
2025-08-19 21:20:56,754 - unified_parser_with_gcp - INFO - Applying Ontario-specific rules...
2025-08-19 21:20:56,754 - automated_form_processor - INFO - Extracted 86 fields using unified parser
2025-08-19 21:20:56,755 - automated_form_processor - INFO - Saved 86 fields to /Users/draw/development/docassemble/docassemble_webapp/docassemble/webapp/data/questions/ontario-family-law/utilities/workflow_output/parsed_data/csv/form_20_fields.csv
2025-08-19 21:20:56,765 - automated_form_processor - INFO - Generated YAML interview: /Users/draw/development/docassemble/docassemble_webapp/docassemble/webapp/data/questions/ontario-family-law/utilities/workflow_output/parsed_data/yaml/form_20_interview.yml
2025-08-19 21:20:56,766 - automated_form_processor - INFO - ✓ Successfully processed Form 20
2025-08-19 21:20:56,766 - automated_form_processor - INFO - Processing Form 20A: e
2025-08-19 21:20:56,767 - automated_form_processor - ERROR - Could not find form file for Form 20A in /Users/draw/development/docassemble/docassemble_webapp/docassemble/webapp/data/questions/ontario-family-law/utilities/workflow_output/parsed_data/downloads
2025-08-19 21:20:56,767 - automated_form_processor - INFO - Expected filename: form_20a.pdf
2025-08-19 21:20:56,767 - automated_form_processor - INFO - Available files: ['form_25c_-_adoption_order_flr-25c-may25-en-fil.docx', 'form_37_-_interjurisdictional_support_order_flr-37-apr24-en-fil.docx', 'form_10_-_answer_flr-10-jun25-en-fil.docx', 'form_29_-_request_garnishment_flr-29-apr16-en-fil.docx', 'form_10a_-_reply_flr-10a-e.pdf']...
2025-08-19 21:20:56,767 - automated_form_processor - INFO - Extracting fields from /Users/draw/development/docassemble/docassemble_webapp/docassemble/webapp/data/questions/ontario-family-law/utilities/workflow_output/parsed_data/downloads/form_20a.pdf
2025-08-19 21:20:56,767 - unified_parser_with_gcp - INFO - Starting comprehensive parsing of form_20a.pdf
2025-08-19 21:20:56,767 - unified_parser_with_gcp - INFO - Parsing with OSS native libraries...
2025-08-19 21:20:56,767 - unified_parser_with_gcp - INFO - Parsing tables with OSS libraries...
2025-08-19 21:20:56,767 - unified_parser_with_gcp - INFO - Building consensus from all extraction methods...
2025-08-19 21:20:56,767 - unified_parser_with_gcp - INFO - Validating consistency...
2025-08-19 21:20:56,767 - unified_parser_with_gcp - INFO - Applying Ontario-specific rules...
2025-08-19 21:20:56,767 - automated_form_processor - INFO - Extracted 0 fields using unified parser
2025-08-19 21:20:56,767 - automated_form_processor - INFO - Saved 0 fields to /Users/draw/development/docassemble/docassemble_webapp/docassemble/webapp/data/questions/ontario-family-law/utilities/workflow_output/parsed_data/csv/form_20A_fields.csv
2025-08-19 21:20:56,769 - automated_form_processor - INFO - Generated YAML interview: /Users/draw/development/docassemble/docassemble_webapp/docassemble/webapp/data/questions/ontario-family-law/utilities/workflow_output/parsed_data/yaml/form_20A_interview.yml
2025-08-19 21:20:56,769 - automated_form_processor - INFO - ✓ Successfully processed Form 20A
2025-08-19 21:20:56,770 - automated_form_processor - INFO - Processing Form 20B: e
2025-08-19 21:20:56,770 - automated_form_processor - ERROR - Could not find form file for Form 20B in /Users/draw/development/docassemble/docassemble_webapp/docassemble/webapp/data/questions/ontario-family-law/utilities/workflow_output/parsed_data/downloads
2025-08-19 21:20:56,770 - automated_form_processor - INFO - Expected filename: form_20b.pdf
2025-08-19 21:20:56,771 - automated_form_processor - INFO - Available files: ['form_25c_-_adoption_order_flr-25c-may25-en-fil.docx', 'form_37_-_interjurisdictional_support_order_flr-37-apr24-en-fil.docx', 'form_10_-_answer_flr-10-jun25-en-fil.docx', 'form_29_-_request_garnishment_flr-29-apr16-en-fil.docx', 'form_10a_-_reply_flr-10a-e.pdf']...
2025-08-19 21:20:56,771 - automated_form_processor - INFO - Extracting fields from /Users/draw/development/docassemble/docassemble_webapp/docassemble/webapp/data/questions/ontario-family-law/utilities/workflow_output/parsed_data/downloads/form_20b.pdf
2025-08-19 21:20:56,771 - unified_parser_with_gcp - INFO - Starting comprehensive parsing of form_20b.pdf
2025-08-19 21:20:56,771 - unified_parser_with_gcp - INFO - Parsing with OSS native libraries...
2025-08-19 21:20:56,771 - unified_parser_with_gcp - INFO - Parsing tables with OSS libraries...
2025-08-19 21:20:56,771 - unified_parser_with_gcp - INFO - Building consensus from all extraction methods...
2025-08-19 21:20:56,771 - unified_parser_with_gcp - INFO - Validating consistency...
2025-08-19 21:20:56,771 - unified_parser_with_gcp - INFO - Applying Ontario-specific rules...
2025-08-19 21:20:56,771 - automated_form_processor - INFO - Extracted 0 fields using unified parser
2025-08-19 21:20:56,771 - automated_form_processor - INFO - Saved 0 fields to /Users/draw/development/docassemble/docassemble_webapp/docassemble/webapp/data/questions/ontario-family-law/utilities/workflow_output/parsed_data/csv/form_20B_fields.csv
2025-08-19 21:20:56,772 - automated_form_processor - INFO - Generated YAML interview: /Users/draw/development/docassemble/docassemble_webapp/docassemble/webapp/data/questions/ontario-family-law/utilities/workflow_output/parsed_data/yaml/form_20B_interview.yml
2025-08-19 21:20:56,773 - automated_form_processor - INFO - ✓ Successfully processed Form 20B
2025-08-19 21:20:56,773 - automated_form_processor - INFO - Processing Form 22: e
2025-08-19 21:20:56,774 - automated_form_processor - INFO - Found form file: /Users/draw/development/docassemble/docassemble_webapp/docassemble/webapp/data/questions/ontario-family-law/utilities/workflow_output/parsed_data/downloads/form_8b_-_application_child_protection_form-8b-feb_1_2022-en.docx
2025-08-19 21:20:56,774 - automated_form_processor - INFO - Extracting fields from /Users/draw/development/docassemble/docassemble_webapp/docassemble/webapp/data/questions/ontario-family-law/utilities/workflow_output/parsed_data/downloads/form_8b_-_application_child_protection_form-8b-feb_1_2022-en.docx
2025-08-19 21:20:56,774 - unified_parser_with_gcp - INFO - Starting comprehensive parsing of form_8b_-_application_child_protection_form-8b-feb_1_2022-en.docx
2025-08-19 21:20:56,774 - unified_parser_with_gcp - INFO - Parsing with OSS native libraries...
2025-08-19 21:20:56,922 - unified_parser_with_gcp - INFO - Parsing tables with OSS libraries...
2025-08-19 21:20:56,923 - unified_parser_with_gcp - INFO - Building consensus from all extraction methods...
2025-08-19 21:20:56,923 - unified_parser_with_gcp - INFO - Validating consistency...
2025-08-19 21:20:56,923 - unified_parser_with_gcp - INFO - Applying Ontario-specific rules...
2025-08-19 21:20:56,924 - automated_form_processor - INFO - Extracted 90 fields using unified parser
2025-08-19 21:20:56,925 - automated_form_processor - INFO - Saved 90 fields to /Users/draw/development/docassemble/docassemble_webapp/docassemble/webapp/data/questions/ontario-family-law/utilities/workflow_output/parsed_data/csv/form_22_fields.csv
2025-08-19 21:20:56,935 - automated_form_processor - INFO - Generated YAML interview: /Users/draw/development/docassemble/docassemble_webapp/docassemble/webapp/data/questions/ontario-family-law/utilities/workflow_output/parsed_data/yaml/form_22_interview.yml
2025-08-19 21:20:56,936 - automated_form_processor - INFO - ✓ Successfully processed Form 22
2025-08-19 21:20:56,936 - automated_form_processor - INFO - Processing Form 22A: e
2025-08-19 21:20:56,937 - automated_form_processor - ERROR - Could not find form file for Form 22A in /Users/draw/development/docassemble/docassemble_webapp/docassemble/webapp/data/questions/ontario-family-law/utilities/workflow_output/parsed_data/downloads
2025-08-19 21:20:56,937 - automated_form_processor - INFO - Expected filename: form_22a.pdf
2025-08-19 21:20:56,937 - automated_form_processor - INFO - Available files: ['form_25c_-_adoption_order_flr-25c-may25-en-fil.docx', 'form_37_-_interjurisdictional_support_order_flr-37-apr24-en-fil.docx', 'form_10_-_answer_flr-10-jun25-en-fil.docx', 'form_29_-_request_garnishment_flr-29-apr16-en-fil.docx', 'form_10a_-_reply_flr-10a-e.pdf']...
2025-08-19 21:20:56,937 - automated_form_processor - INFO - Extracting fields from /Users/draw/development/docassemble/docassemble_webapp/docassemble/webapp/data/questions/ontario-family-law/utilities/workflow_output/parsed_data/downloads/form_22a.pdf
2025-08-19 21:20:56,937 - unified_parser_with_gcp - INFO - Starting comprehensive parsing of form_22a.pdf
2025-08-19 21:20:56,937 - unified_parser_with_gcp - INFO - Parsing with OSS native libraries...
2025-08-19 21:20:56,937 - unified_parser_with_gcp - INFO - Parsing tables with OSS libraries...
2025-08-19 21:20:56,937 - unified_parser_with_gcp - INFO - Building consensus from all extraction methods...
2025-08-19 21:20:56,937 - unified_parser_with_gcp - INFO - Validating consistency...
2025-08-19 21:20:56,937 - unified_parser_with_gcp - INFO - Applying Ontario-specific rules...
2025-08-19 21:20:56,937 - automated_form_processor - INFO - Extracted 0 fields using unified parser
2025-08-19 21:20:56,937 - automated_form_processor - INFO - Saved 0 fields to /Users/draw/development/docassemble/docassemble_webapp/docassemble/webapp/data/questions/ontario-family-law/utilities/workflow_output/parsed_data/csv/form_22A_fields.csv
2025-08-19 21:20:56,939 - automated_form_processor - INFO - Generated YAML interview: /Users/draw/development/docassemble/docassemble_webapp/docassemble/webapp/data/questions/ontario-family-law/utilities/workflow_output/parsed_data/yaml/form_22A_interview.yml
2025-08-19 21:20:56,939 - automated_form_processor - INFO - ✓ Successfully processed Form 22A
2025-08-19 21:20:56,940 - automated_form_processor - INFO - Processing Form 23: sep23-en
2025-08-19 21:20:56,940 - automated_form_processor - INFO - Found form file: /Users/draw/development/docassemble/docassemble_webapp/docassemble/webapp/data/questions/ontario-family-law/utilities/workflow_output/parsed_data/downloads/form_17a_-_case_conference_brief_flr-17a-sep23-en.docx
2025-08-19 21:20:56,940 - automated_form_processor - INFO - Extracting fields from /Users/draw/development/docassemble/docassemble_webapp/docassemble/webapp/data/questions/ontario-family-law/utilities/workflow_output/parsed_data/downloads/form_17a_-_case_conference_brief_flr-17a-sep23-en.docx
2025-08-19 21:20:56,940 - unified_parser_with_gcp - INFO - Starting comprehensive parsing of form_17a_-_case_conference_brief_flr-17a-sep23-en.docx
2025-08-19 21:20:56,940 - unified_parser_with_gcp - INFO - Parsing with OSS native libraries...
2025-08-19 21:20:57,084 - unified_parser_with_gcp - INFO - Parsing tables with OSS libraries...
2025-08-19 21:20:57,084 - unified_parser_with_gcp - INFO - Building consensus from all extraction methods...
2025-08-19 21:20:57,084 - unified_parser_with_gcp - INFO - Validating consistency...
2025-08-19 21:20:57,084 - unified_parser_with_gcp - INFO - Applying Ontario-specific rules...
2025-08-19 21:20:57,086 - automated_form_processor - INFO - Extracted 66 fields using unified parser
2025-08-19 21:20:57,087 - automated_form_processor - INFO - Saved 66 fields to /Users/draw/development/docassemble/docassemble_webapp/docassemble/webapp/data/questions/ontario-family-law/utilities/workflow_output/parsed_data/csv/form_23_fields.csv
2025-08-19 21:20:57,095 - automated_form_processor - INFO - Generated YAML interview: /Users/draw/development/docassemble/docassemble_webapp/docassemble/webapp/data/questions/ontario-family-law/utilities/workflow_output/parsed_data/yaml/form_23_interview.yml
2025-08-19 21:20:57,095 - automated_form_processor - INFO - ✓ Successfully processed Form 23
2025-08-19 21:20:57,096 - automated_form_processor - INFO - Processing Form 23A: sep23-en
2025-08-19 21:20:57,096 - automated_form_processor - ERROR - Could not find form file for Form 23A in /Users/draw/development/docassemble/docassemble_webapp/docassemble/webapp/data/questions/ontario-family-law/utilities/workflow_output/parsed_data/downloads
2025-08-19 21:20:57,096 - automated_form_processor - INFO - Expected filename: form_23a.pdf
2025-08-19 21:20:57,097 - automated_form_processor - INFO - Available files: ['form_25c_-_adoption_order_flr-25c-may25-en-fil.docx', 'form_37_-_interjurisdictional_support_order_flr-37-apr24-en-fil.docx', 'form_10_-_answer_flr-10-jun25-en-fil.docx', 'form_29_-_request_garnishment_flr-29-apr16-en-fil.docx', 'form_10a_-_reply_flr-10a-e.pdf']...
2025-08-19 21:20:57,097 - automated_form_processor - INFO - Extracting fields from /Users/draw/development/docassemble/docassemble_webapp/docassemble/webapp/data/questions/ontario-family-law/utilities/workflow_output/parsed_data/downloads/form_23a.pdf
2025-08-19 21:20:57,097 - unified_parser_with_gcp - INFO - Starting comprehensive parsing of form_23a.pdf
2025-08-19 21:20:57,097 - unified_parser_with_gcp - INFO - Parsing with OSS native libraries...
2025-08-19 21:20:57,097 - unified_parser_with_gcp - INFO - Parsing tables with OSS libraries...
2025-08-19 21:20:57,097 - unified_parser_with_gcp - INFO - Building consensus from all extraction methods...
2025-08-19 21:20:57,097 - unified_parser_with_gcp - INFO - Validating consistency...
2025-08-19 21:20:57,097 - unified_parser_with_gcp - INFO - Applying Ontario-specific rules...
2025-08-19 21:20:57,097 - automated_form_processor - INFO - Extracted 0 fields using unified parser
2025-08-19 21:20:57,097 - automated_form_processor - INFO - Saved 0 fields to /Users/draw/development/docassemble/docassemble_webapp/docassemble/webapp/data/questions/ontario-family-law/utilities/workflow_output/parsed_data/csv/form_23A_fields.csv
2025-08-19 21:20:57,099 - automated_form_processor - INFO - Generated YAML interview: /Users/draw/development/docassemble/docassemble_webapp/docassemble/webapp/data/questions/ontario-family-law/utilities/workflow_output/parsed_data/yaml/form_23A_interview.yml
2025-08-19 21:20:57,099 - automated_form_processor - INFO - ✓ Successfully processed Form 23A
2025-08-19 21:20:57,100 - automated_form_processor - INFO - Processing Form 23B: e
2025-08-19 21:20:57,100 - automated_form_processor - ERROR - Could not find form file for Form 23B in /Users/draw/development/docassemble/docassemble_webapp/docassemble/webapp/data/questions/ontario-family-law/utilities/workflow_output/parsed_data/downloads
2025-08-19 21:20:57,100 - automated_form_processor - INFO - Expected filename: form_23b.pdf
2025-08-19 21:20:57,100 - automated_form_processor - INFO - Available files: ['form_25c_-_adoption_order_flr-25c-may25-en-fil.docx', 'form_37_-_interjurisdictional_support_order_flr-37-apr24-en-fil.docx', 'form_10_-_answer_flr-10-jun25-en-fil.docx', 'form_29_-_request_garnishment_flr-29-apr16-en-fil.docx', 'form_10a_-_reply_flr-10a-e.pdf']...
2025-08-19 21:20:57,100 - automated_form_processor - INFO - Extracting fields from /Users/draw/development/docassemble/docassemble_webapp/docassemble/webapp/data/questions/ontario-family-law/utilities/workflow_output/parsed_data/downloads/form_23b.pdf
2025-08-19 21:20:57,100 - unified_parser_with_gcp - INFO - Starting comprehensive parsing of form_23b.pdf
2025-08-19 21:20:57,100 - unified_parser_with_gcp - INFO - Parsing with OSS native libraries...
2025-08-19 21:20:57,101 - unified_parser_with_gcp - INFO - Parsing tables with OSS libraries...
2025-08-19 21:20:57,101 - unified_parser_with_gcp - INFO - Building consensus from all extraction methods...
2025-08-19 21:20:57,101 - unified_parser_with_gcp - INFO - Validating consistency...
2025-08-19 21:20:57,101 - unified_parser_with_gcp - INFO - Applying Ontario-specific rules...
2025-08-19 21:20:57,101 - automated_form_processor - INFO - Extracted 0 fields using unified parser
2025-08-19 21:20:57,101 - automated_form_processor - INFO - Saved 0 fields to /Users/draw/development/docassemble/docassemble_webapp/docassemble/webapp/data/questions/ontario-family-law/utilities/workflow_output/parsed_data/csv/form_23B_fields.csv
2025-08-19 21:20:57,103 - automated_form_processor - INFO - Generated YAML interview: /Users/draw/development/docassemble/docassemble_webapp/docassemble/webapp/data/questions/ontario-family-law/utilities/workflow_output/parsed_data/yaml/form_23B_interview.yml
2025-08-19 21:20:57,103 - automated_form_processor - INFO - ✓ Successfully processed Form 23B
2025-08-19 21:20:57,104 - automated_form_processor - INFO - Processing Form 23C: form-23c-en-dec20
2025-08-19 21:20:57,104 - automated_form_processor - ERROR - Could not find form file for Form 23C in /Users/draw/development/docassemble/docassemble_webapp/docassemble/webapp/data/questions/ontario-family-law/utilities/workflow_output/parsed_data/downloads
2025-08-19 21:20:57,104 - automated_form_processor - INFO - Expected filename: form_23c.pdf
2025-08-19 21:20:57,104 - automated_form_processor - INFO - Available files: ['form_25c_-_adoption_order_flr-25c-may25-en-fil.docx', 'form_37_-_interjurisdictional_support_order_flr-37-apr24-en-fil.docx', 'form_10_-_answer_flr-10-jun25-en-fil.docx', 'form_29_-_request_garnishment_flr-29-apr16-en-fil.docx', 'form_10a_-_reply_flr-10a-e.pdf']...
2025-08-19 21:20:57,104 - automated_form_processor - INFO - Extracting fields from /Users/draw/development/docassemble/docassemble_webapp/docassemble/webapp/data/questions/ontario-family-law/utilities/workflow_output/parsed_data/downloads/form_23c.pdf
2025-08-19 21:20:57,104 - unified_parser_with_gcp - INFO - Starting comprehensive parsing of form_23c.pdf
2025-08-19 21:20:57,104 - unified_parser_with_gcp - INFO - Parsing with OSS native libraries...
2025-08-19 21:20:57,105 - unified_parser_with_gcp - INFO - Parsing tables with OSS libraries...
2025-08-19 21:20:57,105 - unified_parser_with_gcp - INFO - Building consensus from all extraction methods...
2025-08-19 21:20:57,105 - unified_parser_with_gcp - INFO - Validating consistency...
2025-08-19 21:20:57,105 - unified_parser_with_gcp - INFO - Applying Ontario-specific rules...
2025-08-19 21:20:57,105 - automated_form_processor - INFO - Extracted 0 fields using unified parser
2025-08-19 21:20:57,105 - automated_form_processor - INFO - Saved 0 fields to /Users/draw/development/docassemble/docassemble_webapp/docassemble/webapp/data/questions/ontario-family-law/utilities/workflow_output/parsed_data/csv/form_23C_fields.csv
2025-08-19 21:20:57,106 - automated_form_processor - INFO - Generated YAML interview: /Users/draw/development/docassemble/docassemble_webapp/docassemble/webapp/data/questions/ontario-family-law/utilities/workflow_output/parsed_data/yaml/form_23C_interview.yml
2025-08-19 21:20:57,107 - automated_form_processor - INFO - ✓ Successfully processed Form 23C
2025-08-19 21:20:57,107 - automated_form_processor - INFO - Processing Form 25: form-25-en-dec20
2025-08-19 21:20:57,107 - automated_form_processor - INFO - Found form file: /Users/draw/development/docassemble/docassemble_webapp/docassemble/webapp/data/questions/ontario-family-law/utilities/workflow_output/parsed_data/downloads/form_25_-_order_general_form-25-en-dec20.docx
2025-08-19 21:20:57,107 - automated_form_processor - INFO - Extracting fields from /Users/draw/development/docassemble/docassemble_webapp/docassemble/webapp/data/questions/ontario-family-law/utilities/workflow_output/parsed_data/downloads/form_25_-_order_general_form-25-en-dec20.docx
2025-08-19 21:20:57,107 - unified_parser_with_gcp - INFO - Starting comprehensive parsing of form_25_-_order_general_form-25-en-dec20.docx
2025-08-19 21:20:57,107 - unified_parser_with_gcp - INFO - Parsing with OSS native libraries...
2025-08-19 21:20:57,140 - unified_parser_with_gcp - INFO - Parsing tables with OSS libraries...
2025-08-19 21:20:57,140 - unified_parser_with_gcp - INFO - Building consensus from all extraction methods...
2025-08-19 21:20:57,140 - unified_parser_with_gcp - INFO - Validating consistency...
2025-08-19 21:20:57,140 - unified_parser_with_gcp - INFO - Applying Ontario-specific rules...
2025-08-19 21:20:57,140 - automated_form_processor - INFO - Extracted 23 fields using unified parser
2025-08-19 21:20:57,140 - automated_form_processor - INFO - Saved 23 fields to /Users/draw/development/docassemble/docassemble_webapp/docassemble/webapp/data/questions/ontario-family-law/utilities/workflow_output/parsed_data/csv/form_25_fields.csv
2025-08-19 21:20:57,144 - automated_form_processor - INFO - Generated YAML interview: /Users/draw/development/docassemble/docassemble_webapp/docassemble/webapp/data/questions/ontario-family-law/utilities/workflow_output/parsed_data/yaml/form_25_interview.yml
2025-08-19 21:20:57,145 - automated_form_processor - INFO - ✓ Successfully processed Form 25
2025-08-19 21:20:57,146 - automated_form_processor - INFO - Processing Form 25A: e
2025-08-19 21:20:57,146 - automated_form_processor - INFO - Found form file: /Users/draw/development/docassemble/docassemble_webapp/docassemble/webapp/data/questions/ontario-family-law/utilities/workflow_output/parsed_data/downloads/form_25a_-_divorce_order_flr-25a-e.pdf
2025-08-19 21:20:57,146 - automated_form_processor - INFO - Extracting fields from /Users/draw/development/docassemble/docassemble_webapp/docassemble/webapp/data/questions/ontario-family-law/utilities/workflow_output/parsed_data/downloads/form_25a_-_divorce_order_flr-25a-e.pdf
2025-08-19 21:20:57,146 - unified_parser_with_gcp - INFO - Starting comprehensive parsing of form_25a_-_divorce_order_flr-25a-e.pdf
2025-08-19 21:20:57,146 - unified_parser_with_gcp - INFO - Parsing with OSS native libraries...
2025-08-19 21:20:57,202 - unified_parser_with_gcp - INFO - Parsing tables with OSS libraries...
2025-08-19 21:20:57,202 - unified_parser_with_gcp - INFO - Building consensus from all extraction methods...
2025-08-19 21:20:57,202 - unified_parser_with_gcp - INFO - Validating consistency...
2025-08-19 21:20:57,203 - unified_parser_with_gcp - INFO - Applying Ontario-specific rules...
2025-08-19 21:20:57,203 - automated_form_processor - INFO - Extracted 28 fields using unified parser
2025-08-19 21:20:57,203 - automated_form_processor - INFO - Saved 28 fields to /Users/draw/development/docassemble/docassemble_webapp/docassemble/webapp/data/questions/ontario-family-law/utilities/workflow_output/parsed_data/csv/form_25A_fields.csv
2025-08-19 21:20:57,208 - automated_form_processor - INFO - Generated YAML interview: /Users/draw/development/docassemble/docassemble_webapp/docassemble/webapp/data/questions/ontario-family-law/utilities/workflow_output/parsed_data/yaml/form_25A_interview.yml
2025-08-19 21:20:57,208 - automated_form_processor - INFO - ✓ Successfully processed Form 25A
2025-08-19 21:20:57,209 - automated_form_processor - INFO - Processing Form 25B: form_25b_2018
2025-08-19 21:20:57,209 - automated_form_processor - ERROR - Could not find form file for Form 25B in /Users/draw/development/docassemble/docassemble_webapp/docassemble/webapp/data/questions/ontario-family-law/utilities/workflow_output/parsed_data/downloads
2025-08-19 21:20:57,209 - automated_form_processor - INFO - Expected filename: form_25b.pdf
2025-08-19 21:20:57,209 - automated_form_processor - INFO - Available files: ['form_25c_-_adoption_order_flr-25c-may25-en-fil.docx', 'form_37_-_interjurisdictional_support_order_flr-37-apr24-en-fil.docx', 'form_10_-_answer_flr-10-jun25-en-fil.docx', 'form_29_-_request_garnishment_flr-29-apr16-en-fil.docx', 'form_10a_-_reply_flr-10a-e.pdf']...
2025-08-19 21:20:57,209 - automated_form_processor - INFO - Extracting fields from /Users/draw/development/docassemble/docassemble_webapp/docassemble/webapp/data/questions/ontario-family-law/utilities/workflow_output/parsed_data/downloads/form_25b.pdf
2025-08-19 21:20:57,209 - unified_parser_with_gcp - INFO - Starting comprehensive parsing of form_25b.pdf
2025-08-19 21:20:57,209 - unified_parser_with_gcp - INFO - Parsing with OSS native libraries...
2025-08-19 21:20:57,210 - unified_parser_with_gcp - INFO - Parsing tables with OSS libraries...
2025-08-19 21:20:57,210 - unified_parser_with_gcp - INFO - Building consensus from all extraction methods...
2025-08-19 21:20:57,210 - unified_parser_with_gcp - INFO - Validating consistency...
2025-08-19 21:20:57,210 - unified_parser_with_gcp - INFO - Applying Ontario-specific rules...
2025-08-19 21:20:57,210 - automated_form_processor - INFO - Extracted 0 fields using unified parser
2025-08-19 21:20:57,210 - automated_form_processor - INFO - Saved 0 fields to /Users/draw/development/docassemble/docassemble_webapp/docassemble/webapp/data/questions/ontario-family-law/utilities/workflow_output/parsed_data/csv/form_25B_fields.csv
2025-08-19 21:20:57,211 - automated_form_processor - INFO - Generated YAML interview: /Users/draw/development/docassemble/docassemble_webapp/docassemble/webapp/data/questions/ontario-family-law/utilities/workflow_output/parsed_data/yaml/form_25B_interview.yml
2025-08-19 21:20:57,211 - automated_form_processor - INFO - ✓ Successfully processed Form 25B
2025-08-19 21:20:57,212 - automated_form_processor - INFO - Processing Form 25C: may25-en-fil
2025-08-19 21:20:57,213 - automated_form_processor - INFO - Found form file: /Users/draw/development/docassemble/docassemble_webapp/docassemble/webapp/data/questions/ontario-family-law/utilities/workflow_output/parsed_data/downloads/form_25c_-_adoption_order_flr-25c-may25-en-fil.docx
2025-08-19 21:20:57,213 - automated_form_processor - INFO - Extracting fields from /Users/draw/development/docassemble/docassemble_webapp/docassemble/webapp/data/questions/ontario-family-law/utilities/workflow_output/parsed_data/downloads/form_25c_-_adoption_order_flr-25c-may25-en-fil.docx
2025-08-19 21:20:57,213 - unified_parser_with_gcp - INFO - Starting comprehensive parsing of form_25c_-_adoption_order_flr-25c-may25-en-fil.docx
2025-08-19 21:20:57,213 - unified_parser_with_gcp - INFO - Parsing with OSS native libraries...
2025-08-19 21:20:57,297 - unified_parser_with_gcp - INFO - Parsing tables with OSS libraries...
2025-08-19 21:20:57,297 - unified_parser_with_gcp - INFO - Building consensus from all extraction methods...
2025-08-19 21:20:57,297 - unified_parser_with_gcp - INFO - Validating consistency...
2025-08-19 21:20:57,297 - unified_parser_with_gcp - INFO - Applying Ontario-specific rules...
2025-08-19 21:20:57,297 - automated_form_processor - INFO - Extracted 28 fields using unified parser
2025-08-19 21:20:57,298 - automated_form_processor - INFO - Saved 28 fields to /Users/draw/development/docassemble/docassemble_webapp/docassemble/webapp/data/questions/ontario-family-law/utilities/workflow_output/parsed_data/csv/form_25C_fields.csv
2025-08-19 21:20:57,303 - automated_form_processor - INFO - Generated YAML interview: /Users/draw/development/docassemble/docassemble_webapp/docassemble/webapp/data/questions/ontario-family-law/utilities/workflow_output/parsed_data/yaml/form_25C_interview.yml
2025-08-19 21:20:57,303 - automated_form_processor - INFO - ✓ Successfully processed Form 25C
2025-08-19 21:20:57,304 - automated_form_processor - INFO - Processing Form 25D: form-25d-en-dec20
2025-08-19 21:20:57,304 - automated_form_processor - INFO - Found form file: /Users/draw/development/docassemble/docassemble_webapp/docassemble/webapp/data/questions/ontario-family-law/utilities/workflow_output/parsed_data/downloads/form_25d_-_order_uncontested_trial_form-25d-en-dec20.docx
2025-08-19 21:20:57,304 - automated_form_processor - INFO - Extracting fields from /Users/draw/development/docassemble/docassemble_webapp/docassemble/webapp/data/questions/ontario-family-law/utilities/workflow_output/parsed_data/downloads/form_25d_-_order_uncontested_trial_form-25d-en-dec20.docx
2025-08-19 21:20:57,304 - unified_parser_with_gcp - INFO - Starting comprehensive parsing of form_25d_-_order_uncontested_trial_form-25d-en-dec20.docx
2025-08-19 21:20:57,304 - unified_parser_with_gcp - INFO - Parsing with OSS native libraries...
2025-08-19 21:20:57,554 - unified_parser_with_gcp - INFO - Parsing tables with OSS libraries...
2025-08-19 21:20:57,554 - unified_parser_with_gcp - INFO - Building consensus from all extraction methods...
2025-08-19 21:20:57,555 - unified_parser_with_gcp - INFO - Validating consistency...
2025-08-19 21:20:57,555 - unified_parser_with_gcp - INFO - Applying Ontario-specific rules...
2025-08-19 21:20:57,556 - automated_form_processor - INFO - Extracted 86 fields using unified parser
2025-08-19 21:20:57,556 - automated_form_processor - INFO - Saved 86 fields to /Users/draw/development/docassemble/docassemble_webapp/docassemble/webapp/data/questions/ontario-family-law/utilities/workflow_output/parsed_data/csv/form_25D_fields.csv
2025-08-19 21:20:57,566 - automated_form_processor - INFO - Generated YAML interview: /Users/draw/development/docassemble/docassemble_webapp/docassemble/webapp/data/questions/ontario-family-law/utilities/workflow_output/parsed_data/yaml/form_25D_interview.yml
2025-08-19 21:20:57,566 - automated_form_processor - INFO - ✓ Successfully processed Form 25D
2025-08-19 21:20:57,567 - automated_form_processor - INFO - Processing Form 25E: e
2025-08-19 21:20:57,568 - automated_form_processor - ERROR - Could not find form file for Form 25E in /Users/draw/development/docassemble/docassemble_webapp/docassemble/webapp/data/questions/ontario-family-law/utilities/workflow_output/parsed_data/downloads
2025-08-19 21:20:57,568 - automated_form_processor - INFO - Expected filename: form_25e.pdf
2025-08-19 21:20:57,568 - automated_form_processor - INFO - Available files: ['form_25c_-_adoption_order_flr-25c-may25-en-fil.docx', 'form_37_-_interjurisdictional_support_order_flr-37-apr24-en-fil.docx', 'form_10_-_answer_flr-10-jun25-en-fil.docx', 'form_29_-_request_garnishment_flr-29-apr16-en-fil.docx', 'form_10a_-_reply_flr-10a-e.pdf']...
2025-08-19 21:20:57,568 - automated_form_processor - INFO - Extracting fields from /Users/draw/development/docassemble/docassemble_webapp/docassemble/webapp/data/questions/ontario-family-law/utilities/workflow_output/parsed_data/downloads/form_25e.pdf
2025-08-19 21:20:57,568 - unified_parser_with_gcp - INFO - Starting comprehensive parsing of form_25e.pdf
2025-08-19 21:20:57,568 - unified_parser_with_gcp - INFO - Parsing with OSS native libraries...
2025-08-19 21:20:57,568 - unified_parser_with_gcp - INFO - Parsing tables with OSS libraries...
2025-08-19 21:20:57,568 - unified_parser_with_gcp - INFO - Building consensus from all extraction methods...
2025-08-19 21:20:57,568 - unified_parser_with_gcp - INFO - Validating consistency...
2025-08-19 21:20:57,568 - unified_parser_with_gcp - INFO - Applying Ontario-specific rules...
2025-08-19 21:20:57,568 - automated_form_processor - INFO - Extracted 0 fields using unified parser
2025-08-19 21:20:57,568 - automated_form_processor - INFO - Saved 0 fields to /Users/draw/development/docassemble/docassemble_webapp/docassemble/webapp/data/questions/ontario-family-law/utilities/workflow_output/parsed_data/csv/form_25E_fields.csv
2025-08-19 21:20:57,569 - automated_form_processor - INFO - Generated YAML interview: /Users/draw/development/docassemble/docassemble_webapp/docassemble/webapp/data/questions/ontario-family-law/utilities/workflow_output/parsed_data/yaml/form_25E_interview.yml
2025-08-19 21:20:57,570 - automated_form_processor - INFO - ✓ Successfully processed Form 25E
2025-08-19 21:20:57,571 - automated_form_processor - INFO - Processing Form 25F: e
2025-08-19 21:20:57,571 - automated_form_processor - INFO - Found form file: /Users/draw/development/docassemble/docassemble_webapp/docassemble/webapp/data/questions/ontario-family-law/utilities/workflow_output/parsed_data/downloads/form_25f_-_restraining_order_flr-25f-sep09-en-fil.docx
2025-08-19 21:20:57,571 - automated_form_processor - INFO - Extracting fields from /Users/draw/development/docassemble/docassemble_webapp/docassemble/webapp/data/questions/ontario-family-law/utilities/workflow_output/parsed_data/downloads/form_25f_-_restraining_order_flr-25f-sep09-en-fil.docx
2025-08-19 21:20:57,571 - unified_parser_with_gcp - INFO - Starting comprehensive parsing of form_25f_-_restraining_order_flr-25f-sep09-en-fil.docx
2025-08-19 21:20:57,571 - unified_parser_with_gcp - INFO - Parsing with OSS native libraries...
2025-08-19 21:20:57,618 - unified_parser_with_gcp - INFO - Parsing tables with OSS libraries...
2025-08-19 21:20:57,618 - unified_parser_with_gcp - INFO - Building consensus from all extraction methods...
2025-08-19 21:20:57,618 - unified_parser_with_gcp - INFO - Validating consistency...
2025-08-19 21:20:57,618 - unified_parser_with_gcp - INFO - Applying Ontario-specific rules...
2025-08-19 21:20:57,619 - automated_form_processor - INFO - Extracted 27 fields using unified parser
2025-08-19 21:20:57,619 - automated_form_processor - INFO - Saved 27 fields to /Users/draw/development/docassemble/docassemble_webapp/docassemble/webapp/data/questions/ontario-family-law/utilities/workflow_output/parsed_data/csv/form_25F_fields.csv
2025-08-19 21:20:57,623 - automated_form_processor - INFO - Generated YAML interview: /Users/draw/development/docassemble/docassemble_webapp/docassemble/webapp/data/questions/ontario-family-law/utilities/workflow_output/parsed_data/yaml/form_25F_interview.yml
2025-08-19 21:20:57,624 - automated_form_processor - INFO - ✓ Successfully processed Form 25F
2025-08-19 21:20:57,625 - automated_form_processor - INFO - Processing Form 25G: e
2025-08-19 21:20:57,625 - automated_form_processor - ERROR - Could not find form file for Form 25G in /Users/draw/development/docassemble/docassemble_webapp/docassemble/webapp/data/questions/ontario-family-law/utilities/workflow_output/parsed_data/downloads
2025-08-19 21:20:57,625 - automated_form_processor - INFO - Expected filename: form_25g.pdf
2025-08-19 21:20:57,626 - automated_form_processor - INFO - Available files: ['form_25c_-_adoption_order_flr-25c-may25-en-fil.docx', 'form_37_-_interjurisdictional_support_order_flr-37-apr24-en-fil.docx', 'form_10_-_answer_flr-10-jun25-en-fil.docx', 'form_29_-_request_garnishment_flr-29-apr16-en-fil.docx', 'form_10a_-_reply_flr-10a-e.pdf']...
2025-08-19 21:20:57,626 - automated_form_processor - INFO - Extracting fields from /Users/draw/development/docassemble/docassemble_webapp/docassemble/webapp/data/questions/ontario-family-law/utilities/workflow_output/parsed_data/downloads/form_25g.pdf
2025-08-19 21:20:57,626 - unified_parser_with_gcp - INFO - Starting comprehensive parsing of form_25g.pdf
2025-08-19 21:20:57,626 - unified_parser_with_gcp - INFO - Parsing with OSS native libraries...
2025-08-19 21:20:57,626 - unified_parser_with_gcp - INFO - Parsing tables with OSS libraries...
2025-08-19 21:20:57,626 - unified_parser_with_gcp - INFO - Building consensus from all extraction methods...
2025-08-19 21:20:57,626 - unified_parser_with_gcp - INFO - Validating consistency...
2025-08-19 21:20:57,626 - unified_parser_with_gcp - INFO - Applying Ontario-specific rules...
2025-08-19 21:20:57,626 - automated_form_processor - INFO - Extracted 0 fields using unified parser
2025-08-19 21:20:57,626 - automated_form_processor - INFO - Saved 0 fields to /Users/draw/development/docassemble/docassemble_webapp/docassemble/webapp/data/questions/ontario-family-law/utilities/workflow_output/parsed_data/csv/form_25G_fields.csv
2025-08-19 21:20:57,628 - automated_form_processor - INFO - Generated YAML interview: /Users/draw/development/docassemble/docassemble_webapp/docassemble/webapp/data/questions/ontario-family-law/utilities/workflow_output/parsed_data/yaml/form_25G_interview.yml
2025-08-19 21:20:57,628 - automated_form_processor - INFO - ✓ Successfully processed Form 25G
2025-08-19 21:20:57,629 - automated_form_processor - INFO - Processing Form 25H: e
2025-08-19 21:20:57,629 - automated_form_processor - ERROR - Could not find form file for Form 25H in /Users/draw/development/docassemble/docassemble_webapp/docassemble/webapp/data/questions/ontario-family-law/utilities/workflow_output/parsed_data/downloads
2025-08-19 21:20:57,629 - automated_form_processor - INFO - Expected filename: form_25h.pdf
2025-08-19 21:20:57,630 - automated_form_processor - INFO - Available files: ['form_25c_-_adoption_order_flr-25c-may25-en-fil.docx', 'form_37_-_interjurisdictional_support_order_flr-37-apr24-en-fil.docx', 'form_10_-_answer_flr-10-jun25-en-fil.docx', 'form_29_-_request_garnishment_flr-29-apr16-en-fil.docx', 'form_10a_-_reply_flr-10a-e.pdf']...
2025-08-19 21:20:57,630 - automated_form_processor - INFO - Extracting fields from /Users/draw/development/docassemble/docassemble_webapp/docassemble/webapp/data/questions/ontario-family-law/utilities/workflow_output/parsed_data/downloads/form_25h.pdf
2025-08-19 21:20:57,630 - unified_parser_with_gcp - INFO - Starting comprehensive parsing of form_25h.pdf
2025-08-19 21:20:57,630 - unified_parser_with_gcp - INFO - Parsing with OSS native libraries...
2025-08-19 21:20:57,630 - unified_parser_with_gcp - INFO - Parsing tables with OSS libraries...
2025-08-19 21:20:57,630 - unified_parser_with_gcp - INFO - Building consensus from all extraction methods...
2025-08-19 21:20:57,630 - unified_parser_with_gcp - INFO - Validating consistency...
2025-08-19 21:20:57,630 - unified_parser_with_gcp - INFO - Applying Ontario-specific rules...
2025-08-19 21:20:57,630 - automated_form_processor - INFO - Extracted 0 fields using unified parser
2025-08-19 21:20:57,630 - automated_form_processor - INFO - Saved 0 fields to /Users/draw/development/docassemble/docassemble_webapp/docassemble/webapp/data/questions/ontario-family-law/utilities/workflow_output/parsed_data/csv/form_25H_fields.csv
2025-08-19 21:20:57,631 - automated_form_processor - INFO - Generated YAML interview: /Users/draw/development/docassemble/docassemble_webapp/docassemble/webapp/data/questions/ontario-family-law/utilities/workflow_output/parsed_data/yaml/form_25H_interview.yml
2025-08-19 21:20:57,632 - automated_form_processor - INFO - ✓ Successfully processed Form 25H
2025-08-19 21:20:57,632 - automated_form_processor - INFO - Processing Form 26: apr16-en-fil
2025-08-19 21:20:57,632 - automated_form_processor - INFO - Found form file: /Users/draw/development/docassemble/docassemble_webapp/docassemble/webapp/data/questions/ontario-family-law/utilities/workflow_output/parsed_data/downloads/form_26_-_statement_money_owed_flr-26-apr16-en-fil.docx
2025-08-19 21:20:57,632 - automated_form_processor - INFO - Extracting fields from /Users/draw/development/docassemble/docassemble_webapp/docassemble/webapp/data/questions/ontario-family-law/utilities/workflow_output/parsed_data/downloads/form_26_-_statement_money_owed_flr-26-apr16-en-fil.docx
2025-08-19 21:20:57,632 - unified_parser_with_gcp - INFO - Starting comprehensive parsing of form_26_-_statement_money_owed_flr-26-apr16-en-fil.docx
2025-08-19 21:20:57,632 - unified_parser_with_gcp - INFO - Parsing with OSS native libraries...
2025-08-19 21:20:57,908 - unified_parser_with_gcp - INFO - Parsing tables with OSS libraries...
2025-08-19 21:20:57,908 - unified_parser_with_gcp - INFO - Building consensus from all extraction methods...
2025-08-19 21:20:57,909 - unified_parser_with_gcp - INFO - Validating consistency...
2025-08-19 21:20:57,909 - unified_parser_with_gcp - INFO - Applying Ontario-specific rules...
2025-08-19 21:20:57,910 - automated_form_processor - INFO - Extracted 130 fields using unified parser
2025-08-19 21:20:57,911 - automated_form_processor - INFO - Saved 130 fields to /Users/draw/development/docassemble/docassemble_webapp/docassemble/webapp/data/questions/ontario-family-law/utilities/workflow_output/parsed_data/csv/form_26_fields.csv
2025-08-19 21:20:57,925 - automated_form_processor - INFO - Generated YAML interview: /Users/draw/development/docassemble/docassemble_webapp/docassemble/webapp/data/questions/ontario-family-law/utilities/workflow_output/parsed_data/yaml/form_26_interview.yml
2025-08-19 21:20:57,926 - automated_form_processor - INFO - ✓ Successfully processed Form 26
2025-08-19 21:20:57,927 - automated_form_processor - INFO - Processing Form 26A: apr16-en-fil
2025-08-19 21:20:57,928 - automated_form_processor - ERROR - Could not find form file for Form 26A in /Users/draw/development/docassemble/docassemble_webapp/docassemble/webapp/data/questions/ontario-family-law/utilities/workflow_output/parsed_data/downloads
2025-08-19 21:20:57,928 - automated_form_processor - INFO - Expected filename: form_26a.pdf
2025-08-19 21:20:57,928 - automated_form_processor - INFO - Available files: ['form_25c_-_adoption_order_flr-25c-may25-en-fil.docx', 'form_37_-_interjurisdictional_support_order_flr-37-apr24-en-fil.docx', 'form_10_-_answer_flr-10-jun25-en-fil.docx', 'form_29_-_request_garnishment_flr-29-apr16-en-fil.docx', 'form_10a_-_reply_flr-10a-e.pdf']...
2025-08-19 21:20:57,928 - automated_form_processor - INFO - Extracting fields from /Users/draw/development/docassemble/docassemble_webapp/docassemble/webapp/data/questions/ontario-family-law/utilities/workflow_output/parsed_data/downloads/form_26a.pdf
2025-08-19 21:20:57,928 - unified_parser_with_gcp - INFO - Starting comprehensive parsing of form_26a.pdf
2025-08-19 21:20:57,928 - unified_parser_with_gcp - INFO - Parsing with OSS native libraries...
2025-08-19 21:20:57,928 - unified_parser_with_gcp - INFO - Parsing tables with OSS libraries...
2025-08-19 21:20:57,928 - unified_parser_with_gcp - INFO - Building consensus from all extraction methods...
2025-08-19 21:20:57,928 - unified_parser_with_gcp - INFO - Validating consistency...
2025-08-19 21:20:57,928 - unified_parser_with_gcp - INFO - Applying Ontario-specific rules...
2025-08-19 21:20:57,928 - automated_form_processor - INFO - Extracted 0 fields using unified parser
2025-08-19 21:20:57,928 - automated_form_processor - INFO - Saved 0 fields to /Users/draw/development/docassemble/docassemble_webapp/docassemble/webapp/data/questions/ontario-family-law/utilities/workflow_output/parsed_data/csv/form_26A_fields.csv
2025-08-19 21:20:57,930 - automated_form_processor - INFO - Generated YAML interview: /Users/draw/development/docassemble/docassemble_webapp/docassemble/webapp/data/questions/ontario-family-law/utilities/workflow_output/parsed_data/yaml/form_26A_interview.yml
2025-08-19 21:20:57,930 - automated_form_processor - INFO - ✓ Successfully processed Form 26A
2025-08-19 21:20:57,931 - automated_form_processor - INFO - Processing Form 26B: apr16-en-fil
2025-08-19 21:20:57,931 - automated_form_processor - ERROR - Could not find form file for Form 26B in /Users/draw/development/docassemble/docassemble_webapp/docassemble/webapp/data/questions/ontario-family-law/utilities/workflow_output/parsed_data/downloads
2025-08-19 21:20:57,931 - automated_form_processor - INFO - Expected filename: form_26b.pdf
2025-08-19 21:20:57,932 - automated_form_processor - INFO - Available files: ['form_25c_-_adoption_order_flr-25c-may25-en-fil.docx', 'form_37_-_interjurisdictional_support_order_flr-37-apr24-en-fil.docx', 'form_10_-_answer_flr-10-jun25-en-fil.docx', 'form_29_-_request_garnishment_flr-29-apr16-en-fil.docx', 'form_10a_-_reply_flr-10a-e.pdf']...
2025-08-19 21:20:57,932 - automated_form_processor - INFO - Extracting fields from /Users/draw/development/docassemble/docassemble_webapp/docassemble/webapp/data/questions/ontario-family-law/utilities/workflow_output/parsed_data/downloads/form_26b.pdf
2025-08-19 21:20:57,932 - unified_parser_with_gcp - INFO - Starting comprehensive parsing of form_26b.pdf
2025-08-19 21:20:57,932 - unified_parser_with_gcp - INFO - Parsing with OSS native libraries...
2025-08-19 21:20:57,932 - unified_parser_with_gcp - INFO - Parsing tables with OSS libraries...
2025-08-19 21:20:57,932 - unified_parser_with_gcp - INFO - Building consensus from all extraction methods...
2025-08-19 21:20:57,932 - unified_parser_with_gcp - INFO - Validating consistency...
2025-08-19 21:20:57,932 - unified_parser_with_gcp - INFO - Applying Ontario-specific rules...
2025-08-19 21:20:57,932 - automated_form_processor - INFO - Extracted 0 fields using unified parser
2025-08-19 21:20:57,932 - automated_form_processor - INFO - Saved 0 fields to /Users/draw/development/docassemble/docassemble_webapp/docassemble/webapp/data/questions/ontario-family-law/utilities/workflow_output/parsed_data/csv/form_26B_fields.csv
2025-08-19 21:20:57,933 - automated_form_processor - INFO - Generated YAML interview: /Users/draw/development/docassemble/docassemble_webapp/docassemble/webapp/data/questions/ontario-family-law/utilities/workflow_output/parsed_data/yaml/form_26B_interview.yml
2025-08-19 21:20:57,934 - automated_form_processor - INFO - ✓ Successfully processed Form 26B
2025-08-19 21:20:57,934 - automated_form_processor - INFO - Processing Form 26C: apr16-en-fil
2025-08-19 21:20:57,935 - automated_form_processor - ERROR - Could not find form file for Form 26C in /Users/draw/development/docassemble/docassemble_webapp/docassemble/webapp/data/questions/ontario-family-law/utilities/workflow_output/parsed_data/downloads
2025-08-19 21:20:57,935 - automated_form_processor - INFO - Expected filename: form_26c.pdf
2025-08-19 21:20:57,935 - automated_form_processor - INFO - Available files: ['form_25c_-_adoption_order_flr-25c-may25-en-fil.docx', 'form_37_-_interjurisdictional_support_order_flr-37-apr24-en-fil.docx', 'form_10_-_answer_flr-10-jun25-en-fil.docx', 'form_29_-_request_garnishment_flr-29-apr16-en-fil.docx', 'form_10a_-_reply_flr-10a-e.pdf']...
2025-08-19 21:20:57,935 - automated_form_processor - INFO - Extracting fields from /Users/draw/development/docassemble/docassemble_webapp/docassemble/webapp/data/questions/ontario-family-law/utilities/workflow_output/parsed_data/downloads/form_26c.pdf
2025-08-19 21:20:57,935 - unified_parser_with_gcp - INFO - Starting comprehensive parsing of form_26c.pdf
2025-08-19 21:20:57,935 - unified_parser_with_gcp - INFO - Parsing with OSS native libraries...
2025-08-19 21:20:57,935 - unified_parser_with_gcp - INFO - Parsing tables with OSS libraries...
2025-08-19 21:20:57,935 - unified_parser_with_gcp - INFO - Building consensus from all extraction methods...
2025-08-19 21:20:57,935 - unified_parser_with_gcp - INFO - Validating consistency...
2025-08-19 21:20:57,935 - unified_parser_with_gcp - INFO - Applying Ontario-specific rules...
2025-08-19 21:20:57,935 - automated_form_processor - INFO - Extracted 0 fields using unified parser
2025-08-19 21:20:57,935 - automated_form_processor - INFO - Saved 0 fields to /Users/draw/development/docassemble/docassemble_webapp/docassemble/webapp/data/questions/ontario-family-law/utilities/workflow_output/parsed_data/csv/form_26C_fields.csv
2025-08-19 21:20:57,937 - automated_form_processor - INFO - Generated YAML interview: /Users/draw/development/docassemble/docassemble_webapp/docassemble/webapp/data/questions/ontario-family-law/utilities/workflow_output/parsed_data/yaml/form_26C_interview.yml
2025-08-19 21:20:57,937 - automated_form_processor - INFO - ✓ Successfully processed Form 26C
2025-08-19 21:20:57,938 - automated_form_processor - INFO - Processing Form 27: apr16-en-fil
2025-08-19 21:20:57,938 - automated_form_processor - INFO - Found form file: /Users/draw/development/docassemble/docassemble_webapp/docassemble/webapp/data/questions/ontario-family-law/utilities/workflow_output/parsed_data/downloads/form_27_-_request_financial_statement_flr-27-apr16-en-fil.docx
2025-08-19 21:20:57,938 - automated_form_processor - INFO - Extracting fields from /Users/draw/development/docassemble/docassemble_webapp/docassemble/webapp/data/questions/ontario-family-law/utilities/workflow_output/parsed_data/downloads/form_27_-_request_financial_statement_flr-27-apr16-en-fil.docx
2025-08-19 21:20:57,938 - unified_parser_with_gcp - INFO - Starting comprehensive parsing of form_27_-_request_financial_statement_flr-27-apr16-en-fil.docx
2025-08-19 21:20:57,938 - unified_parser_with_gcp - INFO - Parsing with OSS native libraries...
2025-08-19 21:20:57,954 - unified_parser_with_gcp - INFO - Parsing tables with OSS libraries...
2025-08-19 21:20:57,954 - unified_parser_with_gcp - INFO - Building consensus from all extraction methods...
2025-08-19 21:20:57,954 - unified_parser_with_gcp - INFO - Validating consistency...
2025-08-19 21:20:57,954 - unified_parser_with_gcp - INFO - Applying Ontario-specific rules...
2025-08-19 21:20:57,954 - automated_form_processor - INFO - Extracted 12 fields using unified parser
2025-08-19 21:20:57,954 - automated_form_processor - INFO - Saved 12 fields to /Users/draw/development/docassemble/docassemble_webapp/docassemble/webapp/data/questions/ontario-family-law/utilities/workflow_output/parsed_data/csv/form_27_fields.csv
2025-08-19 21:20:57,957 - automated_form_processor - INFO - Generated YAML interview: /Users/draw/development/docassemble/docassemble_webapp/docassemble/webapp/data/questions/ontario-family-law/utilities/workflow_output/parsed_data/yaml/form_27_interview.yml
2025-08-19 21:20:57,958 - automated_form_processor - INFO - ✓ Successfully processed Form 27
2025-08-19 21:20:57,959 - automated_form_processor - INFO - Processing Form 27A: apr16-en-fil
2025-08-19 21:20:57,959 - automated_form_processor - ERROR - Could not find form file for Form 27A in /Users/draw/development/docassemble/docassemble_webapp/docassemble/webapp/data/questions/ontario-family-law/utilities/workflow_output/parsed_data/downloads
2025-08-19 21:20:57,959 - automated_form_processor - INFO - Expected filename: form_27a.pdf
2025-08-19 21:20:57,959 - automated_form_processor - INFO - Available files: ['form_25c_-_adoption_order_flr-25c-may25-en-fil.docx', 'form_37_-_interjurisdictional_support_order_flr-37-apr24-en-fil.docx', 'form_10_-_answer_flr-10-jun25-en-fil.docx', 'form_29_-_request_garnishment_flr-29-apr16-en-fil.docx', 'form_10a_-_reply_flr-10a-e.pdf']...
2025-08-19 21:20:57,959 - automated_form_processor - INFO - Extracting fields from /Users/draw/development/docassemble/docassemble_webapp/docassemble/webapp/data/questions/ontario-family-law/utilities/workflow_output/parsed_data/downloads/form_27a.pdf
2025-08-19 21:20:57,959 - unified_parser_with_gcp - INFO - Starting comprehensive parsing of form_27a.pdf
2025-08-19 21:20:57,959 - unified_parser_with_gcp - INFO - Parsing with OSS native libraries...
2025-08-19 21:20:57,959 - unified_parser_with_gcp - INFO - Parsing tables with OSS libraries...
2025-08-19 21:20:57,959 - unified_parser_with_gcp - INFO - Building consensus from all extraction methods...
2025-08-19 21:20:57,960 - unified_parser_with_gcp - INFO - Validating consistency...
2025-08-19 21:20:57,960 - unified_parser_with_gcp - INFO - Applying Ontario-specific rules...
2025-08-19 21:20:57,960 - automated_form_processor - INFO - Extracted 0 fields using unified parser
2025-08-19 21:20:57,960 - automated_form_processor - INFO - Saved 0 fields to /Users/draw/development/docassemble/docassemble_webapp/docassemble/webapp/data/questions/ontario-family-law/utilities/workflow_output/parsed_data/csv/form_27A_fields.csv
2025-08-19 21:20:57,961 - automated_form_processor - INFO - Generated YAML interview: /Users/draw/development/docassemble/docassemble_webapp/docassemble/webapp/data/questions/ontario-family-law/utilities/workflow_output/parsed_data/yaml/form_27A_interview.yml
2025-08-19 21:20:57,961 - automated_form_processor - INFO - ✓ Successfully processed Form 27A
2025-08-19 21:20:57,962 - automated_form_processor - INFO - Processing Form 27B: e
2025-08-19 21:20:57,962 - automated_form_processor - ERROR - Could not find form file for Form 27B in /Users/draw/development/docassemble/docassemble_webapp/docassemble/webapp/data/questions/ontario-family-law/utilities/workflow_output/parsed_data/downloads
2025-08-19 21:20:57,962 - automated_form_processor - INFO - Expected filename: form_27b.pdf
2025-08-19 21:20:57,963 - automated_form_processor - INFO - Available files: ['form_25c_-_adoption_order_flr-25c-may25-en-fil.docx', 'form_37_-_interjurisdictional_support_order_flr-37-apr24-en-fil.docx', 'form_10_-_answer_flr-10-jun25-en-fil.docx', 'form_29_-_request_garnishment_flr-29-apr16-en-fil.docx', 'form_10a_-_reply_flr-10a-e.pdf']...
2025-08-19 21:20:57,963 - automated_form_processor - INFO - Extracting fields from /Users/draw/development/docassemble/docassemble_webapp/docassemble/webapp/data/questions/ontario-family-law/utilities/workflow_output/parsed_data/downloads/form_27b.pdf
2025-08-19 21:20:57,963 - unified_parser_with_gcp - INFO - Starting comprehensive parsing of form_27b.pdf
2025-08-19 21:20:57,963 - unified_parser_with_gcp - INFO - Parsing with OSS native libraries...
2025-08-19 21:20:57,963 - unified_parser_with_gcp - INFO - Parsing tables with OSS libraries...
2025-08-19 21:20:57,963 - unified_parser_with_gcp - INFO - Building consensus from all extraction methods...
2025-08-19 21:20:57,963 - unified_parser_with_gcp - INFO - Validating consistency...
2025-08-19 21:20:57,963 - unified_parser_with_gcp - INFO - Applying Ontario-specific rules...
2025-08-19 21:20:57,963 - automated_form_processor - INFO - Extracted 0 fields using unified parser
2025-08-19 21:20:57,963 - automated_form_processor - INFO - Saved 0 fields to /Users/draw/development/docassemble/docassemble_webapp/docassemble/webapp/data/questions/ontario-family-law/utilities/workflow_output/parsed_data/csv/form_27B_fields.csv
2025-08-19 21:20:57,964 - automated_form_processor - INFO - Generated YAML interview: /Users/draw/development/docassemble/docassemble_webapp/docassemble/webapp/data/questions/ontario-family-law/utilities/workflow_output/parsed_data/yaml/form_27B_interview.yml
2025-08-19 21:20:57,965 - automated_form_processor - INFO - ✓ Successfully processed Form 27B
2025-08-19 21:20:57,966 - automated_form_processor - INFO - Processing Form 27C: apr16-en-fil
2025-08-19 21:20:57,966 - automated_form_processor - ERROR - Could not find form file for Form 27C in /Users/draw/development/docassemble/docassemble_webapp/docassemble/webapp/data/questions/ontario-family-law/utilities/workflow_output/parsed_data/downloads
2025-08-19 21:20:57,966 - automated_form_processor - INFO - Expected filename: form_27c.pdf
2025-08-19 21:20:57,966 - automated_form_processor - INFO - Available files: ['form_25c_-_adoption_order_flr-25c-may25-en-fil.docx', 'form_37_-_interjurisdictional_support_order_flr-37-apr24-en-fil.docx', 'form_10_-_answer_flr-10-jun25-en-fil.docx', 'form_29_-_request_garnishment_flr-29-apr16-en-fil.docx', 'form_10a_-_reply_flr-10a-e.pdf']...
2025-08-19 21:20:57,966 - automated_form_processor - INFO - Extracting fields from /Users/draw/development/docassemble/docassemble_webapp/docassemble/webapp/data/questions/ontario-family-law/utilities/workflow_output/parsed_data/downloads/form_27c.pdf
2025-08-19 21:20:57,966 - unified_parser_with_gcp - INFO - Starting comprehensive parsing of form_27c.pdf
2025-08-19 21:20:57,966 - unified_parser_with_gcp - INFO - Parsing with OSS native libraries...
2025-08-19 21:20:57,966 - unified_parser_with_gcp - INFO - Parsing tables with OSS libraries...
2025-08-19 21:20:57,966 - unified_parser_with_gcp - INFO - Building consensus from all extraction methods...
2025-08-19 21:20:57,966 - unified_parser_with_gcp - INFO - Validating consistency...
2025-08-19 21:20:57,967 - unified_parser_with_gcp - INFO - Applying Ontario-specific rules...
2025-08-19 21:20:57,967 - automated_form_processor - INFO - Extracted 0 fields using unified parser
2025-08-19 21:20:57,967 - automated_form_processor - INFO - Saved 0 fields to /Users/draw/development/docassemble/docassemble_webapp/docassemble/webapp/data/questions/ontario-family-law/utilities/workflow_output/parsed_data/csv/form_27C_fields.csv
2025-08-19 21:20:57,968 - automated_form_processor - INFO - Generated YAML interview: /Users/draw/development/docassemble/docassemble_webapp/docassemble/webapp/data/questions/ontario-family-law/utilities/workflow_output/parsed_data/yaml/form_27C_interview.yml
2025-08-19 21:20:57,969 - automated_form_processor - INFO - ✓ Successfully processed Form 27C
2025-08-19 21:20:57,970 - automated_form_processor - INFO - Processing Form 28: apr16-en-fil
2025-08-19 21:20:57,970 - automated_form_processor - INFO - Found form file: /Users/draw/development/docassemble/docassemble_webapp/docassemble/webapp/data/questions/ontario-family-law/utilities/workflow_output/parsed_data/downloads/form_28_-_writ_seizure_sale_flr-28-apr16-en-fil.docx
2025-08-19 21:20:57,970 - automated_form_processor - INFO - Extracting fields from /Users/draw/development/docassemble/docassemble_webapp/docassemble/webapp/data/questions/ontario-family-law/utilities/workflow_output/parsed_data/downloads/form_28_-_writ_seizure_sale_flr-28-apr16-en-fil.docx
2025-08-19 21:20:57,970 - unified_parser_with_gcp - INFO - Starting comprehensive parsing of form_28_-_writ_seizure_sale_flr-28-apr16-en-fil.docx
2025-08-19 21:20:57,970 - unified_parser_with_gcp - INFO - Parsing with OSS native libraries...
2025-08-19 21:20:58,064 - unified_parser_with_gcp - INFO - Parsing tables with OSS libraries...
2025-08-19 21:20:58,065 - unified_parser_with_gcp - INFO - Building consensus from all extraction methods...
2025-08-19 21:20:58,065 - unified_parser_with_gcp - INFO - Validating consistency...
2025-08-19 21:20:58,065 - unified_parser_with_gcp - INFO - Applying Ontario-specific rules...
2025-08-19 21:20:58,065 - automated_form_processor - INFO - Extracted 43 fields using unified parser
2025-08-19 21:20:58,066 - automated_form_processor - INFO - Saved 43 fields to /Users/draw/development/docassemble/docassemble_webapp/docassemble/webapp/data/questions/ontario-family-law/utilities/workflow_output/parsed_data/csv/form_28_fields.csv
2025-08-19 21:20:58,072 - automated_form_processor - INFO - Generated YAML interview: /Users/draw/development/docassemble/docassemble_webapp/docassemble/webapp/data/questions/ontario-family-law/utilities/workflow_output/parsed_data/yaml/form_28_interview.yml
2025-08-19 21:20:58,073 - automated_form_processor - INFO - ✓ Successfully processed Form 28
2025-08-19 21:20:58,074 - automated_form_processor - INFO - Processing Form 28A: e
2025-08-19 21:20:58,074 - automated_form_processor - ERROR - Could not find form file for Form 28A in /Users/draw/development/docassemble/docassemble_webapp/docassemble/webapp/data/questions/ontario-family-law/utilities/workflow_output/parsed_data/downloads
2025-08-19 21:20:58,074 - automated_form_processor - INFO - Expected filename: form_28a.pdf
2025-08-19 21:20:58,074 - automated_form_processor - INFO - Available files: ['form_25c_-_adoption_order_flr-25c-may25-en-fil.docx', 'form_37_-_interjurisdictional_support_order_flr-37-apr24-en-fil.docx', 'form_10_-_answer_flr-10-jun25-en-fil.docx', 'form_29_-_request_garnishment_flr-29-apr16-en-fil.docx', 'form_10a_-_reply_flr-10a-e.pdf']...
2025-08-19 21:20:58,074 - automated_form_processor - INFO - Extracting fields from /Users/draw/development/docassemble/docassemble_webapp/docassemble/webapp/data/questions/ontario-family-law/utilities/workflow_output/parsed_data/downloads/form_28a.pdf
2025-08-19 21:20:58,074 - unified_parser_with_gcp - INFO - Starting comprehensive parsing of form_28a.pdf
2025-08-19 21:20:58,074 - unified_parser_with_gcp - INFO - Parsing with OSS native libraries...
2025-08-19 21:20:58,075 - unified_parser_with_gcp - INFO - Parsing tables with OSS libraries...
2025-08-19 21:20:58,075 - unified_parser_with_gcp - INFO - Building consensus from all extraction methods...
2025-08-19 21:20:58,075 - unified_parser_with_gcp - INFO - Validating consistency...
2025-08-19 21:20:58,075 - unified_parser_with_gcp - INFO - Applying Ontario-specific rules...
2025-08-19 21:20:58,075 - automated_form_processor - INFO - Extracted 0 fields using unified parser
2025-08-19 21:20:58,075 - automated_form_processor - INFO - Saved 0 fields to /Users/draw/development/docassemble/docassemble_webapp/docassemble/webapp/data/questions/ontario-family-law/utilities/workflow_output/parsed_data/csv/form_28A_fields.csv
2025-08-19 21:20:58,076 - automated_form_processor - INFO - Generated YAML interview: /Users/draw/development/docassemble/docassemble_webapp/docassemble/webapp/data/questions/ontario-family-law/utilities/workflow_output/parsed_data/yaml/form_28A_interview.yml
2025-08-19 21:20:58,077 - automated_form_processor - INFO - ✓ Successfully processed Form 28A
2025-08-19 21:20:58,078 - automated_form_processor - INFO - Processing Form 28B: flr_28b_jun1507_en_fil
2025-08-19 21:20:58,078 - automated_form_processor - ERROR - Could not find form file for Form 28B in /Users/draw/development/docassemble/docassemble_webapp/docassemble/webapp/data/questions/ontario-family-law/utilities/workflow_output/parsed_data/downloads
2025-08-19 21:20:58,078 - automated_form_processor - INFO - Expected filename: form_28b.pdf
2025-08-19 21:20:58,079 - automated_form_processor - INFO - Available files: ['form_25c_-_adoption_order_flr-25c-may25-en-fil.docx', 'form_37_-_interjurisdictional_support_order_flr-37-apr24-en-fil.docx', 'form_10_-_answer_flr-10-jun25-en-fil.docx', 'form_29_-_request_garnishment_flr-29-apr16-en-fil.docx', 'form_10a_-_reply_flr-10a-e.pdf']...
2025-08-19 21:20:58,079 - automated_form_processor - INFO - Extracting fields from /Users/draw/development/docassemble/docassemble_webapp/docassemble/webapp/data/questions/ontario-family-law/utilities/workflow_output/parsed_data/downloads/form_28b.pdf
2025-08-19 21:20:58,079 - unified_parser_with_gcp - INFO - Starting comprehensive parsing of form_28b.pdf
2025-08-19 21:20:58,079 - unified_parser_with_gcp - INFO - Parsing with OSS native libraries...
2025-08-19 21:20:58,079 - unified_parser_with_gcp - INFO - Parsing tables with OSS libraries...
2025-08-19 21:20:58,079 - unified_parser_with_gcp - INFO - Building consensus from all extraction methods...
2025-08-19 21:20:58,079 - unified_parser_with_gcp - INFO - Validating consistency...
2025-08-19 21:20:58,079 - unified_parser_with_gcp - INFO - Applying Ontario-specific rules...
2025-08-19 21:20:58,079 - automated_form_processor - INFO - Extracted 0 fields using unified parser
2025-08-19 21:20:58,079 - automated_form_processor - INFO - Saved 0 fields to /Users/draw/development/docassemble/docassemble_webapp/docassemble/webapp/data/questions/ontario-family-law/utilities/workflow_output/parsed_data/csv/form_28B_fields.csv
2025-08-19 21:20:58,080 - automated_form_processor - INFO - Generated YAML interview: /Users/draw/development/docassemble/docassemble_webapp/docassemble/webapp/data/questions/ontario-family-law/utilities/workflow_output/parsed_data/yaml/form_28B_interview.yml
2025-08-19 21:20:58,081 - automated_form_processor - INFO - ✓ Successfully processed Form 28B
2025-08-19 21:20:58,081 - automated_form_processor - INFO - Processing Form 28C: e
2025-08-19 21:20:58,082 - automated_form_processor - ERROR - Could not find form file for Form 28C in /Users/draw/development/docassemble/docassemble_webapp/docassemble/webapp/data/questions/ontario-family-law/utilities/workflow_output/parsed_data/downloads
2025-08-19 21:20:58,082 - automated_form_processor - INFO - Expected filename: form_28c.pdf
2025-08-19 21:20:58,082 - automated_form_processor - INFO - Available files: ['form_25c_-_adoption_order_flr-25c-may25-en-fil.docx', 'form_37_-_interjurisdictional_support_order_flr-37-apr24-en-fil.docx', 'form_10_-_answer_flr-10-jun25-en-fil.docx', 'form_29_-_request_garnishment_flr-29-apr16-en-fil.docx', 'form_10a_-_reply_flr-10a-e.pdf']...
2025-08-19 21:20:58,082 - automated_form_processor - INFO - Extracting fields from /Users/draw/development/docassemble/docassemble_webapp/docassemble/webapp/data/questions/ontario-family-law/utilities/workflow_output/parsed_data/downloads/form_28c.pdf
2025-08-19 21:20:58,082 - unified_parser_with_gcp - INFO - Starting comprehensive parsing of form_28c.pdf
2025-08-19 21:20:58,082 - unified_parser_with_gcp - INFO - Parsing with OSS native libraries...
2025-08-19 21:20:58,082 - unified_parser_with_gcp - INFO - Parsing tables with OSS libraries...
2025-08-19 21:20:58,082 - unified_parser_with_gcp - INFO - Building consensus from all extraction methods...
2025-08-19 21:20:58,082 - unified_parser_with_gcp - INFO - Validating consistency...
2025-08-19 21:20:58,082 - unified_parser_with_gcp - INFO - Applying Ontario-specific rules...
2025-08-19 21:20:58,082 - automated_form_processor - INFO - Extracted 0 fields using unified parser
2025-08-19 21:20:58,082 - automated_form_processor - INFO - Saved 0 fields to /Users/draw/development/docassemble/docassemble_webapp/docassemble/webapp/data/questions/ontario-family-law/utilities/workflow_output/parsed_data/csv/form_28C_fields.csv
2025-08-19 21:20:58,084 - automated_form_processor - INFO - Generated YAML interview: /Users/draw/development/docassemble/docassemble_webapp/docassemble/webapp/data/questions/ontario-family-law/utilities/workflow_output/parsed_data/yaml/form_28C_interview.yml
2025-08-19 21:20:58,084 - automated_form_processor - INFO - ✓ Successfully processed Form 28C
2025-08-19 21:20:58,085 - automated_form_processor - INFO - Processing Form 29: apr16-en-fil
2025-08-19 21:20:58,085 - automated_form_processor - INFO - Found form file: /Users/draw/development/docassemble/docassemble_webapp/docassemble/webapp/data/questions/ontario-family-law/utilities/workflow_output/parsed_data/downloads/form_29_-_request_garnishment_flr-29-apr16-en-fil.docx
2025-08-19 21:20:58,085 - automated_form_processor - INFO - Extracting fields from /Users/draw/development/docassemble/docassemble_webapp/docassemble/webapp/data/questions/ontario-family-law/utilities/workflow_output/parsed_data/downloads/form_29_-_request_garnishment_flr-29-apr16-en-fil.docx
2025-08-19 21:20:58,085 - unified_parser_with_gcp - INFO - Starting comprehensive parsing of form_29_-_request_garnishment_flr-29-apr16-en-fil.docx
2025-08-19 21:20:58,085 - unified_parser_with_gcp - INFO - Parsing with OSS native libraries...
2025-08-19 21:20:58,176 - unified_parser_with_gcp - INFO - Parsing tables with OSS libraries...
2025-08-19 21:20:58,176 - unified_parser_with_gcp - INFO - Building consensus from all extraction methods...
2025-08-19 21:20:58,177 - unified_parser_with_gcp - INFO - Validating consistency...
2025-08-19 21:20:58,177 - unified_parser_with_gcp - INFO - Applying Ontario-specific rules...
2025-08-19 21:20:58,177 - automated_form_processor - INFO - Extracted 35 fields using unified parser
2025-08-19 21:20:58,178 - automated_form_processor - INFO - Saved 35 fields to /Users/draw/development/docassemble/docassemble_webapp/docassemble/webapp/data/questions/ontario-family-law/utilities/workflow_output/parsed_data/csv/form_29_fields.csv
2025-08-19 21:20:58,183 - automated_form_processor - INFO - Generated YAML interview: /Users/draw/development/docassemble/docassemble_webapp/docassemble/webapp/data/questions/ontario-family-law/utilities/workflow_output/parsed_data/yaml/form_29_interview.yml
2025-08-19 21:20:58,183 - automated_form_processor - INFO - ✓ Successfully processed Form 29
2025-08-19 21:20:58,184 - automated_form_processor - INFO - Processing Form 29A: apr16-en-fil
2025-08-19 21:20:58,185 - automated_form_processor - INFO - Found form file: /Users/draw/development/docassemble/docassemble_webapp/docassemble/webapp/data/questions/ontario-family-law/utilities/workflow_output/parsed_data/downloads/form_29a_-_notice_garnishment_lump_sum_flr-29a-apr16-en-fil.docx
2025-08-19 21:20:58,185 - automated_form_processor - INFO - Extracting fields from /Users/draw/development/docassemble/docassemble_webapp/docassemble/webapp/data/questions/ontario-family-law/utilities/workflow_output/parsed_data/downloads/form_29a_-_notice_garnishment_lump_sum_flr-29a-apr16-en-fil.docx
2025-08-19 21:20:58,185 - unified_parser_with_gcp - INFO - Starting comprehensive parsing of form_29a_-_notice_garnishment_lump_sum_flr-29a-apr16-en-fil.docx
2025-08-19 21:20:58,185 - unified_parser_with_gcp - INFO - Parsing with OSS native libraries...
2025-08-19 21:20:58,236 - unified_parser_with_gcp - INFO - Parsing tables with OSS libraries...
2025-08-19 21:20:58,236 - unified_parser_with_gcp - INFO - Building consensus from all extraction methods...
2025-08-19 21:20:58,236 - unified_parser_with_gcp - INFO - Validating consistency...
2025-08-19 21:20:58,236 - unified_parser_with_gcp - INFO - Applying Ontario-specific rules...
2025-08-19 21:20:58,236 - automated_form_processor - INFO - Extracted 52 fields using unified parser
2025-08-19 21:20:58,237 - automated_form_processor - INFO - Saved 52 fields to /Users/draw/development/docassemble/docassemble_webapp/docassemble/webapp/data/questions/ontario-family-law/utilities/workflow_output/parsed_data/csv/form_29A_fields.csv
2025-08-19 21:20:58,244 - automated_form_processor - INFO - Generated YAML interview: /Users/draw/development/docassemble/docassemble_webapp/docassemble/webapp/data/questions/ontario-family-law/utilities/workflow_output/parsed_data/yaml/form_29A_interview.yml
2025-08-19 21:20:58,245 - automated_form_processor - INFO - ✓ Successfully processed Form 29A
2025-08-19 21:20:58,246 - automated_form_processor - INFO - Processing Form 29B: apr16-en-fil
2025-08-19 21:20:58,246 - automated_form_processor - INFO - Found form file: /Users/draw/development/docassemble/docassemble_webapp/docassemble/webapp/data/questions/ontario-family-law/utilities/workflow_output/parsed_data/downloads/form_29b_-_notice_garnishment_periodic_flr-29b-apr16-en-fil.docx
2025-08-19 21:20:58,246 - automated_form_processor - INFO - Extracting fields from /Users/draw/development/docassemble/docassemble_webapp/docassemble/webapp/data/questions/ontario-family-law/utilities/workflow_output/parsed_data/downloads/form_29b_-_notice_garnishment_periodic_flr-29b-apr16-en-fil.docx
2025-08-19 21:20:58,246 - unified_parser_with_gcp - INFO - Starting comprehensive parsing of form_29b_-_notice_garnishment_periodic_flr-29b-apr16-en-fil.docx
2025-08-19 21:20:58,246 - unified_parser_with_gcp - INFO - Parsing with OSS native libraries...
2025-08-19 21:20:58,359 - unified_parser_with_gcp - INFO - Parsing tables with OSS libraries...
2025-08-19 21:20:58,359 - unified_parser_with_gcp - INFO - Building consensus from all extraction methods...
2025-08-19 21:20:58,360 - unified_parser_with_gcp - INFO - Validating consistency...
2025-08-19 21:20:58,360 - unified_parser_with_gcp - INFO - Applying Ontario-specific rules...
2025-08-19 21:20:58,360 - automated_form_processor - INFO - Extracted 58 fields using unified parser
2025-08-19 21:20:58,361 - automated_form_processor - INFO - Saved 58 fields to /Users/draw/development/docassemble/docassemble_webapp/docassemble/webapp/data/questions/ontario-family-law/utilities/workflow_output/parsed_data/csv/form_29B_fields.csv
2025-08-19 21:20:58,369 - automated_form_processor - INFO - Generated YAML interview: /Users/draw/development/docassemble/docassemble_webapp/docassemble/webapp/data/questions/ontario-family-law/utilities/workflow_output/parsed_data/yaml/form_29B_interview.yml
2025-08-19 21:20:58,369 - automated_form_processor - INFO - ✓ Successfully processed Form 29B
2025-08-19 21:20:58,370 - automated_form_processor - INFO - Processing Form 29C: e
2025-08-19 21:20:58,371 - automated_form_processor - ERROR - Could not find form file for Form 29C in /Users/draw/development/docassemble/docassemble_webapp/docassemble/webapp/data/questions/ontario-family-law/utilities/workflow_output/parsed_data/downloads
2025-08-19 21:20:58,371 - automated_form_processor - INFO - Expected filename: form_29c.pdf
2025-08-19 21:20:58,371 - automated_form_processor - INFO - Available files: ['form_25c_-_adoption_order_flr-25c-may25-en-fil.docx', 'form_37_-_interjurisdictional_support_order_flr-37-apr24-en-fil.docx', 'form_10_-_answer_flr-10-jun25-en-fil.docx', 'form_29_-_request_garnishment_flr-29-apr16-en-fil.docx', 'form_10a_-_reply_flr-10a-e.pdf']...
2025-08-19 21:20:58,371 - automated_form_processor - INFO - Extracting fields from /Users/draw/development/docassemble/docassemble_webapp/docassemble/webapp/data/questions/ontario-family-law/utilities/workflow_output/parsed_data/downloads/form_29c.pdf
2025-08-19 21:20:58,371 - unified_parser_with_gcp - INFO - Starting comprehensive parsing of form_29c.pdf
2025-08-19 21:20:58,371 - unified_parser_with_gcp - INFO - Parsing with OSS native libraries...
2025-08-19 21:20:58,371 - unified_parser_with_gcp - INFO - Parsing tables with OSS libraries...
2025-08-19 21:20:58,371 - unified_parser_with_gcp - INFO - Building consensus from all extraction methods...
2025-08-19 21:20:58,371 - unified_parser_with_gcp - INFO - Validating consistency...
2025-08-19 21:20:58,371 - unified_parser_with_gcp - INFO - Applying Ontario-specific rules...
2025-08-19 21:20:58,371 - automated_form_processor - INFO - Extracted 0 fields using unified parser
2025-08-19 21:20:58,371 - automated_form_processor - INFO - Saved 0 fields to /Users/draw/development/docassemble/docassemble_webapp/docassemble/webapp/data/questions/ontario-family-law/utilities/workflow_output/parsed_data/csv/form_29C_fields.csv
2025-08-19 21:20:58,373 - automated_form_processor - INFO - Generated YAML interview: /Users/draw/development/docassemble/docassemble_webapp/docassemble/webapp/data/questions/ontario-family-law/utilities/workflow_output/parsed_data/yaml/form_29C_interview.yml
2025-08-19 21:20:58,374 - automated_form_processor - INFO - ✓ Successfully processed Form 29C
2025-08-19 21:20:58,374 - automated_form_processor - INFO - Processing Form 29D: apr16-en-fil
2025-08-19 21:20:58,375 - automated_form_processor - ERROR - Could not find form file for Form 29D in /Users/draw/development/docassemble/docassemble_webapp/docassemble/webapp/data/questions/ontario-family-law/utilities/workflow_output/parsed_data/downloads
2025-08-19 21:20:58,375 - automated_form_processor - INFO - Expected filename: form_29d.pdf
2025-08-19 21:20:58,375 - automated_form_processor - INFO - Available files: ['form_25c_-_adoption_order_flr-25c-may25-en-fil.docx', 'form_37_-_interjurisdictional_support_order_flr-37-apr24-en-fil.docx', 'form_10_-_answer_flr-10-jun25-en-fil.docx', 'form_29_-_request_garnishment_flr-29-apr16-en-fil.docx', 'form_10a_-_reply_flr-10a-e.pdf']...
2025-08-19 21:20:58,375 - automated_form_processor - INFO - Extracting fields from /Users/draw/development/docassemble/docassemble_webapp/docassemble/webapp/data/questions/ontario-family-law/utilities/workflow_output/parsed_data/downloads/form_29d.pdf
2025-08-19 21:20:58,375 - unified_parser_with_gcp - INFO - Starting comprehensive parsing of form_29d.pdf
2025-08-19 21:20:58,375 - unified_parser_with_gcp - INFO - Parsing with OSS native libraries...
2025-08-19 21:20:58,375 - unified_parser_with_gcp - INFO - Parsing tables with OSS libraries...
2025-08-19 21:20:58,375 - unified_parser_with_gcp - INFO - Building consensus from all extraction methods...
2025-08-19 21:20:58,375 - unified_parser_with_gcp - INFO - Validating consistency...
2025-08-19 21:20:58,375 - unified_parser_with_gcp - INFO - Applying Ontario-specific rules...
2025-08-19 21:20:58,375 - automated_form_processor - INFO - Extracted 0 fields using unified parser
2025-08-19 21:20:58,375 - automated_form_processor - INFO - Saved 0 fields to /Users/draw/development/docassemble/docassemble_webapp/docassemble/webapp/data/questions/ontario-family-law/utilities/workflow_output/parsed_data/csv/form_29D_fields.csv
2025-08-19 21:20:58,377 - automated_form_processor - INFO - Generated YAML interview: /Users/draw/development/docassemble/docassemble_webapp/docassemble/webapp/data/questions/ontario-family-law/utilities/workflow_output/parsed_data/yaml/form_29D_interview.yml
2025-08-19 21:20:58,378 - automated_form_processor - INFO - ✓ Successfully processed Form 29D
2025-08-19 21:20:58,379 - automated_form_processor - INFO - Processing Form 29E: e
2025-08-19 21:20:58,379 - automated_form_processor - ERROR - Could not find form file for Form 29E in /Users/draw/development/docassemble/docassemble_webapp/docassemble/webapp/data/questions/ontario-family-law/utilities/workflow_output/parsed_data/downloads
2025-08-19 21:20:58,379 - automated_form_processor - INFO - Expected filename: form_29e.pdf
2025-08-19 21:20:58,379 - automated_form_processor - INFO - Available files: ['form_25c_-_adoption_order_flr-25c-may25-en-fil.docx', 'form_37_-_interjurisdictional_support_order_flr-37-apr24-en-fil.docx', 'form_10_-_answer_flr-10-jun25-en-fil.docx', 'form_29_-_request_garnishment_flr-29-apr16-en-fil.docx', 'form_10a_-_reply_flr-10a-e.pdf']...
2025-08-19 21:20:58,379 - automated_form_processor - INFO - Extracting fields from /Users/draw/development/docassemble/docassemble_webapp/docassemble/webapp/data/questions/ontario-family-law/utilities/workflow_output/parsed_data/downloads/form_29e.pdf
2025-08-19 21:20:58,379 - unified_parser_with_gcp - INFO - Starting comprehensive parsing of form_29e.pdf
2025-08-19 21:20:58,379 - unified_parser_with_gcp - INFO - Parsing with OSS native libraries...
2025-08-19 21:20:58,379 - unified_parser_with_gcp - INFO - Parsing tables with OSS libraries...
2025-08-19 21:20:58,379 - unified_parser_with_gcp - INFO - Building consensus from all extraction methods...
2025-08-19 21:20:58,379 - unified_parser_with_gcp - INFO - Validating consistency...
2025-08-19 21:20:58,379 - unified_parser_with_gcp - INFO - Applying Ontario-specific rules...
2025-08-19 21:20:58,379 - automated_form_processor - INFO - Extracted 0 fields using unified parser
2025-08-19 21:20:58,379 - automated_form_processor - INFO - Saved 0 fields to /Users/draw/development/docassemble/docassemble_webapp/docassemble/webapp/data/questions/ontario-family-law/utilities/workflow_output/parsed_data/csv/form_29E_fields.csv
2025-08-19 21:20:58,381 - automated_form_processor - INFO - Generated YAML interview: /Users/draw/development/docassemble/docassemble_webapp/docassemble/webapp/data/questions/ontario-family-law/utilities/workflow_output/parsed_data/yaml/form_29E_interview.yml
2025-08-19 21:20:58,381 - automated_form_processor - INFO - ✓ Successfully processed Form 29E
2025-08-19 21:20:58,382 - automated_form_processor - INFO - Processing Form 29F: e
2025-08-19 21:20:58,383 - automated_form_processor - ERROR - Could not find form file for Form 29F in /Users/draw/development/docassemble/docassemble_webapp/docassemble/webapp/data/questions/ontario-family-law/utilities/workflow_output/parsed_data/downloads
2025-08-19 21:20:58,383 - automated_form_processor - INFO - Expected filename: form_29f.pdf
2025-08-19 21:20:58,383 - automated_form_processor - INFO - Available files: ['form_25c_-_adoption_order_flr-25c-may25-en-fil.docx', 'form_37_-_interjurisdictional_support_order_flr-37-apr24-en-fil.docx', 'form_10_-_answer_flr-10-jun25-en-fil.docx', 'form_29_-_request_garnishment_flr-29-apr16-en-fil.docx', 'form_10a_-_reply_flr-10a-e.pdf']...
2025-08-19 21:20:58,383 - automated_form_processor - INFO - Extracting fields from /Users/draw/development/docassemble/docassemble_webapp/docassemble/webapp/data/questions/ontario-family-law/utilities/workflow_output/parsed_data/downloads/form_29f.pdf
2025-08-19 21:20:58,383 - unified_parser_with_gcp - INFO - Starting comprehensive parsing of form_29f.pdf
2025-08-19 21:20:58,383 - unified_parser_with_gcp - INFO - Parsing with OSS native libraries...
2025-08-19 21:20:58,383 - unified_parser_with_gcp - INFO - Parsing tables with OSS libraries...
2025-08-19 21:20:58,383 - unified_parser_with_gcp - INFO - Building consensus from all extraction methods...
2025-08-19 21:20:58,383 - unified_parser_with_gcp - INFO - Validating consistency...
2025-08-19 21:20:58,383 - unified_parser_with_gcp - INFO - Applying Ontario-specific rules...
2025-08-19 21:20:58,383 - automated_form_processor - INFO - Extracted 0 fields using unified parser
2025-08-19 21:20:58,383 - automated_form_processor - INFO - Saved 0 fields to /Users/draw/development/docassemble/docassemble_webapp/docassemble/webapp/data/questions/ontario-family-law/utilities/workflow_output/parsed_data/csv/form_29F_fields.csv
2025-08-19 21:20:58,385 - automated_form_processor - INFO - Generated YAML interview: /Users/draw/development/docassemble/docassemble_webapp/docassemble/webapp/data/questions/ontario-family-law/utilities/workflow_output/parsed_data/yaml/form_29F_interview.yml
2025-08-19 21:20:58,385 - automated_form_processor - INFO - ✓ Successfully processed Form 29F
2025-08-19 21:20:58,386 - automated_form_processor - INFO - Processing Form 29G: e
2025-08-19 21:20:58,387 - automated_form_processor - ERROR - Could not find form file for Form 29G in /Users/draw/development/docassemble/docassemble_webapp/docassemble/webapp/data/questions/ontario-family-law/utilities/workflow_output/parsed_data/downloads
2025-08-19 21:20:58,387 - automated_form_processor - INFO - Expected filename: form_29g.pdf
2025-08-19 21:20:58,387 - automated_form_processor - INFO - Available files: ['form_25c_-_adoption_order_flr-25c-may25-en-fil.docx', 'form_37_-_interjurisdictional_support_order_flr-37-apr24-en-fil.docx', 'form_10_-_answer_flr-10-jun25-en-fil.docx', 'form_29_-_request_garnishment_flr-29-apr16-en-fil.docx', 'form_10a_-_reply_flr-10a-e.pdf']...
2025-08-19 21:20:58,387 - automated_form_processor - INFO - Extracting fields from /Users/draw/development/docassemble/docassemble_webapp/docassemble/webapp/data/questions/ontario-family-law/utilities/workflow_output/parsed_data/downloads/form_29g.pdf
2025-08-19 21:20:58,387 - unified_parser_with_gcp - INFO - Starting comprehensive parsing of form_29g.pdf
2025-08-19 21:20:58,387 - unified_parser_with_gcp - INFO - Parsing with OSS native libraries...
2025-08-19 21:20:58,387 - unified_parser_with_gcp - INFO - Parsing tables with OSS libraries...
2025-08-19 21:20:58,387 - unified_parser_with_gcp - INFO - Building consensus from all extraction methods...
2025-08-19 21:20:58,387 - unified_parser_with_gcp - INFO - Validating consistency...
2025-08-19 21:20:58,387 - unified_parser_with_gcp - INFO - Applying Ontario-specific rules...
2025-08-19 21:20:58,387 - automated_form_processor - INFO - Extracted 0 fields using unified parser
2025-08-19 21:20:58,387 - automated_form_processor - INFO - Saved 0 fields to /Users/draw/development/docassemble/docassemble_webapp/docassemble/webapp/data/questions/ontario-family-law/utilities/workflow_output/parsed_data/csv/form_29G_fields.csv
2025-08-19 21:20:58,389 - automated_form_processor - INFO - Generated YAML interview: /Users/draw/development/docassemble/docassemble_webapp/docassemble/webapp/data/questions/ontario-family-law/utilities/workflow_output/parsed_data/yaml/form_29G_interview.yml
2025-08-19 21:20:58,389 - automated_form_processor - INFO - ✓ Successfully processed Form 29G
2025-08-19 21:20:58,390 - automated_form_processor - INFO - Processing Form 29H: e
2025-08-19 21:20:58,390 - automated_form_processor - ERROR - Could not find form file for Form 29H in /Users/draw/development/docassemble/docassemble_webapp/docassemble/webapp/data/questions/ontario-family-law/utilities/workflow_output/parsed_data/downloads
2025-08-19 21:20:58,390 - automated_form_processor - INFO - Expected filename: form_29h.pdf
2025-08-19 21:20:58,391 - automated_form_processor - INFO - Available files: ['form_25c_-_adoption_order_flr-25c-may25-en-fil.docx', 'form_37_-_interjurisdictional_support_order_flr-37-apr24-en-fil.docx', 'form_10_-_answer_flr-10-jun25-en-fil.docx', 'form_29_-_request_garnishment_flr-29-apr16-en-fil.docx', 'form_10a_-_reply_flr-10a-e.pdf']...
2025-08-19 21:20:58,391 - automated_form_processor - INFO - Extracting fields from /Users/draw/development/docassemble/docassemble_webapp/docassemble/webapp/data/questions/ontario-family-law/utilities/workflow_output/parsed_data/downloads/form_29h.pdf
2025-08-19 21:20:58,391 - unified_parser_with_gcp - INFO - Starting comprehensive parsing of form_29h.pdf
2025-08-19 21:20:58,391 - unified_parser_with_gcp - INFO - Parsing with OSS native libraries...
2025-08-19 21:20:58,391 - unified_parser_with_gcp - INFO - Parsing tables with OSS libraries...
2025-08-19 21:20:58,391 - unified_parser_with_gcp - INFO - Building consensus from all extraction methods...
2025-08-19 21:20:58,391 - unified_parser_with_gcp - INFO - Validating consistency...
2025-08-19 21:20:58,391 - unified_parser_with_gcp - INFO - Applying Ontario-specific rules...
2025-08-19 21:20:58,391 - automated_form_processor - INFO - Extracted 0 fields using unified parser
2025-08-19 21:20:58,391 - automated_form_processor - INFO - Saved 0 fields to /Users/draw/development/docassemble/docassemble_webapp/docassemble/webapp/data/questions/ontario-family-law/utilities/workflow_output/parsed_data/csv/form_29H_fields.csv
2025-08-19 21:20:58,392 - automated_form_processor - INFO - Generated YAML interview: /Users/draw/development/docassemble/docassemble_webapp/docassemble/webapp/data/questions/ontario-family-law/utilities/workflow_output/parsed_data/yaml/form_29H_interview.yml
2025-08-19 21:20:58,393 - automated_form_processor - INFO - ✓ Successfully processed Form 29H
2025-08-19 21:20:58,395 - automated_form_processor - INFO - Processing Form 29I: e
2025-08-19 21:20:58,395 - automated_form_processor - ERROR - Could not find form file for Form 29I in /Users/draw/development/docassemble/docassemble_webapp/docassemble/webapp/data/questions/ontario-family-law/utilities/workflow_output/parsed_data/downloads
2025-08-19 21:20:58,395 - automated_form_processor - INFO - Expected filename: form_29i.pdf
2025-08-19 21:20:58,395 - automated_form_processor - INFO - Available files: ['form_25c_-_adoption_order_flr-25c-may25-en-fil.docx', 'form_37_-_interjurisdictional_support_order_flr-37-apr24-en-fil.docx', 'form_10_-_answer_flr-10-jun25-en-fil.docx', 'form_29_-_request_garnishment_flr-29-apr16-en-fil.docx', 'form_10a_-_reply_flr-10a-e.pdf']...
2025-08-19 21:20:58,395 - automated_form_processor - INFO - Extracting fields from /Users/draw/development/docassemble/docassemble_webapp/docassemble/webapp/data/questions/ontario-family-law/utilities/workflow_output/parsed_data/downloads/form_29i.pdf
2025-08-19 21:20:58,395 - unified_parser_with_gcp - INFO - Starting comprehensive parsing of form_29i.pdf
2025-08-19 21:20:58,395 - unified_parser_with_gcp - INFO - Parsing with OSS native libraries...
2025-08-19 21:20:58,395 - unified_parser_with_gcp - INFO - Parsing tables with OSS libraries...
2025-08-19 21:20:58,396 - unified_parser_with_gcp - INFO - Building consensus from all extraction methods...
2025-08-19 21:20:58,396 - unified_parser_with_gcp - INFO - Validating consistency...
2025-08-19 21:20:58,396 - unified_parser_with_gcp - INFO - Applying Ontario-specific rules...
2025-08-19 21:20:58,396 - automated_form_processor - INFO - Extracted 0 fields using unified parser
2025-08-19 21:20:58,396 - automated_form_processor - INFO - Saved 0 fields to /Users/draw/development/docassemble/docassemble_webapp/docassemble/webapp/data/questions/ontario-family-law/utilities/workflow_output/parsed_data/csv/form_29I_fields.csv
2025-08-19 21:20:58,397 - automated_form_processor - INFO - Generated YAML interview: /Users/draw/development/docassemble/docassemble_webapp/docassemble/webapp/data/questions/ontario-family-law/utilities/workflow_output/parsed_data/yaml/form_29I_interview.yml
2025-08-19 21:20:58,398 - automated_form_processor - INFO - ✓ Successfully processed Form 29I
2025-08-19 21:20:58,399 - automated_form_processor - INFO - Processing Form 29J: apr16-en-fil
2025-08-19 21:20:58,399 - automated_form_processor - ERROR - Could not find form file for Form 29J in /Users/draw/development/docassemble/docassemble_webapp/docassemble/webapp/data/questions/ontario-family-law/utilities/workflow_output/parsed_data/downloads
2025-08-19 21:20:58,399 - automated_form_processor - INFO - Expected filename: form_29j.pdf
2025-08-19 21:20:58,399 - automated_form_processor - INFO - Available files: ['form_25c_-_adoption_order_flr-25c-may25-en-fil.docx', 'form_37_-_interjurisdictional_support_order_flr-37-apr24-en-fil.docx', 'form_10_-_answer_flr-10-jun25-en-fil.docx', 'form_29_-_request_garnishment_flr-29-apr16-en-fil.docx', 'form_10a_-_reply_flr-10a-e.pdf']...
2025-08-19 21:20:58,399 - automated_form_processor - INFO - Extracting fields from /Users/draw/development/docassemble/docassemble_webapp/docassemble/webapp/data/questions/ontario-family-law/utilities/workflow_output/parsed_data/downloads/form_29j.pdf
2025-08-19 21:20:58,400 - unified_parser_with_gcp - INFO - Starting comprehensive parsing of form_29j.pdf
2025-08-19 21:20:58,400 - unified_parser_with_gcp - INFO - Parsing with OSS native libraries...
2025-08-19 21:20:58,400 - unified_parser_with_gcp - INFO - Parsing tables with OSS libraries...
2025-08-19 21:20:58,400 - unified_parser_with_gcp - INFO - Building consensus from all extraction methods...
2025-08-19 21:20:58,400 - unified_parser_with_gcp - INFO - Validating consistency...
2025-08-19 21:20:58,400 - unified_parser_with_gcp - INFO - Applying Ontario-specific rules...
2025-08-19 21:20:58,400 - automated_form_processor - INFO - Extracted 0 fields using unified parser
2025-08-19 21:20:58,400 - automated_form_processor - INFO - Saved 0 fields to /Users/draw/development/docassemble/docassemble_webapp/docassemble/webapp/data/questions/ontario-family-law/utilities/workflow_output/parsed_data/csv/form_29J_fields.csv
2025-08-19 21:20:58,402 - automated_form_processor - INFO - Generated YAML interview: /Users/draw/development/docassemble/docassemble_webapp/docassemble/webapp/data/questions/ontario-family-law/utilities/workflow_output/parsed_data/yaml/form_29J_interview.yml
2025-08-19 21:20:58,402 - automated_form_processor - INFO - ✓ Successfully processed Form 29J
2025-08-19 21:20:58,403 - automated_form_processor - INFO - Processing Form 30: apr16-en-fil
2025-08-19 21:20:58,403 - automated_form_processor - INFO - Found form file: /Users/draw/development/docassemble/docassemble_webapp/docassemble/webapp/data/questions/ontario-family-law/utilities/workflow_output/parsed_data/downloads/form_30_-_notice_default_hearing_flr-30-apr16-en-fil.docx
2025-08-19 21:20:58,403 - automated_form_processor - INFO - Extracting fields from /Users/draw/development/docassemble/docassemble_webapp/docassemble/webapp/data/questions/ontario-family-law/utilities/workflow_output/parsed_data/downloads/form_30_-_notice_default_hearing_flr-30-apr16-en-fil.docx
2025-08-19 21:20:58,403 - unified_parser_with_gcp - INFO - Starting comprehensive parsing of form_30_-_notice_default_hearing_flr-30-apr16-en-fil.docx
2025-08-19 21:20:58,403 - unified_parser_with_gcp - INFO - Parsing with OSS native libraries...
2025-08-19 21:20:58,432 - unified_parser_with_gcp - INFO - Parsing tables with OSS libraries...
2025-08-19 21:20:58,432 - unified_parser_with_gcp - INFO - Building consensus from all extraction methods...
2025-08-19 21:20:58,432 - unified_parser_with_gcp - INFO - Validating consistency...
2025-08-19 21:20:58,432 - unified_parser_with_gcp - INFO - Applying Ontario-specific rules...
2025-08-19 21:20:58,432 - automated_form_processor - INFO - Extracted 17 fields using unified parser
2025-08-19 21:20:58,433 - automated_form_processor - INFO - Saved 17 fields to /Users/draw/development/docassemble/docassemble_webapp/docassemble/webapp/data/questions/ontario-family-law/utilities/workflow_output/parsed_data/csv/form_30_fields.csv
2025-08-19 21:20:58,436 - automated_form_processor - INFO - Generated YAML interview: /Users/draw/development/docassemble/docassemble_webapp/docassemble/webapp/data/questions/ontario-family-law/utilities/workflow_output/parsed_data/yaml/form_30_interview.yml
2025-08-19 21:20:58,437 - automated_form_processor - INFO - ✓ Successfully processed Form 30
2025-08-19 21:20:58,438 - automated_form_processor - INFO - Processing Form 30A: e
2025-08-19 21:20:58,438 - automated_form_processor - ERROR - Could not find form file for Form 30A in /Users/draw/development/docassemble/docassemble_webapp/docassemble/webapp/data/questions/ontario-family-law/utilities/workflow_output/parsed_data/downloads
2025-08-19 21:20:58,438 - automated_form_processor - INFO - Expected filename: form_30a.pdf
2025-08-19 21:20:58,438 - automated_form_processor - INFO - Available files: ['form_25c_-_adoption_order_flr-25c-may25-en-fil.docx', 'form_37_-_interjurisdictional_support_order_flr-37-apr24-en-fil.docx', 'form_10_-_answer_flr-10-jun25-en-fil.docx', 'form_29_-_request_garnishment_flr-29-apr16-en-fil.docx', 'form_10a_-_reply_flr-10a-e.pdf']...
2025-08-19 21:20:58,438 - automated_form_processor - INFO - Extracting fields from /Users/draw/development/docassemble/docassemble_webapp/docassemble/webapp/data/questions/ontario-family-law/utilities/workflow_output/parsed_data/downloads/form_30a.pdf
2025-08-19 21:20:58,438 - unified_parser_with_gcp - INFO - Starting comprehensive parsing of form_30a.pdf
2025-08-19 21:20:58,438 - unified_parser_with_gcp - INFO - Parsing with OSS native libraries...
2025-08-19 21:20:58,439 - unified_parser_with_gcp - INFO - Parsing tables with OSS libraries...
2025-08-19 21:20:58,439 - unified_parser_with_gcp - INFO - Building consensus from all extraction methods...
2025-08-19 21:20:58,439 - unified_parser_with_gcp - INFO - Validating consistency...
2025-08-19 21:20:58,439 - unified_parser_with_gcp - INFO - Applying Ontario-specific rules...
2025-08-19 21:20:58,439 - automated_form_processor - INFO - Extracted 0 fields using unified parser
2025-08-19 21:20:58,439 - automated_form_processor - INFO - Saved 0 fields to /Users/draw/development/docassemble/docassemble_webapp/docassemble/webapp/data/questions/ontario-family-law/utilities/workflow_output/parsed_data/csv/form_30A_fields.csv
2025-08-19 21:20:58,440 - automated_form_processor - INFO - Generated YAML interview: /Users/draw/development/docassemble/docassemble_webapp/docassemble/webapp/data/questions/ontario-family-law/utilities/workflow_output/parsed_data/yaml/form_30A_interview.yml
2025-08-19 21:20:58,440 - automated_form_processor - INFO - ✓ Successfully processed Form 30A
2025-08-19 21:20:58,441 - automated_form_processor - INFO - Processing Form 30B: e
2025-08-19 21:20:58,442 - automated_form_processor - ERROR - Could not find form file for Form 30B in /Users/draw/development/docassemble/docassemble_webapp/docassemble/webapp/data/questions/ontario-family-law/utilities/workflow_output/parsed_data/downloads
2025-08-19 21:20:58,442 - automated_form_processor - INFO - Expected filename: form_30b.pdf
2025-08-19 21:20:58,442 - automated_form_processor - INFO - Available files: ['form_25c_-_adoption_order_flr-25c-may25-en-fil.docx', 'form_37_-_interjurisdictional_support_order_flr-37-apr24-en-fil.docx', 'form_10_-_answer_flr-10-jun25-en-fil.docx', 'form_29_-_request_garnishment_flr-29-apr16-en-fil.docx', 'form_10a_-_reply_flr-10a-e.pdf']...
2025-08-19 21:20:58,442 - automated_form_processor - INFO - Extracting fields from /Users/draw/development/docassemble/docassemble_webapp/docassemble/webapp/data/questions/ontario-family-law/utilities/workflow_output/parsed_data/downloads/form_30b.pdf
2025-08-19 21:20:58,442 - unified_parser_with_gcp - INFO - Starting comprehensive parsing of form_30b.pdf
2025-08-19 21:20:58,442 - unified_parser_with_gcp - INFO - Parsing with OSS native libraries...
2025-08-19 21:20:58,442 - unified_parser_with_gcp - INFO - Parsing tables with OSS libraries...
2025-08-19 21:20:58,442 - unified_parser_with_gcp - INFO - Building consensus from all extraction methods...
2025-08-19 21:20:58,442 - unified_parser_with_gcp - INFO - Validating consistency...
2025-08-19 21:20:58,442 - unified_parser_with_gcp - INFO - Applying Ontario-specific rules...
2025-08-19 21:20:58,442 - automated_form_processor - INFO - Extracted 0 fields using unified parser
2025-08-19 21:20:58,442 - automated_form_processor - INFO - Saved 0 fields to /Users/draw/development/docassemble/docassemble_webapp/docassemble/webapp/data/questions/ontario-family-law/utilities/workflow_output/parsed_data/csv/form_30B_fields.csv
2025-08-19 21:20:58,443 - automated_form_processor - INFO - Generated YAML interview: /Users/draw/development/docassemble/docassemble_webapp/docassemble/webapp/data/questions/ontario-family-law/utilities/workflow_output/parsed_data/yaml/form_30B_interview.yml
2025-08-19 21:20:58,444 - automated_form_processor - INFO - ✓ Successfully processed Form 30B
2025-08-19 21:20:58,445 - automated_form_processor - INFO - Processing Form 31: e
2025-08-19 21:20:58,445 - automated_form_processor - ERROR - Could not find form file for Form 31 in /Users/draw/development/docassemble/docassemble_webapp/docassemble/webapp/data/questions/ontario-family-law/utilities/workflow_output/parsed_data/downloads
2025-08-19 21:20:58,445 - automated_form_processor - INFO - Expected filename: form_31.pdf
2025-08-19 21:20:58,446 - automated_form_processor - INFO - Available files: ['form_25c_-_adoption_order_flr-25c-may25-en-fil.docx', 'form_37_-_interjurisdictional_support_order_flr-37-apr24-en-fil.docx', 'form_10_-_answer_flr-10-jun25-en-fil.docx', 'form_29_-_request_garnishment_flr-29-apr16-en-fil.docx', 'form_10a_-_reply_flr-10a-e.pdf']...
2025-08-19 21:20:58,446 - automated_form_processor - INFO - Extracting fields from /Users/draw/development/docassemble/docassemble_webapp/docassemble/webapp/data/questions/ontario-family-law/utilities/workflow_output/parsed_data/downloads/form_31.pdf
2025-08-19 21:20:58,446 - unified_parser_with_gcp - INFO - Starting comprehensive parsing of form_31.pdf
2025-08-19 21:20:58,446 - unified_parser_with_gcp - INFO - Parsing with OSS native libraries...
2025-08-19 21:20:58,446 - unified_parser_with_gcp - INFO - Parsing tables with OSS libraries...
2025-08-19 21:20:58,446 - unified_parser_with_gcp - INFO - Building consensus from all extraction methods...
2025-08-19 21:20:58,446 - unified_parser_with_gcp - INFO - Validating consistency...
2025-08-19 21:20:58,446 - unified_parser_with_gcp - INFO - Applying Ontario-specific rules...
2025-08-19 21:20:58,446 - automated_form_processor - INFO - Extracted 0 fields using unified parser
2025-08-19 21:20:58,446 - automated_form_processor - INFO - Saved 0 fields to /Users/draw/development/docassemble/docassemble_webapp/docassemble/webapp/data/questions/ontario-family-law/utilities/workflow_output/parsed_data/csv/form_31_fields.csv
2025-08-19 21:20:58,447 - automated_form_processor - INFO - Generated YAML interview: /Users/draw/development/docassemble/docassemble_webapp/docassemble/webapp/data/questions/ontario-family-law/utilities/workflow_output/parsed_data/yaml/form_31_interview.yml
2025-08-19 21:20:58,448 - automated_form_processor - INFO - ✓ Successfully processed Form 31
2025-08-19 21:20:58,449 - automated_form_processor - INFO - Processing Form 32: e
2025-08-19 21:20:58,449 - automated_form_processor - ERROR - Could not find form file for Form 32 in /Users/draw/development/docassemble/docassemble_webapp/docassemble/webapp/data/questions/ontario-family-law/utilities/workflow_output/parsed_data/downloads
2025-08-19 21:20:58,449 - automated_form_processor - INFO - Expected filename: form_32.pdf
2025-08-19 21:20:58,449 - automated_form_processor - INFO - Available files: ['form_25c_-_adoption_order_flr-25c-may25-en-fil.docx', 'form_37_-_interjurisdictional_support_order_flr-37-apr24-en-fil.docx', 'form_10_-_answer_flr-10-jun25-en-fil.docx', 'form_29_-_request_garnishment_flr-29-apr16-en-fil.docx', 'form_10a_-_reply_flr-10a-e.pdf']...
2025-08-19 21:20:58,449 - automated_form_processor - INFO - Extracting fields from /Users/draw/development/docassemble/docassemble_webapp/docassemble/webapp/data/questions/ontario-family-law/utilities/workflow_output/parsed_data/downloads/form_32.pdf
2025-08-19 21:20:58,449 - unified_parser_with_gcp - INFO - Starting comprehensive parsing of form_32.pdf
2025-08-19 21:20:58,449 - unified_parser_with_gcp - INFO - Parsing with OSS native libraries...
2025-08-19 21:20:58,449 - unified_parser_with_gcp - INFO - Parsing tables with OSS libraries...
2025-08-19 21:20:58,449 - unified_parser_with_gcp - INFO - Building consensus from all extraction methods...
2025-08-19 21:20:58,449 - unified_parser_with_gcp - INFO - Validating consistency...
2025-08-19 21:20:58,449 - unified_parser_with_gcp - INFO - Applying Ontario-specific rules...
2025-08-19 21:20:58,449 - automated_form_processor - INFO - Extracted 0 fields using unified parser
2025-08-19 21:20:58,449 - automated_form_processor - INFO - Saved 0 fields to /Users/draw/development/docassemble/docassemble_webapp/docassemble/webapp/data/questions/ontario-family-law/utilities/workflow_output/parsed_data/csv/form_32_fields.csv
2025-08-19 21:20:58,451 - automated_form_processor - INFO - Generated YAML interview: /Users/draw/development/docassemble/docassemble_webapp/docassemble/webapp/data/questions/ontario-family-law/utilities/workflow_output/parsed_data/yaml/form_32_interview.yml
2025-08-19 21:20:58,451 - automated_form_processor - INFO - ✓ Successfully processed Form 32
2025-08-19 21:20:58,452 - automated_form_processor - INFO - Processing Form 32A: e
2025-08-19 21:20:58,453 - automated_form_processor - ERROR - Could not find form file for Form 32A in /Users/draw/development/docassemble/docassemble_webapp/docassemble/webapp/data/questions/ontario-family-law/utilities/workflow_output/parsed_data/downloads
2025-08-19 21:20:58,453 - automated_form_processor - INFO - Expected filename: form_32a.pdf
2025-08-19 21:20:58,453 - automated_form_processor - INFO - Available files: ['form_25c_-_adoption_order_flr-25c-may25-en-fil.docx', 'form_37_-_interjurisdictional_support_order_flr-37-apr24-en-fil.docx', 'form_10_-_answer_flr-10-jun25-en-fil.docx', 'form_29_-_request_garnishment_flr-29-apr16-en-fil.docx', 'form_10a_-_reply_flr-10a-e.pdf']...
2025-08-19 21:20:58,453 - automated_form_processor - INFO - Extracting fields from /Users/draw/development/docassemble/docassemble_webapp/docassemble/webapp/data/questions/ontario-family-law/utilities/workflow_output/parsed_data/downloads/form_32a.pdf
2025-08-19 21:20:58,453 - unified_parser_with_gcp - INFO - Starting comprehensive parsing of form_32a.pdf
2025-08-19 21:20:58,453 - unified_parser_with_gcp - INFO - Parsing with OSS native libraries...
2025-08-19 21:20:58,453 - unified_parser_with_gcp - INFO - Parsing tables with OSS libraries...
2025-08-19 21:20:58,453 - unified_parser_with_gcp - INFO - Building consensus from all extraction methods...
2025-08-19 21:20:58,453 - unified_parser_with_gcp - INFO - Validating consistency...
2025-08-19 21:20:58,453 - unified_parser_with_gcp - INFO - Applying Ontario-specific rules...
2025-08-19 21:20:58,453 - automated_form_processor - INFO - Extracted 0 fields using unified parser
2025-08-19 21:20:58,453 - automated_form_processor - INFO - Saved 0 fields to /Users/draw/development/docassemble/docassemble_webapp/docassemble/webapp/data/questions/ontario-family-law/utilities/workflow_output/parsed_data/csv/form_32A_fields.csv
2025-08-19 21:20:58,455 - automated_form_processor - INFO - Generated YAML interview: /Users/draw/development/docassemble/docassemble_webapp/docassemble/webapp/data/questions/ontario-family-law/utilities/workflow_output/parsed_data/yaml/form_32A_interview.yml
2025-08-19 21:20:58,455 - automated_form_processor - INFO - ✓ Successfully processed Form 32A
2025-08-19 21:20:58,456 - automated_form_processor - INFO - Processing Form 32B: apr16-en-fil
2025-08-19 21:20:58,456 - automated_form_processor - ERROR - Could not find form file for Form 32B in /Users/draw/development/docassemble/docassemble_webapp/docassemble/webapp/data/questions/ontario-family-law/utilities/workflow_output/parsed_data/downloads
2025-08-19 21:20:58,456 - automated_form_processor - INFO - Expected filename: form_32b.pdf
2025-08-19 21:20:58,457 - automated_form_processor - INFO - Available files: ['form_25c_-_adoption_order_flr-25c-may25-en-fil.docx', 'form_37_-_interjurisdictional_support_order_flr-37-apr24-en-fil.docx', 'form_10_-_answer_flr-10-jun25-en-fil.docx', 'form_29_-_request_garnishment_flr-29-apr16-en-fil.docx', 'form_10a_-_reply_flr-10a-e.pdf']...
2025-08-19 21:20:58,457 - automated_form_processor - INFO - Extracting fields from /Users/draw/development/docassemble/docassemble_webapp/docassemble/webapp/data/questions/ontario-family-law/utilities/workflow_output/parsed_data/downloads/form_32b.pdf
2025-08-19 21:20:58,457 - unified_parser_with_gcp - INFO - Starting comprehensive parsing of form_32b.pdf
2025-08-19 21:20:58,457 - unified_parser_with_gcp - INFO - Parsing with OSS native libraries...
2025-08-19 21:20:58,457 - unified_parser_with_gcp - INFO - Parsing tables with OSS libraries...
2025-08-19 21:20:58,457 - unified_parser_with_gcp - INFO - Building consensus from all extraction methods...
2025-08-19 21:20:58,457 - unified_parser_with_gcp - INFO - Validating consistency...
2025-08-19 21:20:58,457 - unified_parser_with_gcp - INFO - Applying Ontario-specific rules...
2025-08-19 21:20:58,457 - automated_form_processor - INFO - Extracted 0 fields using unified parser
2025-08-19 21:20:58,457 - automated_form_processor - INFO - Saved 0 fields to /Users/draw/development/docassemble/docassemble_webapp/docassemble/webapp/data/questions/ontario-family-law/utilities/workflow_output/parsed_data/csv/form_32B_fields.csv
2025-08-19 21:20:58,458 - automated_form_processor - INFO - Generated YAML interview: /Users/draw/development/docassemble/docassemble_webapp/docassemble/webapp/data/questions/ontario-family-law/utilities/workflow_output/parsed_data/yaml/form_32B_interview.yml
2025-08-19 21:20:58,459 - automated_form_processor - INFO - ✓ Successfully processed Form 32B
2025-08-19 21:20:58,460 - automated_form_processor - INFO - Processing Form 32C: e
2025-08-19 21:20:58,461 - automated_form_processor - ERROR - Could not find form file for Form 32C in /Users/draw/development/docassemble/docassemble_webapp/docassemble/webapp/data/questions/ontario-family-law/utilities/workflow_output/parsed_data/downloads
2025-08-19 21:20:58,461 - automated_form_processor - INFO - Expected filename: form_32c.pdf
2025-08-19 21:20:58,461 - automated_form_processor - INFO - Available files: ['form_25c_-_adoption_order_flr-25c-may25-en-fil.docx', 'form_37_-_interjurisdictional_support_order_flr-37-apr24-en-fil.docx', 'form_10_-_answer_flr-10-jun25-en-fil.docx', 'form_29_-_request_garnishment_flr-29-apr16-en-fil.docx', 'form_10a_-_reply_flr-10a-e.pdf']...
2025-08-19 21:20:58,461 - automated_form_processor - INFO - Extracting fields from /Users/draw/development/docassemble/docassemble_webapp/docassemble/webapp/data/questions/ontario-family-law/utilities/workflow_output/parsed_data/downloads/form_32c.pdf
2025-08-19 21:20:58,461 - unified_parser_with_gcp - INFO - Starting comprehensive parsing of form_32c.pdf
2025-08-19 21:20:58,461 - unified_parser_with_gcp - INFO - Parsing with OSS native libraries...
2025-08-19 21:20:58,461 - unified_parser_with_gcp - INFO - Parsing tables with OSS libraries...
2025-08-19 21:20:58,461 - unified_parser_with_gcp - INFO - Building consensus from all extraction methods...
2025-08-19 21:20:58,461 - unified_parser_with_gcp - INFO - Validating consistency...
2025-08-19 21:20:58,461 - unified_parser_with_gcp - INFO - Applying Ontario-specific rules...
2025-08-19 21:20:58,461 - automated_form_processor - INFO - Extracted 0 fields using unified parser
2025-08-19 21:20:58,461 - automated_form_processor - INFO - Saved 0 fields to /Users/draw/development/docassemble/docassemble_webapp/docassemble/webapp/data/questions/ontario-family-law/utilities/workflow_output/parsed_data/csv/form_32C_fields.csv
2025-08-19 21:20:58,463 - automated_form_processor - INFO - Generated YAML interview: /Users/draw/development/docassemble/docassemble_webapp/docassemble/webapp/data/questions/ontario-family-law/utilities/workflow_output/parsed_data/yaml/form_32C_interview.yml
2025-08-19 21:20:58,463 - automated_form_processor - INFO - ✓ Successfully processed Form 32C
2025-08-19 21:20:58,464 - automated_form_processor - INFO - Processing Form 32D: apr16-en-fil
2025-08-19 21:20:58,464 - automated_form_processor - ERROR - Could not find form file for Form 32D in /Users/draw/development/docassemble/docassemble_webapp/docassemble/webapp/data/questions/ontario-family-law/utilities/workflow_output/parsed_data/downloads
2025-08-19 21:20:58,464 - automated_form_processor - INFO - Expected filename: form_32d.pdf
2025-08-19 21:20:58,465 - automated_form_processor - INFO - Available files: ['form_25c_-_adoption_order_flr-25c-may25-en-fil.docx', 'form_37_-_interjurisdictional_support_order_flr-37-apr24-en-fil.docx', 'form_10_-_answer_flr-10-jun25-en-fil.docx', 'form_29_-_request_garnishment_flr-29-apr16-en-fil.docx', 'form_10a_-_reply_flr-10a-e.pdf']...
2025-08-19 21:20:58,465 - automated_form_processor - INFO - Extracting fields from /Users/draw/development/docassemble/docassemble_webapp/docassemble/webapp/data/questions/ontario-family-law/utilities/workflow_output/parsed_data/downloads/form_32d.pdf
2025-08-19 21:20:58,465 - unified_parser_with_gcp - INFO - Starting comprehensive parsing of form_32d.pdf
2025-08-19 21:20:58,465 - unified_parser_with_gcp - INFO - Parsing with OSS native libraries...
2025-08-19 21:20:58,465 - unified_parser_with_gcp - INFO - Parsing tables with OSS libraries...
2025-08-19 21:20:58,465 - unified_parser_with_gcp - INFO - Building consensus from all extraction methods...
2025-08-19 21:20:58,465 - unified_parser_with_gcp - INFO - Validating consistency...
2025-08-19 21:20:58,465 - unified_parser_with_gcp - INFO - Applying Ontario-specific rules...
2025-08-19 21:20:58,465 - automated_form_processor - INFO - Extracted 0 fields using unified parser
2025-08-19 21:20:58,465 - automated_form_processor - INFO - Saved 0 fields to /Users/draw/development/docassemble/docassemble_webapp/docassemble/webapp/data/questions/ontario-family-law/utilities/workflow_output/parsed_data/csv/form_32D_fields.csv
2025-08-19 21:20:58,466 - automated_form_processor - INFO - Generated YAML interview: /Users/draw/development/docassemble/docassemble_webapp/docassemble/webapp/data/questions/ontario-family-law/utilities/workflow_output/parsed_data/yaml/form_32D_interview.yml
2025-08-19 21:20:58,467 - automated_form_processor - INFO - ✓ Successfully processed Form 32D
2025-08-19 21:20:58,468 - automated_form_processor - INFO - Processing Form 33: form_33_2018
2025-08-19 21:20:58,468 - automated_form_processor - INFO - Found form file: /Users/draw/development/docassemble/docassemble_webapp/docassemble/webapp/data/questions/ontario-family-law/utilities/workflow_output/parsed_data/downloads/form_33f_-_access_application_flr-33f-may21-en-fil.docx
2025-08-19 21:20:58,468 - automated_form_processor - INFO - Extracting fields from /Users/draw/development/docassemble/docassemble_webapp/docassemble/webapp/data/questions/ontario-family-law/utilities/workflow_output/parsed_data/downloads/form_33f_-_access_application_flr-33f-may21-en-fil.docx
2025-08-19 21:20:58,468 - unified_parser_with_gcp - INFO - Starting comprehensive parsing of form_33f_-_access_application_flr-33f-may21-en-fil.docx
2025-08-19 21:20:58,468 - unified_parser_with_gcp - INFO - Parsing with OSS native libraries...
2025-08-19 21:20:58,501 - unified_parser_with_gcp - INFO - Parsing tables with OSS libraries...
2025-08-19 21:20:58,501 - unified_parser_with_gcp - INFO - Building consensus from all extraction methods...
2025-08-19 21:20:58,501 - unified_parser_with_gcp - INFO - Validating consistency...
2025-08-19 21:20:58,501 - unified_parser_with_gcp - INFO - Applying Ontario-specific rules...
2025-08-19 21:20:58,501 - automated_form_processor - INFO - Extracted 27 fields using unified parser
2025-08-19 21:20:58,502 - automated_form_processor - INFO - Saved 27 fields to /Users/draw/development/docassemble/docassemble_webapp/docassemble/webapp/data/questions/ontario-family-law/utilities/workflow_output/parsed_data/csv/form_33_fields.csv
2025-08-19 21:20:58,507 - automated_form_processor - INFO - Generated YAML interview: /Users/draw/development/docassemble/docassemble_webapp/docassemble/webapp/data/questions/ontario-family-law/utilities/workflow_output/parsed_data/yaml/form_33_interview.yml
2025-08-19 21:20:58,507 - automated_form_processor - INFO - ✓ Successfully processed Form 33
2025-08-19 21:20:58,508 - automated_form_processor - INFO - Processing Form 33A: form_33a_2018
2025-08-19 21:20:58,509 - automated_form_processor - ERROR - Could not find form file for Form 33A in /Users/draw/development/docassemble/docassemble_webapp/docassemble/webapp/data/questions/ontario-family-law/utilities/workflow_output/parsed_data/downloads
2025-08-19 21:20:58,509 - automated_form_processor - INFO - Expected filename: form_33a.pdf
2025-08-19 21:20:58,509 - automated_form_processor - INFO - Available files: ['form_25c_-_adoption_order_flr-25c-may25-en-fil.docx', 'form_37_-_interjurisdictional_support_order_flr-37-apr24-en-fil.docx', 'form_10_-_answer_flr-10-jun25-en-fil.docx', 'form_29_-_request_garnishment_flr-29-apr16-en-fil.docx', 'form_10a_-_reply_flr-10a-e.pdf']...
2025-08-19 21:20:58,509 - automated_form_processor - INFO - Extracting fields from /Users/draw/development/docassemble/docassemble_webapp/docassemble/webapp/data/questions/ontario-family-law/utilities/workflow_output/parsed_data/downloads/form_33a.pdf
2025-08-19 21:20:58,509 - unified_parser_with_gcp - INFO - Starting comprehensive parsing of form_33a.pdf
2025-08-19 21:20:58,509 - unified_parser_with_gcp - INFO - Parsing with OSS native libraries...
2025-08-19 21:20:58,509 - unified_parser_with_gcp - INFO - Parsing tables with OSS libraries...
2025-08-19 21:20:58,509 - unified_parser_with_gcp - INFO - Building consensus from all extraction methods...
2025-08-19 21:20:58,509 - unified_parser_with_gcp - INFO - Validating consistency...
2025-08-19 21:20:58,509 - unified_parser_with_gcp - INFO - Applying Ontario-specific rules...
2025-08-19 21:20:58,509 - automated_form_processor - INFO - Extracted 0 fields using unified parser
2025-08-19 21:20:58,509 - automated_form_processor - INFO - Saved 0 fields to /Users/draw/development/docassemble/docassemble_webapp/docassemble/webapp/data/questions/ontario-family-law/utilities/workflow_output/parsed_data/csv/form_33A_fields.csv
2025-08-19 21:20:58,511 - automated_form_processor - INFO - Generated YAML interview: /Users/draw/development/docassemble/docassemble_webapp/docassemble/webapp/data/questions/ontario-family-law/utilities/workflow_output/parsed_data/yaml/form_33A_interview.yml
2025-08-19 21:20:58,511 - automated_form_processor - INFO - ✓ Successfully processed Form 33A
2025-08-19 21:20:58,512 - automated_form_processor - INFO - Processing Form 33B: form_33b_2018
2025-08-19 21:20:58,513 - automated_form_processor - ERROR - Could not find form file for Form 33B in /Users/draw/development/docassemble/docassemble_webapp/docassemble/webapp/data/questions/ontario-family-law/utilities/workflow_output/parsed_data/downloads
2025-08-19 21:20:58,513 - automated_form_processor - INFO - Expected filename: form_33b.pdf
2025-08-19 21:20:58,513 - automated_form_processor - INFO - Available files: ['form_25c_-_adoption_order_flr-25c-may25-en-fil.docx', 'form_37_-_interjurisdictional_support_order_flr-37-apr24-en-fil.docx', 'form_10_-_answer_flr-10-jun25-en-fil.docx', 'form_29_-_request_garnishment_flr-29-apr16-en-fil.docx', 'form_10a_-_reply_flr-10a-e.pdf']...
2025-08-19 21:20:58,513 - automated_form_processor - INFO - Extracting fields from /Users/draw/development/docassemble/docassemble_webapp/docassemble/webapp/data/questions/ontario-family-law/utilities/workflow_output/parsed_data/downloads/form_33b.pdf
2025-08-19 21:20:58,513 - unified_parser_with_gcp - INFO - Starting comprehensive parsing of form_33b.pdf
2025-08-19 21:20:58,513 - unified_parser_with_gcp - INFO - Parsing with OSS native libraries...
2025-08-19 21:20:58,513 - unified_parser_with_gcp - INFO - Parsing tables with OSS libraries...
2025-08-19 21:20:58,513 - unified_parser_with_gcp - INFO - Building consensus from all extraction methods...
2025-08-19 21:20:58,513 - unified_parser_with_gcp - INFO - Validating consistency...
2025-08-19 21:20:58,513 - unified_parser_with_gcp - INFO - Applying Ontario-specific rules...
2025-08-19 21:20:58,513 - automated_form_processor - INFO - Extracted 0 fields using unified parser
2025-08-19 21:20:58,513 - automated_form_processor - INFO - Saved 0 fields to /Users/draw/development/docassemble/docassemble_webapp/docassemble/webapp/data/questions/ontario-family-law/utilities/workflow_output/parsed_data/csv/form_33B_fields.csv
2025-08-19 21:20:58,515 - automated_form_processor - INFO - Generated YAML interview: /Users/draw/development/docassemble/docassemble_webapp/docassemble/webapp/data/questions/ontario-family-law/utilities/workflow_output/parsed_data/yaml/form_33B_interview.yml
2025-08-19 21:20:58,515 - automated_form_processor - INFO - ✓ Successfully processed Form 33B
2025-08-19 21:20:58,516 - automated_form_processor - INFO - Processing Form 33C: form_33c_2018
2025-08-19 21:20:58,517 - automated_form_processor - ERROR - Could not find form file for Form 33C in /Users/draw/development/docassemble/docassemble_webapp/docassemble/webapp/data/questions/ontario-family-law/utilities/workflow_output/parsed_data/downloads
2025-08-19 21:20:58,517 - automated_form_processor - INFO - Expected filename: form_33c.pdf
2025-08-19 21:20:58,517 - automated_form_processor - INFO - Available files: ['form_25c_-_adoption_order_flr-25c-may25-en-fil.docx', 'form_37_-_interjurisdictional_support_order_flr-37-apr24-en-fil.docx', 'form_10_-_answer_flr-10-jun25-en-fil.docx', 'form_29_-_request_garnishment_flr-29-apr16-en-fil.docx', 'form_10a_-_reply_flr-10a-e.pdf']...
2025-08-19 21:20:58,517 - automated_form_processor - INFO - Extracting fields from /Users/draw/development/docassemble/docassemble_webapp/docassemble/webapp/data/questions/ontario-family-law/utilities/workflow_output/parsed_data/downloads/form_33c.pdf
2025-08-19 21:20:58,517 - unified_parser_with_gcp - INFO - Starting comprehensive parsing of form_33c.pdf
2025-08-19 21:20:58,517 - unified_parser_with_gcp - INFO - Parsing with OSS native libraries...
2025-08-19 21:20:58,517 - unified_parser_with_gcp - INFO - Parsing tables with OSS libraries...
2025-08-19 21:20:58,517 - unified_parser_with_gcp - INFO - Building consensus from all extraction methods...
2025-08-19 21:20:58,517 - unified_parser_with_gcp - INFO - Validating consistency...
2025-08-19 21:20:58,517 - unified_parser_with_gcp - INFO - Applying Ontario-specific rules...
2025-08-19 21:20:58,517 - automated_form_processor - INFO - Extracted 0 fields using unified parser
2025-08-19 21:20:58,517 - automated_form_processor - INFO - Saved 0 fields to /Users/draw/development/docassemble/docassemble_webapp/docassemble/webapp/data/questions/ontario-family-law/utilities/workflow_output/parsed_data/csv/form_33C_fields.csv
2025-08-19 21:20:58,519 - automated_form_processor - INFO - Generated YAML interview: /Users/draw/development/docassemble/docassemble_webapp/docassemble/webapp/data/questions/ontario-family-law/utilities/workflow_output/parsed_data/yaml/form_33C_interview.yml
2025-08-19 21:20:58,519 - automated_form_processor - INFO - ✓ Successfully processed Form 33C
2025-08-19 21:20:58,520 - automated_form_processor - INFO - Processing Form 33D: form_33d_2018
2025-08-19 21:20:58,521 - automated_form_processor - ERROR - Could not find form file for Form 33D in /Users/draw/development/docassemble/docassemble_webapp/docassemble/webapp/data/questions/ontario-family-law/utilities/workflow_output/parsed_data/downloads
2025-08-19 21:20:58,521 - automated_form_processor - INFO - Expected filename: form_33d.pdf
2025-08-19 21:20:58,521 - automated_form_processor - INFO - Available files: ['form_25c_-_adoption_order_flr-25c-may25-en-fil.docx', 'form_37_-_interjurisdictional_support_order_flr-37-apr24-en-fil.docx', 'form_10_-_answer_flr-10-jun25-en-fil.docx', 'form_29_-_request_garnishment_flr-29-apr16-en-fil.docx', 'form_10a_-_reply_flr-10a-e.pdf']...
2025-08-19 21:20:58,521 - automated_form_processor - INFO - Extracting fields from /Users/draw/development/docassemble/docassemble_webapp/docassemble/webapp/data/questions/ontario-family-law/utilities/workflow_output/parsed_data/downloads/form_33d.pdf
2025-08-19 21:20:58,521 - unified_parser_with_gcp - INFO - Starting comprehensive parsing of form_33d.pdf
2025-08-19 21:20:58,521 - unified_parser_with_gcp - INFO - Parsing with OSS native libraries...
2025-08-19 21:20:58,521 - unified_parser_with_gcp - INFO - Parsing tables with OSS libraries...
2025-08-19 21:20:58,521 - unified_parser_with_gcp - INFO - Building consensus from all extraction methods...
2025-08-19 21:20:58,521 - unified_parser_with_gcp - INFO - Validating consistency...
2025-08-19 21:20:58,521 - unified_parser_with_gcp - INFO - Applying Ontario-specific rules...
2025-08-19 21:20:58,521 - automated_form_processor - INFO - Extracted 0 fields using unified parser
2025-08-19 21:20:58,521 - automated_form_processor - INFO - Saved 0 fields to /Users/draw/development/docassemble/docassemble_webapp/docassemble/webapp/data/questions/ontario-family-law/utilities/workflow_output/parsed_data/csv/form_33D_fields.csv
2025-08-19 21:20:58,523 - automated_form_processor - INFO - Generated YAML interview: /Users/draw/development/docassemble/docassemble_webapp/docassemble/webapp/data/questions/ontario-family-law/utilities/workflow_output/parsed_data/yaml/form_33D_interview.yml
2025-08-19 21:20:58,523 - automated_form_processor - INFO - ✓ Successfully processed Form 33D
2025-08-19 21:20:58,524 - automated_form_processor - INFO - Processing Form 33E: e
2025-08-19 21:20:58,525 - automated_form_processor - ERROR - Could not find form file for Form 33E in /Users/draw/development/docassemble/docassemble_webapp/docassemble/webapp/data/questions/ontario-family-law/utilities/workflow_output/parsed_data/downloads
2025-08-19 21:20:58,525 - automated_form_processor - INFO - Expected filename: form_33e.pdf
2025-08-19 21:20:58,525 - automated_form_processor - INFO - Available files: ['form_25c_-_adoption_order_flr-25c-may25-en-fil.docx', 'form_37_-_interjurisdictional_support_order_flr-37-apr24-en-fil.docx', 'form_10_-_answer_flr-10-jun25-en-fil.docx', 'form_29_-_request_garnishment_flr-29-apr16-en-fil.docx', 'form_10a_-_reply_flr-10a-e.pdf']...
2025-08-19 21:20:58,525 - automated_form_processor - INFO - Extracting fields from /Users/draw/development/docassemble/docassemble_webapp/docassemble/webapp/data/questions/ontario-family-law/utilities/workflow_output/parsed_data/downloads/form_33e.pdf
2025-08-19 21:20:58,525 - unified_parser_with_gcp - INFO - Starting comprehensive parsing of form_33e.pdf
2025-08-19 21:20:58,525 - unified_parser_with_gcp - INFO - Parsing with OSS native libraries...
2025-08-19 21:20:58,525 - unified_parser_with_gcp - INFO - Parsing tables with OSS libraries...
2025-08-19 21:20:58,525 - unified_parser_with_gcp - INFO - Building consensus from all extraction methods...
2025-08-19 21:20:58,525 - unified_parser_with_gcp - INFO - Validating consistency...
2025-08-19 21:20:58,525 - unified_parser_with_gcp - INFO - Applying Ontario-specific rules...
2025-08-19 21:20:58,525 - automated_form_processor - INFO - Extracted 0 fields using unified parser
2025-08-19 21:20:58,525 - automated_form_processor - INFO - Saved 0 fields to /Users/draw/development/docassemble/docassemble_webapp/docassemble/webapp/data/questions/ontario-family-law/utilities/workflow_output/parsed_data/csv/form_33E_fields.csv
2025-08-19 21:20:58,527 - automated_form_processor - INFO - Generated YAML interview: /Users/draw/development/docassemble/docassemble_webapp/docassemble/webapp/data/questions/ontario-family-law/utilities/workflow_output/parsed_data/yaml/form_33E_interview.yml
2025-08-19 21:20:58,527 - automated_form_processor - INFO - ✓ Successfully processed Form 33E
2025-08-19 21:20:58,529 - automated_form_processor - INFO - Processing Form 33F: may21-en-fil
2025-08-19 21:20:58,529 - automated_form_processor - INFO - Found form file: /Users/draw/development/docassemble/docassemble_webapp/docassemble/webapp/data/questions/ontario-family-law/utilities/workflow_output/parsed_data/downloads/form_33f_-_access_application_flr-33f-may21-en-fil.docx
2025-08-19 21:20:58,529 - automated_form_processor - INFO - Extracting fields from /Users/draw/development/docassemble/docassemble_webapp/docassemble/webapp/data/questions/ontario-family-law/utilities/workflow_output/parsed_data/downloads/form_33f_-_access_application_flr-33f-may21-en-fil.docx
2025-08-19 21:20:58,529 - unified_parser_with_gcp - INFO - Starting comprehensive parsing of form_33f_-_access_application_flr-33f-may21-en-fil.docx
2025-08-19 21:20:58,529 - unified_parser_with_gcp - INFO - Parsing with OSS native libraries...
2025-08-19 21:20:58,562 - unified_parser_with_gcp - INFO - Parsing tables with OSS libraries...
2025-08-19 21:20:58,562 - unified_parser_with_gcp - INFO - Building consensus from all extraction methods...
2025-08-19 21:20:58,562 - unified_parser_with_gcp - INFO - Validating consistency...
2025-08-19 21:20:58,562 - unified_parser_with_gcp - INFO - Applying Ontario-specific rules...
2025-08-19 21:20:58,563 - automated_form_processor - INFO - Extracted 27 fields using unified parser
2025-08-19 21:20:58,563 - automated_form_processor - INFO - Saved 27 fields to /Users/draw/development/docassemble/docassemble_webapp/docassemble/webapp/data/questions/ontario-family-law/utilities/workflow_output/parsed_data/csv/form_33F_fields.csv
2025-08-19 21:20:58,567 - automated_form_processor - INFO - Generated YAML interview: /Users/draw/development/docassemble/docassemble_webapp/docassemble/webapp/data/questions/ontario-family-law/utilities/workflow_output/parsed_data/yaml/form_33F_interview.yml
2025-08-19 21:20:58,568 - automated_form_processor - INFO - ✓ Successfully processed Form 33F
2025-08-19 21:20:58,569 - automated_form_processor - INFO - Processing Form 34: nov18-en-fil
2025-08-19 21:20:58,569 - automated_form_processor - INFO - Found form file: /Users/draw/development/docassemble/docassemble_webapp/docassemble/webapp/data/questions/ontario-family-law/utilities/workflow_output/parsed_data/downloads/form_34_-_child_consent_adoption_flr-34-nov18-en-fil.docx
2025-08-19 21:20:58,569 - automated_form_processor - INFO - Extracting fields from /Users/draw/development/docassemble/docassemble_webapp/docassemble/webapp/data/questions/ontario-family-law/utilities/workflow_output/parsed_data/downloads/form_34_-_child_consent_adoption_flr-34-nov18-en-fil.docx
2025-08-19 21:20:58,569 - unified_parser_with_gcp - INFO - Starting comprehensive parsing of form_34_-_child_consent_adoption_flr-34-nov18-en-fil.docx
2025-08-19 21:20:58,569 - unified_parser_with_gcp - INFO - Parsing with OSS native libraries...
2025-08-19 21:20:58,632 - unified_parser_with_gcp - INFO - Parsing tables with OSS libraries...
2025-08-19 21:20:58,632 - unified_parser_with_gcp - INFO - Building consensus from all extraction methods...
2025-08-19 21:20:58,632 - unified_parser_with_gcp - INFO - Validating consistency...
2025-08-19 21:20:58,633 - unified_parser_with_gcp - INFO - Applying Ontario-specific rules...
2025-08-19 21:20:58,633 - automated_form_processor - INFO - Extracted 49 fields using unified parser
2025-08-19 21:20:58,633 - automated_form_processor - INFO - Saved 49 fields to /Users/draw/development/docassemble/docassemble_webapp/docassemble/webapp/data/questions/ontario-family-law/utilities/workflow_output/parsed_data/csv/form_34_fields.csv
2025-08-19 21:20:58,640 - automated_form_processor - INFO - Generated YAML interview: /Users/draw/development/docassemble/docassemble_webapp/docassemble/webapp/data/questions/ontario-family-law/utilities/workflow_output/parsed_data/yaml/form_34_interview.yml
2025-08-19 21:20:58,640 - automated_form_processor - INFO - ✓ Successfully processed Form 34
2025-08-19 21:20:58,642 - automated_form_processor - INFO - Processing Form 34A: form-34a-en-dec20
2025-08-19 21:20:58,642 - automated_form_processor - INFO - Found form file: /Users/draw/development/docassemble/docassemble_webapp/docassemble/webapp/data/questions/ontario-family-law/utilities/workflow_output/parsed_data/downloads/form_34a_-_affidavit_parentage_form-34a-en-dec20.docx
2025-08-19 21:20:58,642 - automated_form_processor - INFO - Extracting fields from /Users/draw/development/docassemble/docassemble_webapp/docassemble/webapp/data/questions/ontario-family-law/utilities/workflow_output/parsed_data/downloads/form_34a_-_affidavit_parentage_form-34a-en-dec20.docx
2025-08-19 21:20:58,642 - unified_parser_with_gcp - INFO - Starting comprehensive parsing of form_34a_-_affidavit_parentage_form-34a-en-dec20.docx
2025-08-19 21:20:58,642 - unified_parser_with_gcp - INFO - Parsing with OSS native libraries...
2025-08-19 21:20:58,854 - unified_parser_with_gcp - INFO - Parsing tables with OSS libraries...
2025-08-19 21:20:58,854 - unified_parser_with_gcp - INFO - Building consensus from all extraction methods...
2025-08-19 21:20:58,855 - unified_parser_with_gcp - INFO - Validating consistency...
2025-08-19 21:20:58,855 - unified_parser_with_gcp - INFO - Applying Ontario-specific rules...
2025-08-19 21:20:58,855 - automated_form_processor - INFO - Extracted 77 fields using unified parser
2025-08-19 21:20:58,856 - automated_form_processor - INFO - Saved 77 fields to /Users/draw/development/docassemble/docassemble_webapp/docassemble/webapp/data/questions/ontario-family-law/utilities/workflow_output/parsed_data/csv/form_34A_fields.csv
2025-08-19 21:20:58,864 - automated_form_processor - INFO - Generated YAML interview: /Users/draw/development/docassemble/docassemble_webapp/docassemble/webapp/data/questions/ontario-family-law/utilities/workflow_output/parsed_data/yaml/form_34A_interview.yml
2025-08-19 21:20:58,865 - automated_form_processor - INFO - ✓ Successfully processed Form 34A
2025-08-19 21:20:58,866 - automated_form_processor - INFO - Processing Form 34B: form_34b_2018
2025-08-19 21:20:58,867 - automated_form_processor - ERROR - Could not find form file for Form 34B in /Users/draw/development/docassemble/docassemble_webapp/docassemble/webapp/data/questions/ontario-family-law/utilities/workflow_output/parsed_data/downloads
2025-08-19 21:20:58,867 - automated_form_processor - INFO - Expected filename: form_34b.pdf
2025-08-19 21:20:58,867 - automated_form_processor - INFO - Available files: ['form_25c_-_adoption_order_flr-25c-may25-en-fil.docx', 'form_37_-_interjurisdictional_support_order_flr-37-apr24-en-fil.docx', 'form_10_-_answer_flr-10-jun25-en-fil.docx', 'form_29_-_request_garnishment_flr-29-apr16-en-fil.docx', 'form_10a_-_reply_flr-10a-e.pdf']...
2025-08-19 21:20:58,867 - automated_form_processor - INFO - Extracting fields from /Users/draw/development/docassemble/docassemble_webapp/docassemble/webapp/data/questions/ontario-family-law/utilities/workflow_output/parsed_data/downloads/form_34b.pdf
2025-08-19 21:20:58,867 - unified_parser_with_gcp - INFO - Starting comprehensive parsing of form_34b.pdf
2025-08-19 21:20:58,867 - unified_parser_with_gcp - INFO - Parsing with OSS native libraries...
2025-08-19 21:20:58,867 - unified_parser_with_gcp - INFO - Parsing tables with OSS libraries...
2025-08-19 21:20:58,867 - unified_parser_with_gcp - INFO - Building consensus from all extraction methods...
2025-08-19 21:20:58,867 - unified_parser_with_gcp - INFO - Validating consistency...
2025-08-19 21:20:58,867 - unified_parser_with_gcp - INFO - Applying Ontario-specific rules...
2025-08-19 21:20:58,867 - automated_form_processor - INFO - Extracted 0 fields using unified parser
2025-08-19 21:20:58,867 - automated_form_processor - INFO - Saved 0 fields to /Users/draw/development/docassemble/docassemble_webapp/docassemble/webapp/data/questions/ontario-family-law/utilities/workflow_output/parsed_data/csv/form_34B_fields.csv
2025-08-19 21:20:58,869 - automated_form_processor - INFO - Generated YAML interview: /Users/draw/development/docassemble/docassemble_webapp/docassemble/webapp/data/questions/ontario-family-law/utilities/workflow_output/parsed_data/yaml/form_34B_interview.yml
2025-08-19 21:20:58,869 - automated_form_processor - INFO - ✓ Successfully processed Form 34B
2025-08-19 21:20:58,871 - automated_form_processor - INFO - Processing Form 34C: form_34c_2018
2025-08-19 21:20:58,871 - automated_form_processor - ERROR - Could not find form file for Form 34C in /Users/draw/development/docassemble/docassemble_webapp/docassemble/webapp/data/questions/ontario-family-law/utilities/workflow_output/parsed_data/downloads
2025-08-19 21:20:58,871 - automated_form_processor - INFO - Expected filename: form_34c.pdf
2025-08-19 21:20:58,871 - automated_form_processor - INFO - Available files: ['form_25c_-_adoption_order_flr-25c-may25-en-fil.docx', 'form_37_-_interjurisdictional_support_order_flr-37-apr24-en-fil.docx', 'form_10_-_answer_flr-10-jun25-en-fil.docx', 'form_29_-_request_garnishment_flr-29-apr16-en-fil.docx', 'form_10a_-_reply_flr-10a-e.pdf']...
2025-08-19 21:20:58,871 - automated_form_processor - INFO - Extracting fields from /Users/draw/development/docassemble/docassemble_webapp/docassemble/webapp/data/questions/ontario-family-law/utilities/workflow_output/parsed_data/downloads/form_34c.pdf
2025-08-19 21:20:58,871 - unified_parser_with_gcp - INFO - Starting comprehensive parsing of form_34c.pdf
2025-08-19 21:20:58,871 - unified_parser_with_gcp - INFO - Parsing with OSS native libraries...
2025-08-19 21:20:58,871 - unified_parser_with_gcp - INFO - Parsing tables with OSS libraries...
2025-08-19 21:20:58,871 - unified_parser_with_gcp - INFO - Building consensus from all extraction methods...
2025-08-19 21:20:58,871 - unified_parser_with_gcp - INFO - Validating consistency...
2025-08-19 21:20:58,871 - unified_parser_with_gcp - INFO - Applying Ontario-specific rules...
2025-08-19 21:20:58,871 - automated_form_processor - INFO - Extracted 0 fields using unified parser
2025-08-19 21:20:58,871 - automated_form_processor - INFO - Saved 0 fields to /Users/draw/development/docassemble/docassemble_webapp/docassemble/webapp/data/questions/ontario-family-law/utilities/workflow_output/parsed_data/csv/form_34C_fields.csv
2025-08-19 21:20:58,873 - automated_form_processor - INFO - Generated YAML interview: /Users/draw/development/docassemble/docassemble_webapp/docassemble/webapp/data/questions/ontario-family-law/utilities/workflow_output/parsed_data/yaml/form_34C_interview.yml
2025-08-19 21:20:58,873 - automated_form_processor - INFO - ✓ Successfully processed Form 34C
2025-08-19 21:20:58,874 - automated_form_processor - INFO - Processing Form 34D: form_34d_2018
2025-08-19 21:20:58,875 - automated_form_processor - ERROR - Could not find form file for Form 34D in /Users/draw/development/docassemble/docassemble_webapp/docassemble/webapp/data/questions/ontario-family-law/utilities/workflow_output/parsed_data/downloads
2025-08-19 21:20:58,875 - automated_form_processor - INFO - Expected filename: form_34d.pdf
2025-08-19 21:20:58,875 - automated_form_processor - INFO - Available files: ['form_25c_-_adoption_order_flr-25c-may25-en-fil.docx', 'form_37_-_interjurisdictional_support_order_flr-37-apr24-en-fil.docx', 'form_10_-_answer_flr-10-jun25-en-fil.docx', 'form_29_-_request_garnishment_flr-29-apr16-en-fil.docx', 'form_10a_-_reply_flr-10a-e.pdf']...
2025-08-19 21:20:58,875 - automated_form_processor - INFO - Extracting fields from /Users/draw/development/docassemble/docassemble_webapp/docassemble/webapp/data/questions/ontario-family-law/utilities/workflow_output/parsed_data/downloads/form_34d.pdf
2025-08-19 21:20:58,875 - unified_parser_with_gcp - INFO - Starting comprehensive parsing of form_34d.pdf
2025-08-19 21:20:58,875 - unified_parser_with_gcp - INFO - Parsing with OSS native libraries...
2025-08-19 21:20:58,875 - unified_parser_with_gcp - INFO - Parsing tables with OSS libraries...
2025-08-19 21:20:58,875 - unified_parser_with_gcp - INFO - Building consensus from all extraction methods...
2025-08-19 21:20:58,875 - unified_parser_with_gcp - INFO - Validating consistency...
2025-08-19 21:20:58,875 - unified_parser_with_gcp - INFO - Applying Ontario-specific rules...
2025-08-19 21:20:58,875 - automated_form_processor - INFO - Extracted 0 fields using unified parser
2025-08-19 21:20:58,875 - automated_form_processor - INFO - Saved 0 fields to /Users/draw/development/docassemble/docassemble_webapp/docassemble/webapp/data/questions/ontario-family-law/utilities/workflow_output/parsed_data/csv/form_34D_fields.csv
2025-08-19 21:20:58,877 - automated_form_processor - INFO - Generated YAML interview: /Users/draw/development/docassemble/docassemble_webapp/docassemble/webapp/data/questions/ontario-family-law/utilities/workflow_output/parsed_data/yaml/form_34D_interview.yml
2025-08-19 21:20:58,877 - automated_form_processor - INFO - ✓ Successfully processed Form 34D
2025-08-19 21:20:58,879 - automated_form_processor - INFO - Processing Form 34E: form_34e_2018
2025-08-19 21:20:58,879 - automated_form_processor - ERROR - Could not find form file for Form 34E in /Users/draw/development/docassemble/docassemble_webapp/docassemble/webapp/data/questions/ontario-family-law/utilities/workflow_output/parsed_data/downloads
2025-08-19 21:20:58,879 - automated_form_processor - INFO - Expected filename: form_34e.pdf
2025-08-19 21:20:58,879 - automated_form_processor - INFO - Available files: ['form_25c_-_adoption_order_flr-25c-may25-en-fil.docx', 'form_37_-_interjurisdictional_support_order_flr-37-apr24-en-fil.docx', 'form_10_-_answer_flr-10-jun25-en-fil.docx', 'form_29_-_request_garnishment_flr-29-apr16-en-fil.docx', 'form_10a_-_reply_flr-10a-e.pdf']...
2025-08-19 21:20:58,879 - automated_form_processor - INFO - Extracting fields from /Users/draw/development/docassemble/docassemble_webapp/docassemble/webapp/data/questions/ontario-family-law/utilities/workflow_output/parsed_data/downloads/form_34e.pdf
2025-08-19 21:20:58,879 - unified_parser_with_gcp - INFO - Starting comprehensive parsing of form_34e.pdf
2025-08-19 21:20:58,879 - unified_parser_with_gcp - INFO - Parsing with OSS native libraries...
2025-08-19 21:20:58,879 - unified_parser_with_gcp - INFO - Parsing tables with OSS libraries...
2025-08-19 21:20:58,879 - unified_parser_with_gcp - INFO - Building consensus from all extraction methods...
2025-08-19 21:20:58,879 - unified_parser_with_gcp - INFO - Validating consistency...
2025-08-19 21:20:58,879 - unified_parser_with_gcp - INFO - Applying Ontario-specific rules...
2025-08-19 21:20:58,879 - automated_form_processor - INFO - Extracted 0 fields using unified parser
2025-08-19 21:20:58,879 - automated_form_processor - INFO - Saved 0 fields to /Users/draw/development/docassemble/docassemble_webapp/docassemble/webapp/data/questions/ontario-family-law/utilities/workflow_output/parsed_data/csv/form_34E_fields.csv
2025-08-19 21:20:58,881 - automated_form_processor - INFO - Generated YAML interview: /Users/draw/development/docassemble/docassemble_webapp/docassemble/webapp/data/questions/ontario-family-law/utilities/workflow_output/parsed_data/yaml/form_34E_interview.yml
2025-08-19 21:20:58,881 - automated_form_processor - INFO - ✓ Successfully processed Form 34E
2025-08-19 21:20:58,882 - automated_form_processor - INFO - Processing Form 34F: form-34f-en-dec20
2025-08-19 21:20:58,882 - automated_form_processor - INFO - Found form file: /Users/draw/development/docassemble/docassemble_webapp/docassemble/webapp/data/questions/ontario-family-law/utilities/workflow_output/parsed_data/downloads/form_34f_-_consents_adoption_form-34f-en-dec20.docx
2025-08-19 21:20:58,882 - automated_form_processor - INFO - Extracting fields from /Users/draw/development/docassemble/docassemble_webapp/docassemble/webapp/data/questions/ontario-family-law/utilities/workflow_output/parsed_data/downloads/form_34f_-_consents_adoption_form-34f-en-dec20.docx
2025-08-19 21:20:58,882 - unified_parser_with_gcp - INFO - Starting comprehensive parsing of form_34f_-_consents_adoption_form-34f-en-dec20.docx
2025-08-19 21:20:58,882 - unified_parser_with_gcp - INFO - Parsing with OSS native libraries...
2025-08-19 21:20:58,980 - unified_parser_with_gcp - INFO - Parsing tables with OSS libraries...
2025-08-19 21:20:58,980 - unified_parser_with_gcp - INFO - Building consensus from all extraction methods...
2025-08-19 21:20:58,981 - unified_parser_with_gcp - INFO - Validating consistency...
2025-08-19 21:20:58,981 - unified_parser_with_gcp - INFO - Applying Ontario-specific rules...
2025-08-19 21:20:58,982 - automated_form_processor - INFO - Extracted 64 fields using unified parser
2025-08-19 21:20:58,983 - automated_form_processor - INFO - Saved 64 fields to /Users/draw/development/docassemble/docassemble_webapp/docassemble/webapp/data/questions/ontario-family-law/utilities/workflow_output/parsed_data/csv/form_34F_fields.csv
2025-08-19 21:20:58,991 - automated_form_processor - INFO - Generated YAML interview: /Users/draw/development/docassemble/docassemble_webapp/docassemble/webapp/data/questions/ontario-family-law/utilities/workflow_output/parsed_data/yaml/form_34F_interview.yml
2025-08-19 21:20:58,992 - automated_form_processor - INFO - ✓ Successfully processed Form 34F
2025-08-19 21:20:58,993 - automated_form_processor - INFO - Processing Form 34G: form-34g-en-dec20
2025-08-19 21:20:58,993 - automated_form_processor - INFO - Found form file: /Users/draw/development/docassemble/docassemble_webapp/docassemble/webapp/data/questions/ontario-family-law/utilities/workflow_output/parsed_data/downloads/form_34g_-_affidavit_adopting_parent_form-34g-en-dec20.docx
2025-08-19 21:20:58,993 - automated_form_processor - INFO - Extracting fields from /Users/draw/development/docassemble/docassemble_webapp/docassemble/webapp/data/questions/ontario-family-law/utilities/workflow_output/parsed_data/downloads/form_34g_-_affidavit_adopting_parent_form-34g-en-dec20.docx
2025-08-19 21:20:58,993 - unified_parser_with_gcp - INFO - Starting comprehensive parsing of form_34g_-_affidavit_adopting_parent_form-34g-en-dec20.docx
2025-08-19 21:20:58,994 - unified_parser_with_gcp - INFO - Parsing with OSS native libraries...
2025-08-19 21:20:59,066 - unified_parser_with_gcp - INFO - Parsing tables with OSS libraries...
2025-08-19 21:20:59,066 - unified_parser_with_gcp - INFO - Building consensus from all extraction methods...
2025-08-19 21:20:59,066 - unified_parser_with_gcp - INFO - Validating consistency...
2025-08-19 21:20:59,066 - unified_parser_with_gcp - INFO - Applying Ontario-specific rules...
2025-08-19 21:20:59,067 - automated_form_processor - INFO - Extracted 56 fields using unified parser
2025-08-19 21:20:59,067 - automated_form_processor - INFO - Saved 56 fields to /Users/draw/development/docassemble/docassemble_webapp/docassemble/webapp/data/questions/ontario-family-law/utilities/workflow_output/parsed_data/csv/form_34G_fields.csv
2025-08-19 21:20:59,075 - automated_form_processor - INFO - Generated YAML interview: /Users/draw/development/docassemble/docassemble_webapp/docassemble/webapp/data/questions/ontario-family-law/utilities/workflow_output/parsed_data/yaml/form_34G_interview.yml
2025-08-19 21:20:59,075 - automated_form_processor - INFO - ✓ Successfully processed Form 34G
2025-08-19 21:20:59,077 - automated_form_processor - INFO - Processing Form 34H: may25-en-fil
2025-08-19 21:20:59,077 - automated_form_processor - ERROR - Could not find form file for Form 34H in /Users/draw/development/docassemble/docassemble_webapp/docassemble/webapp/data/questions/ontario-family-law/utilities/workflow_output/parsed_data/downloads
2025-08-19 21:20:59,077 - automated_form_processor - INFO - Expected filename: form_34h.pdf
2025-08-19 21:20:59,077 - automated_form_processor - INFO - Available files: ['form_25c_-_adoption_order_flr-25c-may25-en-fil.docx', 'form_37_-_interjurisdictional_support_order_flr-37-apr24-en-fil.docx', 'form_10_-_answer_flr-10-jun25-en-fil.docx', 'form_29_-_request_garnishment_flr-29-apr16-en-fil.docx', 'form_10a_-_reply_flr-10a-e.pdf']...
2025-08-19 21:20:59,077 - automated_form_processor - INFO - Extracting fields from /Users/draw/development/docassemble/docassemble_webapp/docassemble/webapp/data/questions/ontario-family-law/utilities/workflow_output/parsed_data/downloads/form_34h.pdf
2025-08-19 21:20:59,077 - unified_parser_with_gcp - INFO - Starting comprehensive parsing of form_34h.pdf
2025-08-19 21:20:59,077 - unified_parser_with_gcp - INFO - Parsing with OSS native libraries...
2025-08-19 21:20:59,078 - unified_parser_with_gcp - INFO - Parsing tables with OSS libraries...
2025-08-19 21:20:59,078 - unified_parser_with_gcp - INFO - Building consensus from all extraction methods...
2025-08-19 21:20:59,078 - unified_parser_with_gcp - INFO - Validating consistency...
2025-08-19 21:20:59,078 - unified_parser_with_gcp - INFO - Applying Ontario-specific rules...
2025-08-19 21:20:59,078 - automated_form_processor - INFO - Extracted 0 fields using unified parser
2025-08-19 21:20:59,078 - automated_form_processor - INFO - Saved 0 fields to /Users/draw/development/docassemble/docassemble_webapp/docassemble/webapp/data/questions/ontario-family-law/utilities/workflow_output/parsed_data/csv/form_34H_fields.csv
2025-08-19 21:20:59,079 - automated_form_processor - INFO - Generated YAML interview: /Users/draw/development/docassemble/docassemble_webapp/docassemble/webapp/data/questions/ontario-family-law/utilities/workflow_output/parsed_data/yaml/form_34H_interview.yml
2025-08-19 21:20:59,079 - automated_form_processor - INFO - ✓ Successfully processed Form 34H
2025-08-19 21:20:59,081 - automated_form_processor - INFO - Processing Form 34I: form-34i-en-dec20
2025-08-19 21:20:59,081 - automated_form_processor - INFO - Found form file: /Users/draw/development/docassemble/docassemble_webapp/docassemble/webapp/data/questions/ontario-family-law/utilities/workflow_output/parsed_data/downloads/form_34i_-_affidavit_adopting_relative_form-34i-en-dec20.docx
2025-08-19 21:20:59,081 - automated_form_processor - INFO - Extracting fields from /Users/draw/development/docassemble/docassemble_webapp/docassemble/webapp/data/questions/ontario-family-law/utilities/workflow_output/parsed_data/downloads/form_34i_-_affidavit_adopting_relative_form-34i-en-dec20.docx
2025-08-19 21:20:59,081 - unified_parser_with_gcp - INFO - Starting comprehensive parsing of form_34i_-_affidavit_adopting_relative_form-34i-en-dec20.docx
2025-08-19 21:20:59,081 - unified_parser_with_gcp - INFO - Parsing with OSS native libraries...
2025-08-19 21:20:59,178 - unified_parser_with_gcp - INFO - Parsing tables with OSS libraries...
2025-08-19 21:20:59,179 - unified_parser_with_gcp - INFO - Building consensus from all extraction methods...
2025-08-19 21:20:59,179 - unified_parser_with_gcp - INFO - Validating consistency...
2025-08-19 21:20:59,179 - unified_parser_with_gcp - INFO - Applying Ontario-specific rules...
2025-08-19 21:20:59,180 - automated_form_processor - INFO - Extracted 60 fields using unified parser
2025-08-19 21:20:59,180 - automated_form_processor - INFO - Saved 60 fields to /Users/draw/development/docassemble/docassemble_webapp/docassemble/webapp/data/questions/ontario-family-law/utilities/workflow_output/parsed_data/csv/form_34I_fields.csv
2025-08-19 21:20:59,188 - automated_form_processor - INFO - Generated YAML interview: /Users/draw/development/docassemble/docassemble_webapp/docassemble/webapp/data/questions/ontario-family-law/utilities/workflow_output/parsed_data/yaml/form_34I_interview.yml
2025-08-19 21:20:59,188 - automated_form_processor - INFO - ✓ Successfully processed Form 34I
2025-08-19 21:20:59,189 - automated_form_processor - INFO - Processing Form 34J: nov18-en-fil
2025-08-19 21:20:59,190 - automated_form_processor - ERROR - Could not find form file for Form 34J in /Users/draw/development/docassemble/docassemble_webapp/docassemble/webapp/data/questions/ontario-family-law/utilities/workflow_output/parsed_data/downloads
2025-08-19 21:20:59,190 - automated_form_processor - INFO - Expected filename: form_34j.pdf
2025-08-19 21:20:59,190 - automated_form_processor - INFO - Available files: ['form_25c_-_adoption_order_flr-25c-may25-en-fil.docx', 'form_37_-_interjurisdictional_support_order_flr-37-apr24-en-fil.docx', 'form_10_-_answer_flr-10-jun25-en-fil.docx', 'form_29_-_request_garnishment_flr-29-apr16-en-fil.docx', 'form_10a_-_reply_flr-10a-e.pdf']...
2025-08-19 21:20:59,190 - automated_form_processor - INFO - Extracting fields from /Users/draw/development/docassemble/docassemble_webapp/docassemble/webapp/data/questions/ontario-family-law/utilities/workflow_output/parsed_data/downloads/form_34j.pdf
2025-08-19 21:20:59,190 - unified_parser_with_gcp - INFO - Starting comprehensive parsing of form_34j.pdf
2025-08-19 21:20:59,190 - unified_parser_with_gcp - INFO - Parsing with OSS native libraries...
2025-08-19 21:20:59,190 - unified_parser_with_gcp - INFO - Parsing tables with OSS libraries...
2025-08-19 21:20:59,190 - unified_parser_with_gcp - INFO - Building consensus from all extraction methods...
2025-08-19 21:20:59,190 - unified_parser_with_gcp - INFO - Validating consistency...
2025-08-19 21:20:59,190 - unified_parser_with_gcp - INFO - Applying Ontario-specific rules...
2025-08-19 21:20:59,190 - automated_form_processor - INFO - Extracted 0 fields using unified parser
2025-08-19 21:20:59,190 - automated_form_processor - INFO - Saved 0 fields to /Users/draw/development/docassemble/docassemble_webapp/docassemble/webapp/data/questions/ontario-family-law/utilities/workflow_output/parsed_data/csv/form_34J_fields.csv
2025-08-19 21:20:59,192 - automated_form_processor - INFO - Generated YAML interview: /Users/draw/development/docassemble/docassemble_webapp/docassemble/webapp/data/questions/ontario-family-law/utilities/workflow_output/parsed_data/yaml/form_34J_interview.yml
2025-08-19 21:20:59,192 - automated_form_processor - INFO - ✓ Successfully processed Form 34J
2025-08-19 21:20:59,194 - automated_form_processor - INFO - Processing Form 34K: may25-en-fil
2025-08-19 21:20:59,194 - automated_form_processor - ERROR - Could not find form file for Form 34K in /Users/draw/development/docassemble/docassemble_webapp/docassemble/webapp/data/questions/ontario-family-law/utilities/workflow_output/parsed_data/downloads
2025-08-19 21:20:59,194 - automated_form_processor - INFO - Expected filename: form_34k.pdf
2025-08-19 21:20:59,194 - automated_form_processor - INFO - Available files: ['form_25c_-_adoption_order_flr-25c-may25-en-fil.docx', 'form_37_-_interjurisdictional_support_order_flr-37-apr24-en-fil.docx', 'form_10_-_answer_flr-10-jun25-en-fil.docx', 'form_29_-_request_garnishment_flr-29-apr16-en-fil.docx', 'form_10a_-_reply_flr-10a-e.pdf']...
2025-08-19 21:20:59,194 - automated_form_processor - INFO - Extracting fields from /Users/draw/development/docassemble/docassemble_webapp/docassemble/webapp/data/questions/ontario-family-law/utilities/workflow_output/parsed_data/downloads/form_34k.pdf
2025-08-19 21:20:59,194 - unified_parser_with_gcp - INFO - Starting comprehensive parsing of form_34k.pdf
2025-08-19 21:20:59,194 - unified_parser_with_gcp - INFO - Parsing with OSS native libraries...
2025-08-19 21:20:59,194 - unified_parser_with_gcp - INFO - Parsing tables with OSS libraries...
2025-08-19 21:20:59,194 - unified_parser_with_gcp - INFO - Building consensus from all extraction methods...
2025-08-19 21:20:59,195 - unified_parser_with_gcp - INFO - Validating consistency...
2025-08-19 21:20:59,195 - unified_parser_with_gcp - INFO - Applying Ontario-specific rules...
2025-08-19 21:20:59,195 - automated_form_processor - INFO - Extracted 0 fields using unified parser
2025-08-19 21:20:59,195 - automated_form_processor - INFO - Saved 0 fields to /Users/draw/development/docassemble/docassemble_webapp/docassemble/webapp/data/questions/ontario-family-law/utilities/workflow_output/parsed_data/csv/form_34K_fields.csv
2025-08-19 21:20:59,196 - automated_form_processor - INFO - Generated YAML interview: /Users/draw/development/docassemble/docassemble_webapp/docassemble/webapp/data/questions/ontario-family-law/utilities/workflow_output/parsed_data/yaml/form_34K_interview.yml
2025-08-19 21:20:59,196 - automated_form_processor - INFO - ✓ Successfully processed Form 34K
2025-08-19 21:20:59,198 - automated_form_processor - INFO - Processing Form 34L: form_34l_2018
2025-08-19 21:20:59,198 - automated_form_processor - ERROR - Could not find form file for Form 34L in /Users/draw/development/docassemble/docassemble_webapp/docassemble/webapp/data/questions/ontario-family-law/utilities/workflow_output/parsed_data/downloads
2025-08-19 21:20:59,199 - automated_form_processor - INFO - Expected filename: form_34l.pdf
2025-08-19 21:20:59,199 - automated_form_processor - INFO - Available files: ['form_25c_-_adoption_order_flr-25c-may25-en-fil.docx', 'form_37_-_interjurisdictional_support_order_flr-37-apr24-en-fil.docx', 'form_10_-_answer_flr-10-jun25-en-fil.docx', 'form_29_-_request_garnishment_flr-29-apr16-en-fil.docx', 'form_10a_-_reply_flr-10a-e.pdf']...
2025-08-19 21:20:59,199 - automated_form_processor - INFO - Extracting fields from /Users/draw/development/docassemble/docassemble_webapp/docassemble/webapp/data/questions/ontario-family-law/utilities/workflow_output/parsed_data/downloads/form_34l.pdf
2025-08-19 21:20:59,199 - unified_parser_with_gcp - INFO - Starting comprehensive parsing of form_34l.pdf
2025-08-19 21:20:59,199 - unified_parser_with_gcp - INFO - Parsing with OSS native libraries...
2025-08-19 21:20:59,199 - unified_parser_with_gcp - INFO - Parsing tables with OSS libraries...
2025-08-19 21:20:59,199 - unified_parser_with_gcp - INFO - Building consensus from all extraction methods...
2025-08-19 21:20:59,199 - unified_parser_with_gcp - INFO - Validating consistency...
2025-08-19 21:20:59,199 - unified_parser_with_gcp - INFO - Applying Ontario-specific rules...
2025-08-19 21:20:59,199 - automated_form_processor - INFO - Extracted 0 fields using unified parser
2025-08-19 21:20:59,199 - automated_form_processor - INFO - Saved 0 fields to /Users/draw/development/docassemble/docassemble_webapp/docassemble/webapp/data/questions/ontario-family-law/utilities/workflow_output/parsed_data/csv/form_34L_fields.csv
2025-08-19 21:20:59,201 - automated_form_processor - INFO - Generated YAML interview: /Users/draw/development/docassemble/docassemble_webapp/docassemble/webapp/data/questions/ontario-family-law/utilities/workflow_output/parsed_data/yaml/form_34L_interview.yml
2025-08-19 21:20:59,201 - automated_form_processor - INFO - ✓ Successfully processed Form 34L
2025-08-19 21:20:59,203 - automated_form_processor - INFO - Processing Form 34M: form_34m_2018
2025-08-19 21:20:59,203 - automated_form_processor - ERROR - Could not find form file for Form 34M in /Users/draw/development/docassemble/docassemble_webapp/docassemble/webapp/data/questions/ontario-family-law/utilities/workflow_output/parsed_data/downloads
2025-08-19 21:20:59,203 - automated_form_processor - INFO - Expected filename: form_34m.pdf
2025-08-19 21:20:59,203 - automated_form_processor - INFO - Available files: ['form_25c_-_adoption_order_flr-25c-may25-en-fil.docx', 'form_37_-_interjurisdictional_support_order_flr-37-apr24-en-fil.docx', 'form_10_-_answer_flr-10-jun25-en-fil.docx', 'form_29_-_request_garnishment_flr-29-apr16-en-fil.docx', 'form_10a_-_reply_flr-10a-e.pdf']...
2025-08-19 21:20:59,203 - automated_form_processor - INFO - Extracting fields from /Users/draw/development/docassemble/docassemble_webapp/docassemble/webapp/data/questions/ontario-family-law/utilities/workflow_output/parsed_data/downloads/form_34m.pdf
2025-08-19 21:20:59,203 - unified_parser_with_gcp - INFO - Starting comprehensive parsing of form_34m.pdf
2025-08-19 21:20:59,203 - unified_parser_with_gcp - INFO - Parsing with OSS native libraries...
2025-08-19 21:20:59,203 - unified_parser_with_gcp - INFO - Parsing tables with OSS libraries...
2025-08-19 21:20:59,203 - unified_parser_with_gcp - INFO - Building consensus from all extraction methods...
2025-08-19 21:20:59,204 - unified_parser_with_gcp - INFO - Validating consistency...
2025-08-19 21:20:59,204 - unified_parser_with_gcp - INFO - Applying Ontario-specific rules...
2025-08-19 21:20:59,204 - automated_form_processor - INFO - Extracted 0 fields using unified parser
2025-08-19 21:20:59,204 - automated_form_processor - INFO - Saved 0 fields to /Users/draw/development/docassemble/docassemble_webapp/docassemble/webapp/data/questions/ontario-family-law/utilities/workflow_output/parsed_data/csv/form_34M_fields.csv
2025-08-19 21:20:59,205 - automated_form_processor - INFO - Generated YAML interview: /Users/draw/development/docassemble/docassemble_webapp/docassemble/webapp/data/questions/ontario-family-law/utilities/workflow_output/parsed_data/yaml/form_34M_interview.yml
2025-08-19 21:20:59,206 - automated_form_processor - INFO - ✓ Successfully processed Form 34M
2025-08-19 21:20:59,207 - automated_form_processor - INFO - Processing Form 34N: form_34n_2018
2025-08-19 21:20:59,207 - automated_form_processor - ERROR - Could not find form file for Form 34N in /Users/draw/development/docassemble/docassemble_webapp/docassemble/webapp/data/questions/ontario-family-law/utilities/workflow_output/parsed_data/downloads
2025-08-19 21:20:59,207 - automated_form_processor - INFO - Expected filename: form_34n.pdf
2025-08-19 21:20:59,207 - automated_form_processor - INFO - Available files: ['form_25c_-_adoption_order_flr-25c-may25-en-fil.docx', 'form_37_-_interjurisdictional_support_order_flr-37-apr24-en-fil.docx', 'form_10_-_answer_flr-10-jun25-en-fil.docx', 'form_29_-_request_garnishment_flr-29-apr16-en-fil.docx', 'form_10a_-_reply_flr-10a-e.pdf']...
2025-08-19 21:20:59,207 - automated_form_processor - INFO - Extracting fields from /Users/draw/development/docassemble/docassemble_webapp/docassemble/webapp/data/questions/ontario-family-law/utilities/workflow_output/parsed_data/downloads/form_34n.pdf
2025-08-19 21:20:59,207 - unified_parser_with_gcp - INFO - Starting comprehensive parsing of form_34n.pdf
2025-08-19 21:20:59,207 - unified_parser_with_gcp - INFO - Parsing with OSS native libraries...
2025-08-19 21:20:59,208 - unified_parser_with_gcp - INFO - Parsing tables with OSS libraries...
2025-08-19 21:20:59,208 - unified_parser_with_gcp - INFO - Building consensus from all extraction methods...
2025-08-19 21:20:59,208 - unified_parser_with_gcp - INFO - Validating consistency...
2025-08-19 21:20:59,208 - unified_parser_with_gcp - INFO - Applying Ontario-specific rules...
2025-08-19 21:20:59,208 - automated_form_processor - INFO - Extracted 0 fields using unified parser
2025-08-19 21:20:59,208 - automated_form_processor - INFO - Saved 0 fields to /Users/draw/development/docassemble/docassemble_webapp/docassemble/webapp/data/questions/ontario-family-law/utilities/workflow_output/parsed_data/csv/form_34N_fields.csv
2025-08-19 21:20:59,209 - automated_form_processor - INFO - Generated YAML interview: /Users/draw/development/docassemble/docassemble_webapp/docassemble/webapp/data/questions/ontario-family-law/utilities/workflow_output/parsed_data/yaml/form_34N_interview.yml
2025-08-19 21:20:59,210 - automated_form_processor - INFO - ✓ Successfully processed Form 34N
2025-08-19 21:20:59,211 - automated_form_processor - INFO - Processing Form 35: 1-0921-en
2025-08-19 21:20:59,212 - automated_form_processor - ERROR - Could not find form file for Form 35 in /Users/draw/development/docassemble/docassemble_webapp/docassemble/webapp/data/questions/ontario-family-law/utilities/workflow_output/parsed_data/downloads
2025-08-19 21:20:59,212 - automated_form_processor - INFO - Expected filename: form_35.pdf
2025-08-19 21:20:59,212 - automated_form_processor - INFO - Available files: ['form_25c_-_adoption_order_flr-25c-may25-en-fil.docx', 'form_37_-_interjurisdictional_support_order_flr-37-apr24-en-fil.docx', 'form_10_-_answer_flr-10-jun25-en-fil.docx', 'form_29_-_request_garnishment_flr-29-apr16-en-fil.docx', 'form_10a_-_reply_flr-10a-e.pdf']...
2025-08-19 21:20:59,212 - automated_form_processor - INFO - Extracting fields from /Users/draw/development/docassemble/docassemble_webapp/docassemble/webapp/data/questions/ontario-family-law/utilities/workflow_output/parsed_data/downloads/form_35.pdf
2025-08-19 21:20:59,212 - unified_parser_with_gcp - INFO - Starting comprehensive parsing of form_35.pdf
2025-08-19 21:20:59,212 - unified_parser_with_gcp - INFO - Parsing with OSS native libraries...
2025-08-19 21:20:59,212 - unified_parser_with_gcp - INFO - Parsing tables with OSS libraries...
2025-08-19 21:20:59,212 - unified_parser_with_gcp - INFO - Building consensus from all extraction methods...
2025-08-19 21:20:59,212 - unified_parser_with_gcp - INFO - Validating consistency...
2025-08-19 21:20:59,212 - unified_parser_with_gcp - INFO - Applying Ontario-specific rules...
2025-08-19 21:20:59,212 - automated_form_processor - INFO - Extracted 0 fields using unified parser
2025-08-19 21:20:59,212 - automated_form_processor - INFO - Saved 0 fields to /Users/draw/development/docassemble/docassemble_webapp/docassemble/webapp/data/questions/ontario-family-law/utilities/workflow_output/parsed_data/csv/form_35_fields.csv
2025-08-19 21:20:59,213 - automated_form_processor - INFO - Generated YAML interview: /Users/draw/development/docassemble/docassemble_webapp/docassemble/webapp/data/questions/ontario-family-law/utilities/workflow_output/parsed_data/yaml/form_35_interview.yml
2025-08-19 21:20:59,214 - automated_form_processor - INFO - ✓ Successfully processed Form 35
2025-08-19 21:20:59,215 - automated_form_processor - INFO - Processing Form 36: apr24-en-fil
2025-08-19 21:20:59,215 - automated_form_processor - INFO - Found form file: /Users/draw/development/docassemble/docassemble_webapp/docassemble/webapp/data/questions/ontario-family-law/utilities/workflow_output/parsed_data/downloads/form_36_-_affidavit_for_divorce_flr-36-apr24-en-fil.docx
2025-08-19 21:20:59,215 - automated_form_processor - INFO - Extracting fields from /Users/draw/development/docassemble/docassemble_webapp/docassemble/webapp/data/questions/ontario-family-law/utilities/workflow_output/parsed_data/downloads/form_36_-_affidavit_for_divorce_flr-36-apr24-en-fil.docx
2025-08-19 21:20:59,215 - unified_parser_with_gcp - INFO - Starting comprehensive parsing of form_36_-_affidavit_for_divorce_flr-36-apr24-en-fil.docx
2025-08-19 21:20:59,215 - unified_parser_with_gcp - INFO - Parsing with OSS native libraries...
2025-08-19 21:20:59,348 - unified_parser_with_gcp - INFO - Parsing tables with OSS libraries...
2025-08-19 21:20:59,348 - unified_parser_with_gcp - INFO - Building consensus from all extraction methods...
2025-08-19 21:20:59,349 - unified_parser_with_gcp - INFO - Validating consistency...
2025-08-19 21:20:59,349 - unified_parser_with_gcp - INFO - Applying Ontario-specific rules...
2025-08-19 21:20:59,349 - automated_form_processor - INFO - Extracted 78 fields using unified parser
2025-08-19 21:20:59,350 - automated_form_processor - INFO - Saved 78 fields to /Users/draw/development/docassemble/docassemble_webapp/docassemble/webapp/data/questions/ontario-family-law/utilities/workflow_output/parsed_data/csv/form_36_fields.csv
2025-08-19 21:20:59,359 - automated_form_processor - INFO - Generated YAML interview: /Users/draw/development/docassemble/docassemble_webapp/docassemble/webapp/data/questions/ontario-family-law/utilities/workflow_output/parsed_data/yaml/form_36_interview.yml
2025-08-19 21:20:59,359 - automated_form_processor - INFO - ✓ Successfully processed Form 36
2025-08-19 21:20:59,361 - automated_form_processor - INFO - Processing Form 36A: dec20-en-fil
2025-08-19 21:20:59,361 - automated_form_processor - INFO - Found form file: /Users/draw/development/docassemble/docassemble_webapp/docassemble/webapp/data/questions/ontario-family-law/utilities/workflow_output/parsed_data/downloads/form_36a_-_certificate_divorce_flr-36a-dec20-en-fil.docx
2025-08-19 21:20:59,361 - automated_form_processor - INFO - Extracting fields from /Users/draw/development/docassemble/docassemble_webapp/docassemble/webapp/data/questions/ontario-family-law/utilities/workflow_output/parsed_data/downloads/form_36a_-_certificate_divorce_flr-36a-dec20-en-fil.docx
2025-08-19 21:20:59,361 - unified_parser_with_gcp - INFO - Starting comprehensive parsing of form_36a_-_certificate_divorce_flr-36a-dec20-en-fil.docx
2025-08-19 21:20:59,361 - unified_parser_with_gcp - INFO - Parsing with OSS native libraries...
2025-08-19 21:20:59,523 - unified_parser_with_gcp - INFO - Parsing tables with OSS libraries...
2025-08-19 21:20:59,523 - unified_parser_with_gcp - INFO - Building consensus from all extraction methods...
2025-08-19 21:20:59,524 - unified_parser_with_gcp - INFO - Validating consistency...
2025-08-19 21:20:59,524 - unified_parser_with_gcp - INFO - Applying Ontario-specific rules...
2025-08-19 21:20:59,525 - automated_form_processor - INFO - Extracted 81 fields using unified parser
2025-08-19 21:20:59,526 - automated_form_processor - INFO - Saved 81 fields to /Users/draw/development/docassemble/docassemble_webapp/docassemble/webapp/data/questions/ontario-family-law/utilities/workflow_output/parsed_data/csv/form_36A_fields.csv
2025-08-19 21:20:59,535 - automated_form_processor - INFO - Generated YAML interview: /Users/draw/development/docassemble/docassemble_webapp/docassemble/webapp/data/questions/ontario-family-law/utilities/workflow_output/parsed_data/yaml/form_36A_interview.yml
2025-08-19 21:20:59,536 - automated_form_processor - INFO - ✓ Successfully processed Form 36A
2025-08-19 21:20:59,537 - automated_form_processor - INFO - Processing Form 36B: e
2025-08-19 21:20:59,537 - automated_form_processor - ERROR - Could not find form file for Form 36B in /Users/draw/development/docassemble/docassemble_webapp/docassemble/webapp/data/questions/ontario-family-law/utilities/workflow_output/parsed_data/downloads
2025-08-19 21:20:59,537 - automated_form_processor - INFO - Expected filename: form_36b.pdf
2025-08-19 21:20:59,538 - automated_form_processor - INFO - Available files: ['form_25c_-_adoption_order_flr-25c-may25-en-fil.docx', 'form_37_-_interjurisdictional_support_order_flr-37-apr24-en-fil.docx', 'form_10_-_answer_flr-10-jun25-en-fil.docx', 'form_29_-_request_garnishment_flr-29-apr16-en-fil.docx', 'form_10a_-_reply_flr-10a-e.pdf']...
2025-08-19 21:20:59,538 - automated_form_processor - INFO - Extracting fields from /Users/draw/development/docassemble/docassemble_webapp/docassemble/webapp/data/questions/ontario-family-law/utilities/workflow_output/parsed_data/downloads/form_36b.pdf
2025-08-19 21:20:59,538 - unified_parser_with_gcp - INFO - Starting comprehensive parsing of form_36b.pdf
2025-08-19 21:20:59,538 - unified_parser_with_gcp - INFO - Parsing with OSS native libraries...
2025-08-19 21:20:59,538 - unified_parser_with_gcp - INFO - Parsing tables with OSS libraries...
2025-08-19 21:20:59,538 - unified_parser_with_gcp - INFO - Building consensus from all extraction methods...
2025-08-19 21:20:59,538 - unified_parser_with_gcp - INFO - Validating consistency...
2025-08-19 21:20:59,538 - unified_parser_with_gcp - INFO - Applying Ontario-specific rules...
2025-08-19 21:20:59,538 - automated_form_processor - INFO - Extracted 0 fields using unified parser
2025-08-19 21:20:59,538 - automated_form_processor - INFO - Saved 0 fields to /Users/draw/development/docassemble/docassemble_webapp/docassemble/webapp/data/questions/ontario-family-law/utilities/workflow_output/parsed_data/csv/form_36B_fields.csv
2025-08-19 21:20:59,540 - automated_form_processor - INFO - Generated YAML interview: /Users/draw/development/docassemble/docassemble_webapp/docassemble/webapp/data/questions/ontario-family-law/utilities/workflow_output/parsed_data/yaml/form_36B_interview.yml
2025-08-19 21:20:59,540 - automated_form_processor - INFO - ✓ Successfully processed Form 36B
2025-08-19 21:20:59,542 - automated_form_processor - INFO - Processing Form 37: apr24-en-fil
2025-08-19 21:20:59,542 - automated_form_processor - INFO - Found form file: /Users/draw/development/docassemble/docassemble_webapp/docassemble/webapp/data/questions/ontario-family-law/utilities/workflow_output/parsed_data/downloads/form_37_-_interjurisdictional_support_order_flr-37-apr24-en-fil.docx
2025-08-19 21:20:59,542 - automated_form_processor - INFO - Extracting fields from /Users/draw/development/docassemble/docassemble_webapp/docassemble/webapp/data/questions/ontario-family-law/utilities/workflow_output/parsed_data/downloads/form_37_-_interjurisdictional_support_order_flr-37-apr24-en-fil.docx
2025-08-19 21:20:59,542 - unified_parser_with_gcp - INFO - Starting comprehensive parsing of form_37_-_interjurisdictional_support_order_flr-37-apr24-en-fil.docx
2025-08-19 21:20:59,542 - unified_parser_with_gcp - INFO - Parsing with OSS native libraries...
2025-08-19 21:20:59,581 - unified_parser_with_gcp - INFO - Parsing tables with OSS libraries...
2025-08-19 21:20:59,581 - unified_parser_with_gcp - INFO - Building consensus from all extraction methods...
2025-08-19 21:20:59,582 - unified_parser_with_gcp - INFO - Validating consistency...
2025-08-19 21:20:59,582 - unified_parser_with_gcp - INFO - Applying Ontario-specific rules...
2025-08-19 21:20:59,582 - automated_form_processor - INFO - Extracted 29 fields using unified parser
2025-08-19 21:20:59,582 - automated_form_processor - INFO - Saved 29 fields to /Users/draw/development/docassemble/docassemble_webapp/docassemble/webapp/data/questions/ontario-family-law/utilities/workflow_output/parsed_data/csv/form_37_fields.csv
2025-08-19 21:20:59,587 - automated_form_processor - INFO - Generated YAML interview: /Users/draw/development/docassemble/docassemble_webapp/docassemble/webapp/data/questions/ontario-family-law/utilities/workflow_output/parsed_data/yaml/form_37_interview.yml
2025-08-19 21:20:59,588 - automated_form_processor - INFO - ✓ Successfully processed Form 37
2025-08-19 21:20:59,589 - automated_form_processor - INFO - Processing Form 37A: apr24-en-fil
2025-08-19 21:20:59,589 - automated_form_processor - INFO - Found form file: /Users/draw/development/docassemble/docassemble_webapp/docassemble/webapp/data/questions/ontario-family-law/utilities/workflow_output/parsed_data/downloads/form_37a_-_affidavit_interjurisdictional_support_flr-37a-apr24-en-fil.docx
2025-08-19 21:20:59,590 - automated_form_processor - INFO - Extracting fields from /Users/draw/development/docassemble/docassemble_webapp/docassemble/webapp/data/questions/ontario-family-law/utilities/workflow_output/parsed_data/downloads/form_37a_-_affidavit_interjurisdictional_support_flr-37a-apr24-en-fil.docx
2025-08-19 21:20:59,590 - unified_parser_with_gcp - INFO - Starting comprehensive parsing of form_37a_-_affidavit_interjurisdictional_support_flr-37a-apr24-en-fil.docx
2025-08-19 21:20:59,590 - unified_parser_with_gcp - INFO - Parsing with OSS native libraries...
2025-08-19 21:20:59,606 - unified_parser_with_gcp - INFO - Parsing tables with OSS libraries...
2025-08-19 21:20:59,606 - unified_parser_with_gcp - INFO - Building consensus from all extraction methods...
2025-08-19 21:20:59,606 - unified_parser_with_gcp - INFO - Validating consistency...
2025-08-19 21:20:59,606 - unified_parser_with_gcp - INFO - Applying Ontario-specific rules...
2025-08-19 21:20:59,607 - automated_form_processor - INFO - Extracted 19 fields using unified parser
2025-08-19 21:20:59,607 - automated_form_processor - INFO - Saved 19 fields to /Users/draw/development/docassemble/docassemble_webapp/docassemble/webapp/data/questions/ontario-family-law/utilities/workflow_output/parsed_data/csv/form_37A_fields.csv
2025-08-19 21:20:59,611 - automated_form_processor - INFO - Generated YAML interview: /Users/draw/development/docassemble/docassemble_webapp/docassemble/webapp/data/questions/ontario-family-law/utilities/workflow_output/parsed_data/yaml/form_37A_interview.yml
2025-08-19 21:20:59,611 - automated_form_processor - INFO - ✓ Successfully processed Form 37A
2025-08-19 21:20:59,612 - automated_form_processor - INFO - Processing Form 37B: apr24-en-fil
2025-08-19 21:20:59,613 - automated_form_processor - INFO - Found form file: /Users/draw/development/docassemble/docassemble_webapp/docassemble/webapp/data/questions/ontario-family-law/utilities/workflow_output/parsed_data/downloads/form_37b_-_evidence_information_flr-37b-apr24-en-fil.docx
2025-08-19 21:20:59,613 - automated_form_processor - INFO - Extracting fields from /Users/draw/development/docassemble/docassemble_webapp/docassemble/webapp/data/questions/ontario-family-law/utilities/workflow_output/parsed_data/downloads/form_37b_-_evidence_information_flr-37b-apr24-en-fil.docx
2025-08-19 21:20:59,613 - unified_parser_with_gcp - INFO - Starting comprehensive parsing of form_37b_-_evidence_information_flr-37b-apr24-en-fil.docx
2025-08-19 21:20:59,613 - unified_parser_with_gcp - INFO - Parsing with OSS native libraries...
2025-08-19 21:20:59,639 - unified_parser_with_gcp - INFO - Parsing tables with OSS libraries...
2025-08-19 21:20:59,640 - unified_parser_with_gcp - INFO - Building consensus from all extraction methods...
2025-08-19 21:20:59,640 - unified_parser_with_gcp - INFO - Validating consistency...
2025-08-19 21:20:59,640 - unified_parser_with_gcp - INFO - Applying Ontario-specific rules...
2025-08-19 21:20:59,640 - automated_form_processor - INFO - Extracted 28 fields using unified parser
2025-08-19 21:20:59,640 - automated_form_processor - INFO - Saved 28 fields to /Users/draw/development/docassemble/docassemble_webapp/docassemble/webapp/data/questions/ontario-family-law/utilities/workflow_output/parsed_data/csv/form_37B_fields.csv
2025-08-19 21:20:59,644 - automated_form_processor - INFO - Generated YAML interview: /Users/draw/development/docassemble/docassemble_webapp/docassemble/webapp/data/questions/ontario-family-law/utilities/workflow_output/parsed_data/yaml/form_37B_interview.yml
2025-08-19 21:20:59,645 - automated_form_processor - INFO - ✓ Successfully processed Form 37B
2025-08-19 21:20:59,646 - automated_form_processor - INFO - Processing Form 37C: apr24-en-fil
2025-08-19 21:20:59,647 - automated_form_processor - ERROR - Could not find form file for Form 37C in /Users/draw/development/docassemble/docassemble_webapp/docassemble/webapp/data/questions/ontario-family-law/utilities/workflow_output/parsed_data/downloads
2025-08-19 21:20:59,647 - automated_form_processor - INFO - Expected filename: form_37c.pdf
2025-08-19 21:20:59,647 - automated_form_processor - INFO - Available files: ['form_25c_-_adoption_order_flr-25c-may25-en-fil.docx', 'form_37_-_interjurisdictional_support_order_flr-37-apr24-en-fil.docx', 'form_10_-_answer_flr-10-jun25-en-fil.docx', 'form_29_-_request_garnishment_flr-29-apr16-en-fil.docx', 'form_10a_-_reply_flr-10a-e.pdf']...
2025-08-19 21:20:59,647 - automated_form_processor - INFO - Extracting fields from /Users/draw/development/docassemble/docassemble_webapp/docassemble/webapp/data/questions/ontario-family-law/utilities/workflow_output/parsed_data/downloads/form_37c.pdf
2025-08-19 21:20:59,647 - unified_parser_with_gcp - INFO - Starting comprehensive parsing of form_37c.pdf
2025-08-19 21:20:59,647 - unified_parser_with_gcp - INFO - Parsing with OSS native libraries...
2025-08-19 21:20:59,647 - unified_parser_with_gcp - INFO - Parsing tables with OSS libraries...
2025-08-19 21:20:59,647 - unified_parser_with_gcp - INFO - Building consensus from all extraction methods...
2025-08-19 21:20:59,647 - unified_parser_with_gcp - INFO - Validating consistency...
2025-08-19 21:20:59,647 - unified_parser_with_gcp - INFO - Applying Ontario-specific rules...
2025-08-19 21:20:59,647 - automated_form_processor - INFO - Extracted 0 fields using unified parser
2025-08-19 21:20:59,647 - automated_form_processor - INFO - Saved 0 fields to /Users/draw/development/docassemble/docassemble_webapp/docassemble/webapp/data/questions/ontario-family-law/utilities/workflow_output/parsed_data/csv/form_37C_fields.csv
2025-08-19 21:20:59,649 - automated_form_processor - INFO - Generated YAML interview: /Users/draw/development/docassemble/docassemble_webapp/docassemble/webapp/data/questions/ontario-family-law/utilities/workflow_output/parsed_data/yaml/form_37C_interview.yml
2025-08-19 21:20:59,649 - automated_form_processor - INFO - ✓ Successfully processed Form 37C
2025-08-19 21:20:59,650 - automated_form_processor - INFO - Processing Form 37D: apr24-en-fil
2025-08-19 21:20:59,651 - automated_form_processor - ERROR - Could not find form file for Form 37D in /Users/draw/development/docassemble/docassemble_webapp/docassemble/webapp/data/questions/ontario-family-law/utilities/workflow_output/parsed_data/downloads
2025-08-19 21:20:59,651 - automated_form_processor - INFO - Expected filename: form_37d.pdf
2025-08-19 21:20:59,651 - automated_form_processor - INFO - Available files: ['form_25c_-_adoption_order_flr-25c-may25-en-fil.docx', 'form_37_-_interjurisdictional_support_order_flr-37-apr24-en-fil.docx', 'form_10_-_answer_flr-10-jun25-en-fil.docx', 'form_29_-_request_garnishment_flr-29-apr16-en-fil.docx', 'form_10a_-_reply_flr-10a-e.pdf']...
2025-08-19 21:20:59,651 - automated_form_processor - INFO - Extracting fields from /Users/draw/development/docassemble/docassemble_webapp/docassemble/webapp/data/questions/ontario-family-law/utilities/workflow_output/parsed_data/downloads/form_37d.pdf
2025-08-19 21:20:59,651 - unified_parser_with_gcp - INFO - Starting comprehensive parsing of form_37d.pdf
2025-08-19 21:20:59,651 - unified_parser_with_gcp - INFO - Parsing with OSS native libraries...
2025-08-19 21:20:59,651 - unified_parser_with_gcp - INFO - Parsing tables with OSS libraries...
2025-08-19 21:20:59,651 - unified_parser_with_gcp - INFO - Building consensus from all extraction methods...
2025-08-19 21:20:59,651 - unified_parser_with_gcp - INFO - Validating consistency...
2025-08-19 21:20:59,651 - unified_parser_with_gcp - INFO - Applying Ontario-specific rules...
2025-08-19 21:20:59,652 - automated_form_processor - INFO - Extracted 0 fields using unified parser
2025-08-19 21:20:59,652 - automated_form_processor - INFO - Saved 0 fields to /Users/draw/development/docassemble/docassemble_webapp/docassemble/webapp/data/questions/ontario-family-law/utilities/workflow_output/parsed_data/csv/form_37D_fields.csv
2025-08-19 21:20:59,653 - automated_form_processor - INFO - Generated YAML interview: /Users/draw/development/docassemble/docassemble_webapp/docassemble/webapp/data/questions/ontario-family-law/utilities/workflow_output/parsed_data/yaml/form_37D_interview.yml
2025-08-19 21:20:59,653 - automated_form_processor - INFO - ✓ Successfully processed Form 37D
2025-08-19 21:20:59,655 - automated_form_processor - INFO - Processing Form 37E: e
2025-08-19 21:20:59,655 - automated_form_processor - ERROR - Could not find form file for Form 37E in /Users/draw/development/docassemble/docassemble_webapp/docassemble/webapp/data/questions/ontario-family-law/utilities/workflow_output/parsed_data/downloads
2025-08-19 21:20:59,655 - automated_form_processor - INFO - Expected filename: form_37e.pdf
2025-08-19 21:20:59,655 - automated_form_processor - INFO - Available files: ['form_25c_-_adoption_order_flr-25c-may25-en-fil.docx', 'form_37_-_interjurisdictional_support_order_flr-37-apr24-en-fil.docx', 'form_10_-_answer_flr-10-jun25-en-fil.docx', 'form_29_-_request_garnishment_flr-29-apr16-en-fil.docx', 'form_10a_-_reply_flr-10a-e.pdf']...
2025-08-19 21:20:59,655 - automated_form_processor - INFO - Extracting fields from /Users/draw/development/docassemble/docassemble_webapp/docassemble/webapp/data/questions/ontario-family-law/utilities/workflow_output/parsed_data/downloads/form_37e.pdf
2025-08-19 21:20:59,655 - unified_parser_with_gcp - INFO - Starting comprehensive parsing of form_37e.pdf
2025-08-19 21:20:59,655 - unified_parser_with_gcp - INFO - Parsing with OSS native libraries...
2025-08-19 21:20:59,655 - unified_parser_with_gcp - INFO - Parsing tables with OSS libraries...
2025-08-19 21:20:59,655 - unified_parser_with_gcp - INFO - Building consensus from all extraction methods...
2025-08-19 21:20:59,655 - unified_parser_with_gcp - INFO - Validating consistency...
2025-08-19 21:20:59,655 - unified_parser_with_gcp - INFO - Applying Ontario-specific rules...
2025-08-19 21:20:59,655 - automated_form_processor - INFO - Extracted 0 fields using unified parser
2025-08-19 21:20:59,655 - automated_form_processor - INFO - Saved 0 fields to /Users/draw/development/docassemble/docassemble_webapp/docassemble/webapp/data/questions/ontario-family-law/utilities/workflow_output/parsed_data/csv/form_37E_fields.csv
2025-08-19 21:20:59,657 - automated_form_processor - INFO - Generated YAML interview: /Users/draw/development/docassemble/docassemble_webapp/docassemble/webapp/data/questions/ontario-family-law/utilities/workflow_output/parsed_data/yaml/form_37E_interview.yml
2025-08-19 21:20:59,657 - automated_form_processor - INFO - ✓ Successfully processed Form 37E
2025-08-19 21:20:59,658 - automated_form_processor - INFO - Processing Form 38: e
2025-08-19 21:20:59,659 - automated_form_processor - ERROR - Could not find form file for Form 38 in /Users/draw/development/docassemble/docassemble_webapp/docassemble/webapp/data/questions/ontario-family-law/utilities/workflow_output/parsed_data/downloads
2025-08-19 21:20:59,659 - automated_form_processor - INFO - Expected filename: form_38.pdf
2025-08-19 21:20:59,659 - automated_form_processor - INFO - Available files: ['form_25c_-_adoption_order_flr-25c-may25-en-fil.docx', 'form_37_-_interjurisdictional_support_order_flr-37-apr24-en-fil.docx', 'form_10_-_answer_flr-10-jun25-en-fil.docx', 'form_29_-_request_garnishment_flr-29-apr16-en-fil.docx', 'form_10a_-_reply_flr-10a-e.pdf']...
2025-08-19 21:20:59,659 - automated_form_processor - INFO - Extracting fields from /Users/draw/development/docassemble/docassemble_webapp/docassemble/webapp/data/questions/ontario-family-law/utilities/workflow_output/parsed_data/downloads/form_38.pdf
2025-08-19 21:20:59,659 - unified_parser_with_gcp - INFO - Starting comprehensive parsing of form_38.pdf
2025-08-19 21:20:59,659 - unified_parser_with_gcp - INFO - Parsing with OSS native libraries...
2025-08-19 21:20:59,659 - unified_parser_with_gcp - INFO - Parsing tables with OSS libraries...
2025-08-19 21:20:59,659 - unified_parser_with_gcp - INFO - Building consensus from all extraction methods...
2025-08-19 21:20:59,659 - unified_parser_with_gcp - INFO - Validating consistency...
2025-08-19 21:20:59,659 - unified_parser_with_gcp - INFO - Applying Ontario-specific rules...
2025-08-19 21:20:59,659 - automated_form_processor - INFO - Extracted 0 fields using unified parser
2025-08-19 21:20:59,659 - automated_form_processor - INFO - Saved 0 fields to /Users/draw/development/docassemble/docassemble_webapp/docassemble/webapp/data/questions/ontario-family-law/utilities/workflow_output/parsed_data/csv/form_38_fields.csv
2025-08-19 21:20:59,661 - automated_form_processor - INFO - Generated YAML interview: /Users/draw/development/docassemble/docassemble_webapp/docassemble/webapp/data/questions/ontario-family-law/utilities/workflow_output/parsed_data/yaml/form_38_interview.yml
2025-08-19 21:20:59,661 - automated_form_processor - INFO - ✓ Successfully processed Form 38
2025-08-19 21:20:59,663 - automated_form_processor - INFO - Processing Form 39: e
2025-08-19 21:20:59,663 - automated_form_processor - ERROR - Could not find form file for Form 39 in /Users/draw/development/docassemble/docassemble_webapp/docassemble/webapp/data/questions/ontario-family-law/utilities/workflow_output/parsed_data/downloads
2025-08-19 21:20:59,663 - automated_form_processor - INFO - Expected filename: form_39.pdf
2025-08-19 21:20:59,663 - automated_form_processor - INFO - Available files: ['form_25c_-_adoption_order_flr-25c-may25-en-fil.docx', 'form_37_-_interjurisdictional_support_order_flr-37-apr24-en-fil.docx', 'form_10_-_answer_flr-10-jun25-en-fil.docx', 'form_29_-_request_garnishment_flr-29-apr16-en-fil.docx', 'form_10a_-_reply_flr-10a-e.pdf']...
2025-08-19 21:20:59,663 - automated_form_processor - INFO - Extracting fields from /Users/draw/development/docassemble/docassemble_webapp/docassemble/webapp/data/questions/ontario-family-law/utilities/workflow_output/parsed_data/downloads/form_39.pdf
2025-08-19 21:20:59,663 - unified_parser_with_gcp - INFO - Starting comprehensive parsing of form_39.pdf
2025-08-19 21:20:59,663 - unified_parser_with_gcp - INFO - Parsing with OSS native libraries...
2025-08-19 21:20:59,663 - unified_parser_with_gcp - INFO - Parsing tables with OSS libraries...
2025-08-19 21:20:59,663 - unified_parser_with_gcp - INFO - Building consensus from all extraction methods...
2025-08-19 21:20:59,663 - unified_parser_with_gcp - INFO - Validating consistency...
2025-08-19 21:20:59,663 - unified_parser_with_gcp - INFO - Applying Ontario-specific rules...
2025-08-19 21:20:59,663 - automated_form_processor - INFO - Extracted 0 fields using unified parser
2025-08-19 21:20:59,663 - automated_form_processor - INFO - Saved 0 fields to /Users/draw/development/docassemble/docassemble_webapp/docassemble/webapp/data/questions/ontario-family-law/utilities/workflow_output/parsed_data/csv/form_39_fields.csv
2025-08-19 21:20:59,665 - automated_form_processor - INFO - Generated YAML interview: /Users/draw/development/docassemble/docassemble_webapp/docassemble/webapp/data/questions/ontario-family-law/utilities/workflow_output/parsed_data/yaml/form_39_interview.yml
2025-08-19 21:20:59,665 - automated_form_processor - INFO - ✓ Successfully processed Form 39
2025-08-19 21:20:59,666 - automated_form_processor - INFO - Processing Form 43: sep24-en-fil
2025-08-19 21:20:59,667 - automated_form_processor - INFO - Found form file: /Users/draw/development/docassemble/docassemble_webapp/docassemble/webapp/data/questions/ontario-family-law/utilities/workflow_output/parsed_data/downloads/form_43_-_bjdr_hearing_request_flr-43-sep24-en-fil.docx
2025-08-19 21:20:59,667 - automated_form_processor - INFO - Extracting fields from /Users/draw/development/docassemble/docassemble_webapp/docassemble/webapp/data/questions/ontario-family-law/utilities/workflow_output/parsed_data/downloads/form_43_-_bjdr_hearing_request_flr-43-sep24-en-fil.docx
2025-08-19 21:20:59,667 - unified_parser_with_gcp - INFO - Starting comprehensive parsing of form_43_-_bjdr_hearing_request_flr-43-sep24-en-fil.docx
2025-08-19 21:20:59,667 - unified_parser_with_gcp - INFO - Parsing with OSS native libraries...
2025-08-19 21:20:59,702 - unified_parser_with_gcp - INFO - Parsing tables with OSS libraries...
2025-08-19 21:20:59,702 - unified_parser_with_gcp - INFO - Building consensus from all extraction methods...
2025-08-19 21:20:59,702 - unified_parser_with_gcp - INFO - Validating consistency...
2025-08-19 21:20:59,702 - unified_parser_with_gcp - INFO - Applying Ontario-specific rules...
2025-08-19 21:20:59,702 - automated_form_processor - INFO - Extracted 17 fields using unified parser
2025-08-19 21:20:59,703 - automated_form_processor - INFO - Saved 17 fields to /Users/draw/development/docassemble/docassemble_webapp/docassemble/webapp/data/questions/ontario-family-law/utilities/workflow_output/parsed_data/csv/form_43_fields.csv
2025-08-19 21:20:59,706 - automated_form_processor - INFO - Generated YAML interview: /Users/draw/development/docassemble/docassemble_webapp/docassemble/webapp/data/questions/ontario-family-law/utilities/workflow_output/parsed_data/yaml/form_43_interview.yml
2025-08-19 21:20:59,707 - automated_form_processor - INFO - ✓ Successfully processed Form 43
2025-08-19 21:20:59,708 - automated_form_processor - INFO - Processing Form 43A: sep24-en-fil
2025-08-19 21:20:59,708 - automated_form_processor - INFO - Found form file: /Users/draw/development/docassemble/docassemble_webapp/docassemble/webapp/data/questions/ontario-family-law/utilities/workflow_output/parsed_data/downloads/form_43a_-_bjdr_request_ocl_flr-43a-sep24-en-fil.docx
2025-08-19 21:20:59,708 - automated_form_processor - INFO - Extracting fields from /Users/draw/development/docassemble/docassemble_webapp/docassemble/webapp/data/questions/ontario-family-law/utilities/workflow_output/parsed_data/downloads/form_43a_-_bjdr_request_ocl_flr-43a-sep24-en-fil.docx
2025-08-19 21:20:59,708 - unified_parser_with_gcp - INFO - Starting comprehensive parsing of form_43a_-_bjdr_request_ocl_flr-43a-sep24-en-fil.docx
2025-08-19 21:20:59,708 - unified_parser_with_gcp - INFO - Parsing with OSS native libraries...
2025-08-19 21:20:59,741 - unified_parser_with_gcp - INFO - Parsing tables with OSS libraries...
2025-08-19 21:20:59,741 - unified_parser_with_gcp - INFO - Building consensus from all extraction methods...
2025-08-19 21:20:59,742 - unified_parser_with_gcp - INFO - Validating consistency...
2025-08-19 21:20:59,742 - unified_parser_with_gcp - INFO - Applying Ontario-specific rules...
2025-08-19 21:20:59,742 - automated_form_processor - INFO - Extracted 13 fields using unified parser
2025-08-19 21:20:59,742 - automated_form_processor - INFO - Saved 13 fields to /Users/draw/development/docassemble/docassemble_webapp/docassemble/webapp/data/questions/ontario-family-law/utilities/workflow_output/parsed_data/csv/form_43A_fields.csv
2025-08-19 21:20:59,745 - automated_form_processor - INFO - Generated YAML interview: /Users/draw/development/docassemble/docassemble_webapp/docassemble/webapp/data/questions/ontario-family-law/utilities/workflow_output/parsed_data/yaml/form_43A_interview.yml
2025-08-19 21:20:59,745 - automated_form_processor - INFO - ✓ Successfully processed Form 43A
2025-08-19 21:20:59,746 - automated_form_processor - INFO - Processing Form 43B: sep24-en-fil
2025-08-19 21:20:59,747 - automated_form_processor - INFO - Found form file: /Users/draw/development/docassemble/docassemble_webapp/docassemble/webapp/data/questions/ontario-family-law/utilities/workflow_output/parsed_data/downloads/form_43b_-_affidavit_bjdr_hearing_flr-43b-sep24-en-fil.docx
2025-08-19 21:20:59,747 - automated_form_processor - INFO - Extracting fields from /Users/draw/development/docassemble/docassemble_webapp/docassemble/webapp/data/questions/ontario-family-law/utilities/workflow_output/parsed_data/downloads/form_43b_-_affidavit_bjdr_hearing_flr-43b-sep24-en-fil.docx
2025-08-19 21:20:59,747 - unified_parser_with_gcp - INFO - Starting comprehensive parsing of form_43b_-_affidavit_bjdr_hearing_flr-43b-sep24-en-fil.docx
2025-08-19 21:20:59,747 - unified_parser_with_gcp - INFO - Parsing with OSS native libraries...
2025-08-19 21:20:59,793 - unified_parser_with_gcp - INFO - Parsing tables with OSS libraries...
2025-08-19 21:20:59,793 - unified_parser_with_gcp - INFO - Building consensus from all extraction methods...
2025-08-19 21:20:59,793 - unified_parser_with_gcp - INFO - Validating consistency...
2025-08-19 21:20:59,793 - unified_parser_with_gcp - INFO - Applying Ontario-specific rules...
2025-08-19 21:20:59,793 - automated_form_processor - INFO - Extracted 20 fields using unified parser
2025-08-19 21:20:59,794 - automated_form_processor - INFO - Saved 20 fields to /Users/draw/development/docassemble/docassemble_webapp/docassemble/webapp/data/questions/ontario-family-law/utilities/workflow_output/parsed_data/csv/form_43B_fields.csv
2025-08-19 21:20:59,797 - automated_form_processor - INFO - Generated YAML interview: /Users/draw/development/docassemble/docassemble_webapp/docassemble/webapp/data/questions/ontario-family-law/utilities/workflow_output/parsed_data/yaml/form_43B_interview.yml
2025-08-19 21:20:59,798 - automated_form_processor - INFO - ✓ Successfully processed Form 43B
2025-08-19 21:20:59,799 - automated_form_processor - INFO - Processing Form 43C: sep24-en-fil
2025-08-19 21:20:59,800 - automated_form_processor - ERROR - Could not find form file for Form 43C in /Users/draw/development/docassemble/docassemble_webapp/docassemble/webapp/data/questions/ontario-family-law/utilities/workflow_output/parsed_data/downloads
2025-08-19 21:20:59,800 - automated_form_processor - INFO - Expected filename: form_43c.pdf
2025-08-19 21:20:59,800 - automated_form_processor - INFO - Available files: ['form_25c_-_adoption_order_flr-25c-may25-en-fil.docx', 'form_37_-_interjurisdictional_support_order_flr-37-apr24-en-fil.docx', 'form_10_-_answer_flr-10-jun25-en-fil.docx', 'form_29_-_request_garnishment_flr-29-apr16-en-fil.docx', 'form_10a_-_reply_flr-10a-e.pdf']...
2025-08-19 21:20:59,800 - automated_form_processor - INFO - Extracting fields from /Users/draw/development/docassemble/docassemble_webapp/docassemble/webapp/data/questions/ontario-family-law/utilities/workflow_output/parsed_data/downloads/form_43c.pdf
2025-08-19 21:20:59,800 - unified_parser_with_gcp - INFO - Starting comprehensive parsing of form_43c.pdf
2025-08-19 21:20:59,800 - unified_parser_with_gcp - INFO - Parsing with OSS native libraries...
2025-08-19 21:20:59,800 - unified_parser_with_gcp - INFO - Parsing tables with OSS libraries...
2025-08-19 21:20:59,800 - unified_parser_with_gcp - INFO - Building consensus from all extraction methods...
2025-08-19 21:20:59,800 - unified_parser_with_gcp - INFO - Validating consistency...
2025-08-19 21:20:59,800 - unified_parser_with_gcp - INFO - Applying Ontario-specific rules...
2025-08-19 21:20:59,800 - automated_form_processor - INFO - Extracted 0 fields using unified parser
2025-08-19 21:20:59,800 - automated_form_processor - INFO - Saved 0 fields to /Users/draw/development/docassemble/docassemble_webapp/docassemble/webapp/data/questions/ontario-family-law/utilities/workflow_output/parsed_data/csv/form_43C_fields.csv
2025-08-19 21:20:59,802 - automated_form_processor - INFO - Generated YAML interview: /Users/draw/development/docassemble/docassemble_webapp/docassemble/webapp/data/questions/ontario-family-law/utilities/workflow_output/parsed_data/yaml/form_43C_interview.yml
2025-08-19 21:20:59,802 - automated_form_processor - INFO - ✓ Successfully processed Form 43C
2025-08-19 21:20:59,804 - automated_form_processor - INFO - Processing Form 801: 0-1-0921-en
2025-08-19 21:20:59,804 - automated_form_processor - ERROR - Could not find form file for Form 801 in /Users/draw/development/docassemble/docassemble_webapp/docassemble/webapp/data/questions/ontario-family-law/utilities/workflow_output/parsed_data/downloads
2025-08-19 21:20:59,804 - automated_form_processor - INFO - Expected filename: form_801.pdf
2025-08-19 21:20:59,804 - automated_form_processor - INFO - Available files: ['form_25c_-_adoption_order_flr-25c-may25-en-fil.docx', 'form_37_-_interjurisdictional_support_order_flr-37-apr24-en-fil.docx', 'form_10_-_answer_flr-10-jun25-en-fil.docx', 'form_29_-_request_garnishment_flr-29-apr16-en-fil.docx', 'form_10a_-_reply_flr-10a-e.pdf']...
2025-08-19 21:20:59,804 - automated_form_processor - INFO - Extracting fields from /Users/draw/development/docassemble/docassemble_webapp/docassemble/webapp/data/questions/ontario-family-law/utilities/workflow_output/parsed_data/downloads/form_801.pdf
2025-08-19 21:20:59,804 - unified_parser_with_gcp - INFO - Starting comprehensive parsing of form_801.pdf
2025-08-19 21:20:59,804 - unified_parser_with_gcp - INFO - Parsing with OSS native libraries...
2025-08-19 21:20:59,805 - unified_parser_with_gcp - INFO - Parsing tables with OSS libraries...
2025-08-19 21:20:59,805 - unified_parser_with_gcp - INFO - Building consensus from all extraction methods...
2025-08-19 21:20:59,805 - unified_parser_with_gcp - INFO - Validating consistency...
2025-08-19 21:20:59,805 - unified_parser_with_gcp - INFO - Applying Ontario-specific rules...
2025-08-19 21:20:59,805 - automated_form_processor - INFO - Extracted 0 fields using unified parser
2025-08-19 21:20:59,805 - automated_form_processor - INFO - Saved 0 fields to /Users/draw/development/docassemble/docassemble_webapp/docassemble/webapp/data/questions/ontario-family-law/utilities/workflow_output/parsed_data/csv/form_801_fields.csv
2025-08-19 21:20:59,806 - automated_form_processor - INFO - Generated YAML interview: /Users/draw/development/docassemble/docassemble_webapp/docassemble/webapp/data/questions/ontario-family-law/utilities/workflow_output/parsed_data/yaml/form_801_interview.yml
2025-08-19 21:20:59,807 - automated_form_processor - INFO - ✓ Successfully processed Form 801
2025-08-19 21:20:59,810 - automated_form_processor - INFO - Reports generated: /Users/draw/development/docassemble/docassemble_webapp/docassemble/webapp/data/questions/ontario-family-law/utilities/workflow_output/parsed_data/processing_report.json and /Users/draw/development/docassemble/docassemble_webapp/docassemble/webapp/data/questions/ontario-family-law/utilities/workflow_output/parsed_data/processing_report.txt
2025-08-19 21:20:59,810 - automated_form_processor - INFO - Processing complete: 123 successful, 0 failed out of 123 total
2025-08-19 21:20:59,810 - __main__ - INFO - ✓ parse completed successfully
2025-08-19 21:20:59,810 - __main__ - INFO - 
========================================
2025-08-19 21:20:59,810 - __main__ - INFO - Step: MAP_OBJECTS
2025-08-19 21:20:59,810 - __main__ - INFO - ========================================
2025-08-19 21:20:59,810 - __main__ - INFO - Mapping fields to docassemble objects...
2025-08-19 21:20:59,812 - __main__ - INFO - ✓ map_objects completed successfully
2025-08-19 21:20:59,812 - __main__ - INFO - 
========================================
2025-08-19 21:20:59,812 - __main__ - INFO - Step: GENERATE_YAML
2025-08-19 21:20:59,812 - __main__ - INFO - ========================================
2025-08-19 21:20:59,812 - __main__ - INFO - Generating YAML interview files...
2025-08-19 21:20:59,813 - __main__ - INFO - Generated: form_04_interview.yml
2025-08-19 21:20:59,814 - __main__ - INFO - Generated: form_06_interview.yml
2025-08-19 21:20:59,815 - __main__ - INFO - Generated: form_06B_interview.yml
2025-08-19 21:20:59,817 - __main__ - INFO - Generated: form_10_interview.yml
2025-08-19 21:20:59,817 - __main__ - INFO - Generated: form_10A_interview.yml
2025-08-19 21:20:59,820 - __main__ - INFO - Generated: form_13_interview.yml
2025-08-19 21:20:59,821 - __main__ - INFO - Generated: form_13A_interview.yml
2025-08-19 21:20:59,822 - __main__ - INFO - Generated: form_13B_interview.yml
2025-08-19 21:20:59,823 - __main__ - INFO - Generated: form_13C_interview.yml
2025-08-19 21:20:59,824 - __main__ - INFO - Generated: form_14_interview.yml
2025-08-19 21:20:59,825 - __main__ - INFO - Generated: form_14B_interview.yml
2025-08-19 21:20:59,826 - __main__ - INFO - Generated: form_14C_interview.yml
2025-08-19 21:20:59,828 - __main__ - INFO - Generated: form_15_interview.yml
2025-08-19 21:20:59,830 - __main__ - INFO - Generated: form_15B_interview.yml
2025-08-19 21:20:59,832 - __main__ - INFO - Generated: form_15C_interview.yml
2025-08-19 21:20:59,833 - __main__ - INFO - Generated: form_17_interview.yml
2025-08-19 21:20:59,834 - __main__ - INFO - Generated: form_17A_interview.yml
2025-08-19 21:20:59,835 - __main__ - INFO - Generated: form_17C_interview.yml
2025-08-19 21:20:59,836 - __main__ - INFO - Generated: form_17F_interview.yml
2025-08-19 21:20:59,837 - __main__ - INFO - Generated: form_20_interview.yml
2025-08-19 21:20:59,839 - __main__ - INFO - Generated: form_22_interview.yml
2025-08-19 21:20:59,840 - __main__ - INFO - Generated: form_23_interview.yml
2025-08-19 21:20:59,841 - __main__ - INFO - Generated: form_25_interview.yml
2025-08-19 21:20:59,841 - __main__ - INFO - Generated: form_25A_interview.yml
2025-08-19 21:20:59,842 - __main__ - INFO - Generated: form_25C_interview.yml
2025-08-19 21:20:59,843 - __main__ - INFO - Generated: form_25D_interview.yml
2025-08-19 21:20:59,843 - __main__ - INFO - Generated: form_25F_interview.yml
2025-08-19 21:20:59,845 - __main__ - INFO - Generated: form_26_interview.yml
2025-08-19 21:20:59,845 - __main__ - INFO - Generated: form_27_interview.yml
2025-08-19 21:20:59,846 - __main__ - INFO - Generated: form_28_interview.yml
2025-08-19 21:20:59,847 - __main__ - INFO - Generated: form_29_interview.yml
2025-08-19 21:20:59,848 - __main__ - INFO - Generated: form_29A_interview.yml
2025-08-19 21:20:59,849 - __main__ - INFO - Generated: form_29B_interview.yml
2025-08-19 21:20:59,850 - __main__ - INFO - Generated: form_30_interview.yml
2025-08-19 21:20:59,850 - __main__ - INFO - Generated: form_33_interview.yml
2025-08-19 21:20:59,851 - __main__ - INFO - Generated: form_33F_interview.yml
2025-08-19 21:20:59,852 - __main__ - INFO - Generated: form_34_interview.yml
2025-08-19 21:20:59,853 - __main__ - INFO - Generated: form_34A_interview.yml
2025-08-19 21:20:59,855 - __main__ - INFO - Generated: form_34F_interview.yml
2025-08-19 21:20:59,855 - __main__ - INFO - Generated: form_34G_interview.yml
2025-08-19 21:20:59,856 - __main__ - INFO - Generated: form_34I_interview.yml
2025-08-19 21:20:59,858 - __main__ - INFO - Generated: form_36_interview.yml
2025-08-19 21:20:59,859 - __main__ - INFO - Generated: form_36A_interview.yml
2025-08-19 21:20:59,860 - __main__ - INFO - Generated: form_37_interview.yml
2025-08-19 21:20:59,861 - __main__ - INFO - Generated: form_37A_interview.yml
2025-08-19 21:20:59,862 - __main__ - INFO - Generated: form_37B_interview.yml
2025-08-19 21:20:59,863 - __main__ - INFO - Generated: form_43_interview.yml
2025-08-19 21:20:59,863 - __main__ - INFO - Generated: form_43A_interview.yml
2025-08-19 21:20:59,863 - __main__ - INFO - Generated: form_43B_interview.yml
2025-08-19 21:20:59,863 - __main__ - INFO - ✓ generate_yaml completed successfully
2025-08-19 21:20:59,864 - __main__ - INFO - 
========================================
2025-08-19 21:20:59,864 - __main__ - INFO - Step: VALIDATE
2025-08-19 21:20:59,864 - __main__ - INFO - ========================================
2025-08-19 21:20:59,864 - __main__ - INFO - Validating generated interviews...
2025-08-19 21:20:59,895 - __main__ - INFO - ✓ validate completed successfully
2025-08-19 21:20:59,895 - __main__ - INFO - 
Generating final report...
2025-08-19 21:20:59,896 - __main__ - INFO - Reports saved to /Users/draw/development/docassemble/docassemble_webapp/docassemble/webapp/data/questions/ontario-family-law/utilities/workflow_output/reports/workflow_report_20250819_212059.json and /Users/draw/development/docassemble/docassemble_webapp/docassemble/webapp/data/questions/ontario-family-law/utilities/workflow_output/reports/workflow_report_20250819_212059.txt
Starting download of 48 Ontario Family Law forms...
Download directory: /Users/draw/development/docassemble/docassemble_webapp/docassemble/webapp/data/questions/ontario-family-law/utilities/workflow_output/ontario_forms
============================================================

📁 Category: Core Applications
----------------------------------------
Downloading Form 8 - Application General...
✓ Downloaded: /Users/draw/development/docassemble/docassemble_webapp/docassemble/webapp/data/questions/ontario-family-law/utilities/workflow_output/ontario_forms/form_8_-_application_general_flr-8-jun25-en.docx
Downloading Form 8A - Application Divorce...
✓ Downloaded: /Users/draw/development/docassemble/docassemble_webapp/docassemble/webapp/data/questions/ontario-family-law/utilities/workflow_output/ontario_forms/form_8a_-_application_divorce_flr-8a-apr24-en-fil.docx
Downloading Form 8B - Application Child Protection...
✓ Downloaded: /Users/draw/development/docassemble/docassemble_webapp/docassemble/webapp/data/questions/ontario-family-law/utilities/workflow_output/ontario_forms/form_8b_-_application_child_protection_form-8b-feb_1_2022-en.docx
Downloading Form 8D - Application Adoption...
✓ Downloaded: /Users/draw/development/docassemble/docassemble_webapp/docassemble/webapp/data/questions/ontario-family-law/utilities/workflow_output/ontario_forms/form_8d_-_application_adoption_flr-8d-may25-en-fil.docx
Downloading Form 10 - Answer...
✓ Downloaded: /Users/draw/development/docassemble/docassemble_webapp/docassemble/webapp/data/questions/ontario-family-law/utilities/workflow_output/ontario_forms/form_10_-_answer_flr-10-jun25-en-fil.docx
Downloading Form 10A - Reply...
✓ Downloaded: /Users/draw/development/docassemble/docassemble_webapp/docassemble/webapp/data/questions/ontario-family-law/utilities/workflow_output/ontario_forms/form_10a_-_reply_flr-10a-e.pdf

📁 Category: Financial Statements
----------------------------------------
Downloading Form 13 - Financial Statement Support...
✓ Downloaded: /Users/draw/development/docassemble/docassemble_webapp/docassemble/webapp/data/questions/ontario-family-law/utilities/workflow_output/ontario_forms/form_13_-_financial_statement_support_flr-13-may21-en-fil.docx
Downloading Form 13.1 - Financial Statement Property...
✓ Downloaded: /Users/draw/development/docassemble/docassemble_webapp/docassemble/webapp/data/questions/ontario-family-law/utilities/workflow_output/ontario_forms/form_13.1_-_financial_statement_property_flr-13-1-may21-en-fil.docx
Downloading Form 13A - Certificate Financial Disclosure...
✓ Downloaded: /Users/draw/development/docassemble/docassemble_webapp/docassemble/webapp/data/questions/ontario-family-law/utilities/workflow_output/ontario_forms/form_13a_-_certificate_financial_disclosure_flr-13a-may21-en-fil.docx
Downloading Form 13B - Net Family Property Statement...
✓ Downloaded: /Users/draw/development/docassemble/docassemble_webapp/docassemble/webapp/data/questions/ontario-family-law/utilities/workflow_output/ontario_forms/form_13b_-_net_family_property_statement_flr-13b-may09-en-fil-tables.docx
Downloading Form 13C - Comparison Net Family Property...
✓ Downloaded: /Users/draw/development/docassemble/docassemble_webapp/docassemble/webapp/data/questions/ontario-family-law/utilities/workflow_output/ontario_forms/form_13c_-_comparison_net_family_property_flr-13c-may21-en-fil.docx

📁 Category: Motions Conferences
----------------------------------------
Downloading Form 14B - Motion Form...
✓ Downloaded: /Users/draw/development/docassemble/docassemble_webapp/docassemble/webapp/data/questions/ontario-family-law/utilities/workflow_output/ontario_forms/form_14b_-_motion_form_flr-14b-0921-en.docx
Downloading Form 14C - Confirmation Motion...
✓ Downloaded: /Users/draw/development/docassemble/docassemble_webapp/docassemble/webapp/data/questions/ontario-family-law/utilities/workflow_output/ontario_forms/form_14c_-_confirmation_motion_flr-14c-sep24-en-fil.docx
Downloading Form 15 - Motion to Change...
✓ Downloaded: /Users/draw/development/docassemble/docassemble_webapp/docassemble/webapp/data/questions/ontario-family-law/utilities/workflow_output/ontario_forms/form_15_-_motion_to_change_flr-15-0921-en.docx
Downloading Form 15B - Response Motion to Change...
✓ Downloaded: /Users/draw/development/docassemble/docassemble_webapp/docassemble/webapp/data/questions/ontario-family-law/utilities/workflow_output/ontario_forms/form_15b_-_response_motion_to_change_form-15b-en-dec20.docx
Downloading Form 15C - Consent Motion to Change...
✓ Downloaded: /Users/draw/development/docassemble/docassemble_webapp/docassemble/webapp/data/questions/ontario-family-law/utilities/workflow_output/ontario_forms/form_15c_-_consent_motion_to_change_form-15c-en-dec20.docx
Downloading Form 17A - Case Conference Brief...
✓ Downloaded: /Users/draw/development/docassemble/docassemble_webapp/docassemble/webapp/data/questions/ontario-family-law/utilities/workflow_output/ontario_forms/form_17a_-_case_conference_brief_flr-17a-sep23-en.docx
Downloading Form 17C - Settlement Conference Brief...
✓ Downloaded: /Users/draw/development/docassemble/docassemble_webapp/docassemble/webapp/data/questions/ontario-family-law/utilities/workflow_output/ontario_forms/form_17c_-_settlement_conference_brief_flr-17c-sep23-en.docx
Downloading Form 17F - Confirmation Conference...
✓ Downloaded: /Users/draw/development/docassemble/docassemble_webapp/docassemble/webapp/data/questions/ontario-family-law/utilities/workflow_output/ontario_forms/form_17f_-_confirmation_conference_flr-17f-sep24-en-fil.docx

📁 Category: Service Process
----------------------------------------
Downloading Form 4 - Notice Change Representation...
✓ Downloaded: /Users/draw/development/docassemble/docassemble_webapp/docassemble/webapp/data/questions/ontario-family-law/utilities/workflow_output/ontario_forms/form_4_-_notice_change_representation_flr-04-jun25-en-fil.docx
Downloading Form 6B - Affidavit Service...
✓ Downloaded: /Users/draw/development/docassemble/docassemble_webapp/docassemble/webapp/data/questions/ontario-family-law/utilities/workflow_output/ontario_forms/form_6b_-_affidavit_service_flr-06b-apr16-en-fil.docx
Downloading Form 6C - Certificate Service...
✓ Downloaded: /Users/draw/development/docassemble/docassemble_webapp/docassemble/webapp/data/questions/ontario-family-law/utilities/workflow_output/ontario_forms/form_6c_-_certificate_service_flr-6c-apr23-en-fil.docx

📁 Category: Orders
----------------------------------------
Downloading Form 25 - Order General...
✓ Downloaded: /Users/draw/development/docassemble/docassemble_webapp/docassemble/webapp/data/questions/ontario-family-law/utilities/workflow_output/ontario_forms/form_25_-_order_general_form-25-en-dec20.docx
Downloading Form 25A - Divorce Order...
✓ Downloaded: /Users/draw/development/docassemble/docassemble_webapp/docassemble/webapp/data/questions/ontario-family-law/utilities/workflow_output/ontario_forms/form_25a_-_divorce_order_flr-25a-e.pdf
Downloading Form 25C - Adoption Order...
✓ Downloaded: /Users/draw/development/docassemble/docassemble_webapp/docassemble/webapp/data/questions/ontario-family-law/utilities/workflow_output/ontario_forms/form_25c_-_adoption_order_flr-25c-may25-en-fil.docx
Downloading Form 25D - Order Uncontested Trial...
✓ Downloaded: /Users/draw/development/docassemble/docassemble_webapp/docassemble/webapp/data/questions/ontario-family-law/utilities/workflow_output/ontario_forms/form_25d_-_order_uncontested_trial_form-25d-en-dec20.docx
Downloading Form 25F - Restraining Order...
✓ Downloaded: /Users/draw/development/docassemble/docassemble_webapp/docassemble/webapp/data/questions/ontario-family-law/utilities/workflow_output/ontario_forms/form_25f_-_restraining_order_flr-25f-sep09-en-fil.docx

📁 Category: Enforcement
----------------------------------------
Downloading Form 26 - Statement Money Owed...
✓ Downloaded: /Users/draw/development/docassemble/docassemble_webapp/docassemble/webapp/data/questions/ontario-family-law/utilities/workflow_output/ontario_forms/form_26_-_statement_money_owed_flr-26-apr16-en-fil.docx
Downloading Form 27 - Request Financial Statement...
✓ Downloaded: /Users/draw/development/docassemble/docassemble_webapp/docassemble/webapp/data/questions/ontario-family-law/utilities/workflow_output/ontario_forms/form_27_-_request_financial_statement_flr-27-apr16-en-fil.docx
Downloading Form 28 - Writ Seizure Sale...
✓ Downloaded: /Users/draw/development/docassemble/docassemble_webapp/docassemble/webapp/data/questions/ontario-family-law/utilities/workflow_output/ontario_forms/form_28_-_writ_seizure_sale_flr-28-apr16-en-fil.docx
Downloading Form 29 - Request Garnishment...
✓ Downloaded: /Users/draw/development/docassemble/docassemble_webapp/docassemble/webapp/data/questions/ontario-family-law/utilities/workflow_output/ontario_forms/form_29_-_request_garnishment_flr-29-apr16-en-fil.docx
Downloading Form 29A - Notice Garnishment Lump Sum...
✓ Downloaded: /Users/draw/development/docassemble/docassemble_webapp/docassemble/webapp/data/questions/ontario-family-law/utilities/workflow_output/ontario_forms/form_29a_-_notice_garnishment_lump_sum_flr-29a-apr16-en-fil.docx
Downloading Form 29B - Notice Garnishment Periodic...
✓ Downloaded: /Users/draw/development/docassemble/docassemble_webapp/docassemble/webapp/data/questions/ontario-family-law/utilities/workflow_output/ontario_forms/form_29b_-_notice_garnishment_periodic_flr-29b-apr16-en-fil.docx
Downloading Form 30 - Notice Default Hearing...
✓ Downloaded: /Users/draw/development/docassemble/docassemble_webapp/docassemble/webapp/data/questions/ontario-family-law/utilities/workflow_output/ontario_forms/form_30_-_notice_default_hearing_flr-30-apr16-en-fil.docx

📁 Category: Divorce Specific
----------------------------------------
Downloading Form 36 - Affidavit for Divorce...
✓ Downloaded: /Users/draw/development/docassemble/docassemble_webapp/docassemble/webapp/data/questions/ontario-family-law/utilities/workflow_output/ontario_forms/form_36_-_affidavit_for_divorce_flr-36-apr24-en-fil.docx
Downloading Form 36A - Certificate Divorce...
✓ Downloaded: /Users/draw/development/docassemble/docassemble_webapp/docassemble/webapp/data/questions/ontario-family-law/utilities/workflow_output/ontario_forms/form_36a_-_certificate_divorce_flr-36a-dec20-en-fil.docx

📁 Category: Child Protection Adoption
----------------------------------------
Downloading Form 33F - Access Application...
✓ Downloaded: /Users/draw/development/docassemble/docassemble_webapp/docassemble/webapp/data/questions/ontario-family-law/utilities/workflow_output/ontario_forms/form_33f_-_access_application_flr-33f-may21-en-fil.docx
Downloading Form 34 - Child Consent Adoption...
✓ Downloaded: /Users/draw/development/docassemble/docassemble_webapp/docassemble/webapp/data/questions/ontario-family-law/utilities/workflow_output/ontario_forms/form_34_-_child_consent_adoption_flr-34-nov18-en-fil.docx
Downloading Form 34A - Affidavit Parentage...
✓ Downloaded: /Users/draw/development/docassemble/docassemble_webapp/docassemble/webapp/data/questions/ontario-family-law/utilities/workflow_output/ontario_forms/form_34a_-_affidavit_parentage_form-34a-en-dec20.docx
Downloading Form 34F - Consents Adoption...
✓ Downloaded: /Users/draw/development/docassemble/docassemble_webapp/docassemble/webapp/data/questions/ontario-family-law/utilities/workflow_output/ontario_forms/form_34f_-_consents_adoption_form-34f-en-dec20.docx
Downloading Form 34G - Affidavit Adopting Parent...
✓ Downloaded: /Users/draw/development/docassemble/docassemble_webapp/docassemble/webapp/data/questions/ontario-family-law/utilities/workflow_output/ontario_forms/form_34g_-_affidavit_adopting_parent_form-34g-en-dec20.docx
Downloading Form 34I - Affidavit Adopting Relative...
✓ Downloaded: /Users/draw/development/docassemble/docassemble_webapp/docassemble/webapp/data/questions/ontario-family-law/utilities/workflow_output/ontario_forms/form_34i_-_affidavit_adopting_relative_form-34i-en-dec20.docx

📁 Category: Interjurisdictional
----------------------------------------
Downloading Form 37 - Interjurisdictional Support Order...
✓ Downloaded: /Users/draw/development/docassemble/docassemble_webapp/docassemble/webapp/data/questions/ontario-family-law/utilities/workflow_output/ontario_forms/form_37_-_interjurisdictional_support_order_flr-37-apr24-en-fil.docx
Downloading Form 37A - Affidavit Interjurisdictional Support...
✓ Downloaded: /Users/draw/development/docassemble/docassemble_webapp/docassemble/webapp/data/questions/ontario-family-law/utilities/workflow_output/ontario_forms/form_37a_-_affidavit_interjurisdictional_support_flr-37a-apr24-en-fil.docx
Downloading Form 37B - Evidence Information...
✓ Downloaded: /Users/draw/development/docassemble/docassemble_webapp/docassemble/webapp/data/questions/ontario-family-law/utilities/workflow_output/ontario_forms/form_37b_-_evidence_information_flr-37b-apr24-en-fil.docx

📁 Category: Alternative Dispute
----------------------------------------
Downloading Form 43 - BJDR Hearing Request...
✓ Downloaded: /Users/draw/development/docassemble/docassemble_webapp/docassemble/webapp/data/questions/ontario-family-law/utilities/workflow_output/ontario_forms/form_43_-_bjdr_hearing_request_flr-43-sep24-en-fil.docx
Downloading Form 43A - BJDR Request OCL...
✓ Downloaded: /Users/draw/development/docassemble/docassemble_webapp/docassemble/webapp/data/questions/ontario-family-law/utilities/workflow_output/ontario_forms/form_43a_-_bjdr_request_ocl_flr-43a-sep24-en-fil.docx
Downloading Form 43B - Affidavit BJDR Hearing...
✓ Downloaded: /Users/draw/development/docassemble/docassemble_webapp/docassemble/webapp/data/questions/ontario-family-law/utilities/workflow_output/ontario_forms/form_43b_-_affidavit_bjdr_hearing_flr-43b-sep24-en-fil.docx

============================================================
Download Summary:
✓ Successfully downloaded: 48
✗ Failed downloads: 0
📁 Forms organized in: /Users/draw/development/docassemble/docassemble_webapp/docassemble/webapp/data/questions/ontario-family-law/utilities/workflow_output/ontario_forms
📋 Created index file: /Users/draw/development/docassemble/docassemble_webapp/docassemble/webapp/data/questions/ontario-family-law/utilities/workflow_output/ontario_forms/INDEX.md
Warning: pytesseract not available. OCR functionality will be disabled.

============================================================
Workflow Complete!
============================================================
Output directory: /Users/draw/development/docassemble/docassemble_webapp/docassemble/webapp/data/questions/ontario-family-law/utilities/workflow_output
Check /Users/draw/development/docassemble/docassemble_webapp/docassemble/webapp/data/questions/ontario-family-law/utilities/workflow_output/reports for detailed reports
