2025-08-19 14:33:20,585 - __main__ - INFO - ============================================================
2025-08-19 14:33:20,585 - __main__ - INFO - Starting Ontario Family Law Forms Processing v2.0.0
2025-08-19 14:33:20,585 - __main__ - INFO - ============================================================
2025-08-19 14:33:20,585 - __main__ - INFO - 
========================================
2025-08-19 14:33:20,585 - __main__ - INFO - Step: DOWNLOAD
2025-08-19 14:33:20,585 - __main__ - INFO - ========================================
2025-08-19 14:33:20,585 - __main__ - INFO - Downloading Ontario family law forms...
2025-08-19 14:33:47,060 - __main__ - INFO - ✓ download completed successfully
2025-08-19 14:33:47,061 - __main__ - INFO - 
========================================
2025-08-19 14:33:47,061 - __main__ - INFO - Step: PARSE
2025-08-19 14:33:47,061 - __main__ - INFO - ========================================
2025-08-19 14:33:47,061 - __main__ - INFO - Parsing forms to extract fields...
2025-08-19 14:33:47,071 - __main__ - INFO - Copied form_25c_-_adoption_order_flr-25c-may25-en-fil.docx to /Users/draw/development/docassemble/docassemble_webapp/docassemble/webapp/data/questions/ontario-family-law/utilities/workflow_output/parsed_data/downloads/form_25c_-_adoption_order_flr-25c-may25-en-fil.docx
2025-08-19 14:33:47,071 - __main__ - INFO - Copied form_37_-_interjurisdictional_support_order_flr-37-apr24-en-fil.docx to /Users/draw/development/docassemble/docassemble_webapp/docassemble/webapp/data/questions/ontario-family-law/utilities/workflow_output/parsed_data/downloads/form_37_-_interjurisdictional_support_order_flr-37-apr24-en-fil.docx
2025-08-19 14:33:47,071 - __main__ - INFO - Copied form_10_-_answer_flr-10-jun25-en-fil.docx to /Users/draw/development/docassemble/docassemble_webapp/docassemble/webapp/data/questions/ontario-family-law/utilities/workflow_output/parsed_data/downloads/form_10_-_answer_flr-10-jun25-en-fil.docx
2025-08-19 14:33:47,072 - __main__ - INFO - Copied form_29_-_request_garnishment_flr-29-apr16-en-fil.docx to /Users/draw/development/docassemble/docassemble_webapp/docassemble/webapp/data/questions/ontario-family-law/utilities/workflow_output/parsed_data/downloads/form_29_-_request_garnishment_flr-29-apr16-en-fil.docx
2025-08-19 14:33:47,072 - __main__ - INFO - Copied form_10a_-_reply_flr-10a-e.pdf to /Users/draw/development/docassemble/docassemble_webapp/docassemble/webapp/data/questions/ontario-family-law/utilities/workflow_output/parsed_data/downloads/form_10a_-_reply_flr-10a-e.pdf
2025-08-19 14:33:47,073 - __main__ - INFO - Copied form_33f_-_access_application_flr-33f-may21-en-fil.docx to /Users/draw/development/docassemble/docassemble_webapp/docassemble/webapp/data/questions/ontario-family-law/utilities/workflow_output/parsed_data/downloads/form_33f_-_access_application_flr-33f-may21-en-fil.docx
2025-08-19 14:33:47,073 - __main__ - INFO - Copied form_17a_-_case_conference_brief_flr-17a-sep23-en.docx to /Users/draw/development/docassemble/docassemble_webapp/docassemble/webapp/data/questions/ontario-family-law/utilities/workflow_output/parsed_data/downloads/form_17a_-_case_conference_brief_flr-17a-sep23-en.docx
2025-08-19 14:33:47,073 - __main__ - INFO - Copied form_37b_-_evidence_information_flr-37b-apr24-en-fil.docx to /Users/draw/development/docassemble/docassemble_webapp/docassemble/webapp/data/questions/ontario-family-law/utilities/workflow_output/parsed_data/downloads/form_37b_-_evidence_information_flr-37b-apr24-en-fil.docx
2025-08-19 14:33:47,073 - __main__ - INFO - Copied form_13c_-_comparison_net_family_property_flr-13c-may21-en-fil.docx to /Users/draw/development/docassemble/docassemble_webapp/docassemble/webapp/data/questions/ontario-family-law/utilities/workflow_output/parsed_data/downloads/form_13c_-_comparison_net_family_property_flr-13c-may21-en-fil.docx
2025-08-19 14:33:47,074 - __main__ - INFO - Copied form_25d_-_order_uncontested_trial_form-25d-en-dec20.docx to /Users/draw/development/docassemble/docassemble_webapp/docassemble/webapp/data/questions/ontario-family-law/utilities/workflow_output/parsed_data/downloads/form_25d_-_order_uncontested_trial_form-25d-en-dec20.docx
2025-08-19 14:33:47,074 - __main__ - INFO - Copied form_29b_-_notice_garnishment_periodic_flr-29b-apr16-en-fil.docx to /Users/draw/development/docassemble/docassemble_webapp/docassemble/webapp/data/questions/ontario-family-law/utilities/workflow_output/parsed_data/downloads/form_29b_-_notice_garnishment_periodic_flr-29b-apr16-en-fil.docx
2025-08-19 14:33:47,074 - __main__ - INFO - Copied form_43_-_bjdr_hearing_request_flr-43-sep24-en-fil.docx to /Users/draw/development/docassemble/docassemble_webapp/docassemble/webapp/data/questions/ontario-family-law/utilities/workflow_output/parsed_data/downloads/form_43_-_bjdr_hearing_request_flr-43-sep24-en-fil.docx
2025-08-19 14:33:47,074 - __main__ - INFO - Copied form_34_-_child_consent_adoption_flr-34-nov18-en-fil.docx to /Users/draw/development/docassemble/docassemble_webapp/docassemble/webapp/data/questions/ontario-family-law/utilities/workflow_output/parsed_data/downloads/form_34_-_child_consent_adoption_flr-34-nov18-en-fil.docx
2025-08-19 14:33:47,075 - __main__ - INFO - Copied form_15c_-_consent_motion_to_change_form-15c-en-dec20.docx to /Users/draw/development/docassemble/docassemble_webapp/docassemble/webapp/data/questions/ontario-family-law/utilities/workflow_output/parsed_data/downloads/form_15c_-_consent_motion_to_change_form-15c-en-dec20.docx
2025-08-19 14:33:47,075 - __main__ - INFO - Copied form_4_-_notice_change_representation_flr-04-jun25-en-fil.docx to /Users/draw/development/docassemble/docassemble_webapp/docassemble/webapp/data/questions/ontario-family-law/utilities/workflow_output/parsed_data/downloads/form_4_-_notice_change_representation_flr-04-jun25-en-fil.docx
2025-08-19 14:33:47,075 - __main__ - INFO - Copied form_26_-_statement_money_owed_flr-26-apr16-en-fil.docx to /Users/draw/development/docassemble/docassemble_webapp/docassemble/webapp/data/questions/ontario-family-law/utilities/workflow_output/parsed_data/downloads/form_26_-_statement_money_owed_flr-26-apr16-en-fil.docx
2025-08-19 14:33:47,075 - __main__ - INFO - Copied form_15b_-_response_motion_to_change_form-15b-en-dec20.docx to /Users/draw/development/docassemble/docassemble_webapp/docassemble/webapp/data/questions/ontario-family-law/utilities/workflow_output/parsed_data/downloads/form_15b_-_response_motion_to_change_form-15b-en-dec20.docx
2025-08-19 14:33:47,076 - __main__ - INFO - Copied form_8_-_application_general_flr-8-jun25-en.docx to /Users/draw/development/docassemble/docassemble_webapp/docassemble/webapp/data/questions/ontario-family-law/utilities/workflow_output/parsed_data/downloads/form_8_-_application_general_flr-8-jun25-en.docx
2025-08-19 14:33:47,076 - __main__ - INFO - Copied form_27_-_request_financial_statement_flr-27-apr16-en-fil.docx to /Users/draw/development/docassemble/docassemble_webapp/docassemble/webapp/data/questions/ontario-family-law/utilities/workflow_output/parsed_data/downloads/form_27_-_request_financial_statement_flr-27-apr16-en-fil.docx
2025-08-19 14:33:47,076 - __main__ - INFO - Copied form_17c_-_settlement_conference_brief_flr-17c-sep23-en.docx to /Users/draw/development/docassemble/docassemble_webapp/docassemble/webapp/data/questions/ontario-family-law/utilities/workflow_output/parsed_data/downloads/form_17c_-_settlement_conference_brief_flr-17c-sep23-en.docx
2025-08-19 14:33:47,077 - __main__ - INFO - Copied form_17f_-_confirmation_conference_flr-17f-sep24-en-fil.docx to /Users/draw/development/docassemble/docassemble_webapp/docassemble/webapp/data/questions/ontario-family-law/utilities/workflow_output/parsed_data/downloads/form_17f_-_confirmation_conference_flr-17f-sep24-en-fil.docx
2025-08-19 14:33:47,077 - __main__ - INFO - Copied form_14b_-_motion_form_flr-14b-0921-en.docx to /Users/draw/development/docassemble/docassemble_webapp/docassemble/webapp/data/questions/ontario-family-law/utilities/workflow_output/parsed_data/downloads/form_14b_-_motion_form_flr-14b-0921-en.docx
2025-08-19 14:33:47,077 - __main__ - INFO - Copied form_43a_-_bjdr_request_ocl_flr-43a-sep24-en-fil.docx to /Users/draw/development/docassemble/docassemble_webapp/docassemble/webapp/data/questions/ontario-family-law/utilities/workflow_output/parsed_data/downloads/form_43a_-_bjdr_request_ocl_flr-43a-sep24-en-fil.docx
2025-08-19 14:33:47,078 - __main__ - INFO - Copied form_13.1_-_financial_statement_property_flr-13-1-may21-en-fil.docx to /Users/draw/development/docassemble/docassemble_webapp/docassemble/webapp/data/questions/ontario-family-law/utilities/workflow_output/parsed_data/downloads/form_13.1_-_financial_statement_property_flr-13-1-may21-en-fil.docx
2025-08-19 14:33:47,078 - __main__ - INFO - Copied form_34f_-_consents_adoption_form-34f-en-dec20.docx to /Users/draw/development/docassemble/docassemble_webapp/docassemble/webapp/data/questions/ontario-family-law/utilities/workflow_output/parsed_data/downloads/form_34f_-_consents_adoption_form-34f-en-dec20.docx
2025-08-19 14:33:47,078 - __main__ - INFO - Copied form_6c_-_certificate_service_flr-6c-apr23-en-fil.docx to /Users/draw/development/docassemble/docassemble_webapp/docassemble/webapp/data/questions/ontario-family-law/utilities/workflow_output/parsed_data/downloads/form_6c_-_certificate_service_flr-6c-apr23-en-fil.docx
2025-08-19 14:33:47,078 - __main__ - INFO - Copied form_30_-_notice_default_hearing_flr-30-apr16-en-fil.docx to /Users/draw/development/docassemble/docassemble_webapp/docassemble/webapp/data/questions/ontario-family-law/utilities/workflow_output/parsed_data/downloads/form_30_-_notice_default_hearing_flr-30-apr16-en-fil.docx
2025-08-19 14:33:47,079 - __main__ - INFO - Copied form_8d_-_application_adoption_flr-8d-may25-en-fil.docx to /Users/draw/development/docassemble/docassemble_webapp/docassemble/webapp/data/questions/ontario-family-law/utilities/workflow_output/parsed_data/downloads/form_8d_-_application_adoption_flr-8d-may25-en-fil.docx
2025-08-19 14:33:47,079 - __main__ - INFO - Copied form_37a_-_affidavit_interjurisdictional_support_flr-37a-apr24-en-fil.docx to /Users/draw/development/docassemble/docassemble_webapp/docassemble/webapp/data/questions/ontario-family-law/utilities/workflow_output/parsed_data/downloads/form_37a_-_affidavit_interjurisdictional_support_flr-37a-apr24-en-fil.docx
2025-08-19 14:33:47,079 - __main__ - INFO - Copied form_8a_-_application_divorce_flr-8a-apr24-en-fil.docx to /Users/draw/development/docassemble/docassemble_webapp/docassemble/webapp/data/questions/ontario-family-law/utilities/workflow_output/parsed_data/downloads/form_8a_-_application_divorce_flr-8a-apr24-en-fil.docx
2025-08-19 14:33:47,079 - __main__ - INFO - Copied form_13b_-_net_family_property_statement_flr-13b-may09-en-fil-tables.docx to /Users/draw/development/docassemble/docassemble_webapp/docassemble/webapp/data/questions/ontario-family-law/utilities/workflow_output/parsed_data/downloads/form_13b_-_net_family_property_statement_flr-13b-may09-en-fil-tables.docx
2025-08-19 14:33:47,080 - __main__ - INFO - Copied form_15_-_motion_to_change_flr-15-0921-en.docx to /Users/draw/development/docassemble/docassemble_webapp/docassemble/webapp/data/questions/ontario-family-law/utilities/workflow_output/parsed_data/downloads/form_15_-_motion_to_change_flr-15-0921-en.docx
2025-08-19 14:33:47,080 - __main__ - INFO - Copied form_25a_-_divorce_order_flr-25a-e.pdf to /Users/draw/development/docassemble/docassemble_webapp/docassemble/webapp/data/questions/ontario-family-law/utilities/workflow_output/parsed_data/downloads/form_25a_-_divorce_order_flr-25a-e.pdf
2025-08-19 14:33:47,080 - __main__ - INFO - Copied form_36a_-_certificate_divorce_flr-36a-dec20-en-fil.docx to /Users/draw/development/docassemble/docassemble_webapp/docassemble/webapp/data/questions/ontario-family-law/utilities/workflow_output/parsed_data/downloads/form_36a_-_certificate_divorce_flr-36a-dec20-en-fil.docx
2025-08-19 14:33:47,081 - __main__ - INFO - Copied form_36_-_affidavit_for_divorce_flr-36-apr24-en-fil.docx to /Users/draw/development/docassemble/docassemble_webapp/docassemble/webapp/data/questions/ontario-family-law/utilities/workflow_output/parsed_data/downloads/form_36_-_affidavit_for_divorce_flr-36-apr24-en-fil.docx
2025-08-19 14:33:47,081 - __main__ - INFO - Copied form_25_-_order_general_form-25-en-dec20.docx to /Users/draw/development/docassemble/docassemble_webapp/docassemble/webapp/data/questions/ontario-family-law/utilities/workflow_output/parsed_data/downloads/form_25_-_order_general_form-25-en-dec20.docx
2025-08-19 14:33:47,081 - __main__ - INFO - Copied form_34a_-_affidavit_parentage_form-34a-en-dec20.docx to /Users/draw/development/docassemble/docassemble_webapp/docassemble/webapp/data/questions/ontario-family-law/utilities/workflow_output/parsed_data/downloads/form_34a_-_affidavit_parentage_form-34a-en-dec20.docx
2025-08-19 14:33:47,081 - __main__ - INFO - Copied form_25f_-_restraining_order_flr-25f-sep09-en-fil.docx to /Users/draw/development/docassemble/docassemble_webapp/docassemble/webapp/data/questions/ontario-family-law/utilities/workflow_output/parsed_data/downloads/form_25f_-_restraining_order_flr-25f-sep09-en-fil.docx
2025-08-19 14:33:47,082 - __main__ - INFO - Copied form_14c_-_confirmation_motion_flr-14c-sep24-en-fil.docx to /Users/draw/development/docassemble/docassemble_webapp/docassemble/webapp/data/questions/ontario-family-law/utilities/workflow_output/parsed_data/downloads/form_14c_-_confirmation_motion_flr-14c-sep24-en-fil.docx
2025-08-19 14:33:47,082 - __main__ - INFO - Copied form_34g_-_affidavit_adopting_parent_form-34g-en-dec20.docx to /Users/draw/development/docassemble/docassemble_webapp/docassemble/webapp/data/questions/ontario-family-law/utilities/workflow_output/parsed_data/downloads/form_34g_-_affidavit_adopting_parent_form-34g-en-dec20.docx
2025-08-19 14:33:47,082 - __main__ - INFO - Copied form_28_-_writ_seizure_sale_flr-28-apr16-en-fil.docx to /Users/draw/development/docassemble/docassemble_webapp/docassemble/webapp/data/questions/ontario-family-law/utilities/workflow_output/parsed_data/downloads/form_28_-_writ_seizure_sale_flr-28-apr16-en-fil.docx
2025-08-19 14:33:47,082 - __main__ - INFO - Copied form_29a_-_notice_garnishment_lump_sum_flr-29a-apr16-en-fil.docx to /Users/draw/development/docassemble/docassemble_webapp/docassemble/webapp/data/questions/ontario-family-law/utilities/workflow_output/parsed_data/downloads/form_29a_-_notice_garnishment_lump_sum_flr-29a-apr16-en-fil.docx
2025-08-19 14:33:47,082 - __main__ - INFO - Copied form_34i_-_affidavit_adopting_relative_form-34i-en-dec20.docx to /Users/draw/development/docassemble/docassemble_webapp/docassemble/webapp/data/questions/ontario-family-law/utilities/workflow_output/parsed_data/downloads/form_34i_-_affidavit_adopting_relative_form-34i-en-dec20.docx
2025-08-19 14:33:47,083 - __main__ - INFO - Copied form_6b_-_affidavit_service_flr-06b-apr16-en-fil.docx to /Users/draw/development/docassemble/docassemble_webapp/docassemble/webapp/data/questions/ontario-family-law/utilities/workflow_output/parsed_data/downloads/form_6b_-_affidavit_service_flr-06b-apr16-en-fil.docx
2025-08-19 14:33:47,083 - __main__ - INFO - Copied form_43b_-_affidavit_bjdr_hearing_flr-43b-sep24-en-fil.docx to /Users/draw/development/docassemble/docassemble_webapp/docassemble/webapp/data/questions/ontario-family-law/utilities/workflow_output/parsed_data/downloads/form_43b_-_affidavit_bjdr_hearing_flr-43b-sep24-en-fil.docx
2025-08-19 14:33:47,083 - __main__ - INFO - Copied form_8b_-_application_child_protection_form-8b-feb_1_2022-en.docx to /Users/draw/development/docassemble/docassemble_webapp/docassemble/webapp/data/questions/ontario-family-law/utilities/workflow_output/parsed_data/downloads/form_8b_-_application_child_protection_form-8b-feb_1_2022-en.docx
2025-08-19 14:33:47,083 - __main__ - INFO - Copied form_13a_-_certificate_financial_disclosure_flr-13a-may21-en-fil.docx to /Users/draw/development/docassemble/docassemble_webapp/docassemble/webapp/data/questions/ontario-family-law/utilities/workflow_output/parsed_data/downloads/form_13a_-_certificate_financial_disclosure_flr-13a-may21-en-fil.docx
2025-08-19 14:33:47,084 - __main__ - INFO - Copied form_13_-_financial_statement_support_flr-13-may21-en-fil.docx to /Users/draw/development/docassemble/docassemble_webapp/docassemble/webapp/data/questions/ontario-family-law/utilities/workflow_output/parsed_data/downloads/form_13_-_financial_statement_support_flr-13-may21-en-fil.docx
2025-08-19 14:33:47,084 - automated_form_processor - INFO - Starting automated form processing at 2025-08-19 14:33:47.084224
2025-08-19 14:33:47,084 - automated_form_processor - INFO - Processing Form 04: jun25-en-fil
2025-08-19 14:33:47,084 - automated_form_processor - INFO - Found form file: /Users/draw/development/docassemble/docassemble_webapp/docassemble/webapp/data/questions/ontario-family-law/utilities/workflow_output/parsed_data/downloads/form_4_-_notice_change_representation_flr-04-jun25-en-fil.docx
2025-08-19 14:33:47,084 - automated_form_processor - INFO - Extracting fields from /Users/draw/development/docassemble/docassemble_webapp/docassemble/webapp/data/questions/ontario-family-law/utilities/workflow_output/parsed_data/downloads/form_4_-_notice_change_representation_flr-04-jun25-en-fil.docx
2025-08-19 14:33:47,615 - unified_parser_with_gcp - INFO - Starting comprehensive parsing of form_4_-_notice_change_representation_flr-04-jun25-en-fil.docx
2025-08-19 14:33:47,615 - unified_parser_with_gcp - INFO - Parsing with OSS native libraries...
2025-08-19 14:33:47,647 - unified_parser_with_gcp - INFO - Parsing tables with OSS libraries...
2025-08-19 14:33:47,647 - unified_parser_with_gcp - INFO - Building consensus from all extraction methods...
2025-08-19 14:33:47,647 - unified_parser_with_gcp - INFO - Validating consistency...
2025-08-19 14:33:47,647 - unified_parser_with_gcp - INFO - Applying Ontario-specific rules...
2025-08-19 14:33:47,647 - automated_form_processor - INFO - Extracted 26 fields using unified parser
2025-08-19 14:33:47,648 - automated_form_processor - INFO - Saved 26 fields to /Users/draw/development/docassemble/docassemble_webapp/docassemble/webapp/data/questions/ontario-family-law/utilities/workflow_output/parsed_data/csv/form_04_fields.csv
2025-08-19 14:33:47,651 - automated_form_processor - INFO - Generated YAML interview: /Users/draw/development/docassemble/docassemble_webapp/docassemble/webapp/data/questions/ontario-family-law/utilities/workflow_output/parsed_data/yaml/form_04_interview.yml
2025-08-19 14:33:47,663 - automated_form_processor - INFO - ✓ Successfully processed Form 04
2025-08-19 14:33:47,664 - automated_form_processor - INFO - Processing Form 06: flr_06-e
2025-08-19 14:33:47,664 - automated_form_processor - INFO - Found form file: /Users/draw/development/docassemble/docassemble_webapp/docassemble/webapp/data/questions/ontario-family-law/utilities/workflow_output/parsed_data/downloads/form_6b_-_affidavit_service_flr-06b-apr16-en-fil.docx
2025-08-19 14:33:47,664 - automated_form_processor - INFO - Extracting fields from /Users/draw/development/docassemble/docassemble_webapp/docassemble/webapp/data/questions/ontario-family-law/utilities/workflow_output/parsed_data/downloads/form_6b_-_affidavit_service_flr-06b-apr16-en-fil.docx
2025-08-19 14:33:47,664 - unified_parser_with_gcp - INFO - Starting comprehensive parsing of form_6b_-_affidavit_service_flr-06b-apr16-en-fil.docx
2025-08-19 14:33:47,664 - unified_parser_with_gcp - INFO - Parsing with OSS native libraries...
2025-08-19 14:33:47,802 - unified_parser_with_gcp - INFO - Parsing tables with OSS libraries...
2025-08-19 14:33:47,802 - unified_parser_with_gcp - INFO - Building consensus from all extraction methods...
2025-08-19 14:33:47,802 - unified_parser_with_gcp - INFO - Validating consistency...
2025-08-19 14:33:47,802 - unified_parser_with_gcp - INFO - Applying Ontario-specific rules...
2025-08-19 14:33:47,803 - automated_form_processor - INFO - Extracted 75 fields using unified parser
2025-08-19 14:33:47,804 - automated_form_processor - INFO - Saved 75 fields to /Users/draw/development/docassemble/docassemble_webapp/docassemble/webapp/data/questions/ontario-family-law/utilities/workflow_output/parsed_data/csv/form_06_fields.csv
2025-08-19 14:33:47,810 - automated_form_processor - INFO - Generated YAML interview: /Users/draw/development/docassemble/docassemble_webapp/docassemble/webapp/data/questions/ontario-family-law/utilities/workflow_output/parsed_data/yaml/form_06_interview.yml
2025-08-19 14:33:47,811 - automated_form_processor - INFO - ✓ Successfully processed Form 06
2025-08-19 14:33:47,811 - automated_form_processor - INFO - Processing Form 06A: e
2025-08-19 14:33:47,812 - automated_form_processor - ERROR - Could not find form file for Form 06A in /Users/draw/development/docassemble/docassemble_webapp/docassemble/webapp/data/questions/ontario-family-law/utilities/workflow_output/parsed_data/downloads
2025-08-19 14:33:47,812 - automated_form_processor - INFO - Expected filename: form_06a.pdf
2025-08-19 14:33:47,812 - automated_form_processor - INFO - Available files: ['form_25c_-_adoption_order_flr-25c-may25-en-fil.docx', 'form_37_-_interjurisdictional_support_order_flr-37-apr24-en-fil.docx', 'form_10_-_answer_flr-10-jun25-en-fil.docx', 'form_29_-_request_garnishment_flr-29-apr16-en-fil.docx', 'form_10a_-_reply_flr-10a-e.pdf']...
2025-08-19 14:33:47,812 - automated_form_processor - INFO - Extracting fields from /Users/draw/development/docassemble/docassemble_webapp/docassemble/webapp/data/questions/ontario-family-law/utilities/workflow_output/parsed_data/downloads/form_06a.pdf
2025-08-19 14:33:47,812 - unified_parser_with_gcp - INFO - Starting comprehensive parsing of form_06a.pdf
2025-08-19 14:33:47,812 - unified_parser_with_gcp - INFO - Parsing with OSS native libraries...
2025-08-19 14:33:47,813 - unified_parser_with_gcp - INFO - Parsing tables with OSS libraries...
2025-08-19 14:33:47,813 - unified_parser_with_gcp - INFO - Building consensus from all extraction methods...
2025-08-19 14:33:47,813 - unified_parser_with_gcp - INFO - Validating consistency...
2025-08-19 14:33:47,813 - unified_parser_with_gcp - INFO - Applying Ontario-specific rules...
2025-08-19 14:33:47,813 - automated_form_processor - INFO - Extracted 0 fields using unified parser
2025-08-19 14:33:47,813 - automated_form_processor - INFO - Saved 0 fields to /Users/draw/development/docassemble/docassemble_webapp/docassemble/webapp/data/questions/ontario-family-law/utilities/workflow_output/parsed_data/csv/form_06A_fields.csv
2025-08-19 14:33:47,813 - automated_form_processor - INFO - Generated YAML interview: /Users/draw/development/docassemble/docassemble_webapp/docassemble/webapp/data/questions/ontario-family-law/utilities/workflow_output/parsed_data/yaml/form_06A_interview.yml
2025-08-19 14:33:47,814 - automated_form_processor - INFO - ✓ Successfully processed Form 06A
2025-08-19 14:33:47,814 - automated_form_processor - INFO - Processing Form 06B: e-1016
2025-08-19 14:33:47,814 - automated_form_processor - INFO - Found form file: /Users/draw/development/docassemble/docassemble_webapp/docassemble/webapp/data/questions/ontario-family-law/utilities/workflow_output/parsed_data/downloads/form_6b_-_affidavit_service_flr-06b-apr16-en-fil.docx
2025-08-19 14:33:47,814 - automated_form_processor - INFO - Extracting fields from /Users/draw/development/docassemble/docassemble_webapp/docassemble/webapp/data/questions/ontario-family-law/utilities/workflow_output/parsed_data/downloads/form_6b_-_affidavit_service_flr-06b-apr16-en-fil.docx
2025-08-19 14:33:47,814 - unified_parser_with_gcp - INFO - Starting comprehensive parsing of form_6b_-_affidavit_service_flr-06b-apr16-en-fil.docx
2025-08-19 14:33:47,814 - unified_parser_with_gcp - INFO - Parsing with OSS native libraries...
2025-08-19 14:33:47,950 - unified_parser_with_gcp - INFO - Parsing tables with OSS libraries...
2025-08-19 14:33:47,950 - unified_parser_with_gcp - INFO - Building consensus from all extraction methods...
2025-08-19 14:33:47,952 - unified_parser_with_gcp - INFO - Validating consistency...
2025-08-19 14:33:47,952 - unified_parser_with_gcp - INFO - Applying Ontario-specific rules...
2025-08-19 14:33:47,952 - automated_form_processor - INFO - Extracted 75 fields using unified parser
2025-08-19 14:33:47,953 - automated_form_processor - INFO - Saved 75 fields to /Users/draw/development/docassemble/docassemble_webapp/docassemble/webapp/data/questions/ontario-family-law/utilities/workflow_output/parsed_data/csv/form_06B_fields.csv
2025-08-19 14:33:47,959 - automated_form_processor - INFO - Generated YAML interview: /Users/draw/development/docassemble/docassemble_webapp/docassemble/webapp/data/questions/ontario-family-law/utilities/workflow_output/parsed_data/yaml/form_06B_interview.yml
2025-08-19 14:33:47,960 - automated_form_processor - INFO - ✓ Successfully processed Form 06B
2025-08-19 14:33:47,961 - automated_form_processor - INFO - Processing Form 06C: apr23-en-fil
2025-08-19 14:33:47,961 - automated_form_processor - ERROR - Could not find form file for Form 06C in /Users/draw/development/docassemble/docassemble_webapp/docassemble/webapp/data/questions/ontario-family-law/utilities/workflow_output/parsed_data/downloads
2025-08-19 14:33:47,961 - automated_form_processor - INFO - Expected filename: form_06c.pdf
2025-08-19 14:33:47,961 - automated_form_processor - INFO - Available files: ['form_25c_-_adoption_order_flr-25c-may25-en-fil.docx', 'form_37_-_interjurisdictional_support_order_flr-37-apr24-en-fil.docx', 'form_10_-_answer_flr-10-jun25-en-fil.docx', 'form_29_-_request_garnishment_flr-29-apr16-en-fil.docx', 'form_10a_-_reply_flr-10a-e.pdf']...
2025-08-19 14:33:47,961 - automated_form_processor - INFO - Extracting fields from /Users/draw/development/docassemble/docassemble_webapp/docassemble/webapp/data/questions/ontario-family-law/utilities/workflow_output/parsed_data/downloads/form_06c.pdf
2025-08-19 14:33:47,962 - unified_parser_with_gcp - INFO - Starting comprehensive parsing of form_06c.pdf
2025-08-19 14:33:47,962 - unified_parser_with_gcp - INFO - Parsing with OSS native libraries...
2025-08-19 14:33:47,962 - unified_parser_with_gcp - INFO - Parsing tables with OSS libraries...
2025-08-19 14:33:47,962 - unified_parser_with_gcp - INFO - Building consensus from all extraction methods...
2025-08-19 14:33:47,962 - unified_parser_with_gcp - INFO - Validating consistency...
2025-08-19 14:33:47,962 - unified_parser_with_gcp - INFO - Applying Ontario-specific rules...
2025-08-19 14:33:47,962 - automated_form_processor - INFO - Extracted 0 fields using unified parser
2025-08-19 14:33:47,962 - automated_form_processor - INFO - Saved 0 fields to /Users/draw/development/docassemble/docassemble_webapp/docassemble/webapp/data/questions/ontario-family-law/utilities/workflow_output/parsed_data/csv/form_06C_fields.csv
2025-08-19 14:33:47,962 - automated_form_processor - INFO - Generated YAML interview: /Users/draw/development/docassemble/docassemble_webapp/docassemble/webapp/data/questions/ontario-family-law/utilities/workflow_output/parsed_data/yaml/form_06C_interview.yml
2025-08-19 14:33:47,963 - automated_form_processor - INFO - ✓ Successfully processed Form 06C
2025-08-19 14:33:47,963 - automated_form_processor - INFO - Processing Form 08: jun25-en
2025-08-19 14:33:47,964 - automated_form_processor - ERROR - Could not find form file for Form 08 in /Users/draw/development/docassemble/docassemble_webapp/docassemble/webapp/data/questions/ontario-family-law/utilities/workflow_output/parsed_data/downloads
2025-08-19 14:33:47,964 - automated_form_processor - INFO - Expected filename: form_08.pdf
2025-08-19 14:33:47,964 - automated_form_processor - INFO - Available files: ['form_25c_-_adoption_order_flr-25c-may25-en-fil.docx', 'form_37_-_interjurisdictional_support_order_flr-37-apr24-en-fil.docx', 'form_10_-_answer_flr-10-jun25-en-fil.docx', 'form_29_-_request_garnishment_flr-29-apr16-en-fil.docx', 'form_10a_-_reply_flr-10a-e.pdf']...
2025-08-19 14:33:47,964 - automated_form_processor - INFO - Extracting fields from /Users/draw/development/docassemble/docassemble_webapp/docassemble/webapp/data/questions/ontario-family-law/utilities/workflow_output/parsed_data/downloads/form_08.pdf
2025-08-19 14:33:47,964 - unified_parser_with_gcp - INFO - Starting comprehensive parsing of form_08.pdf
2025-08-19 14:33:47,964 - unified_parser_with_gcp - INFO - Parsing with OSS native libraries...
2025-08-19 14:33:47,964 - unified_parser_with_gcp - INFO - Parsing tables with OSS libraries...
2025-08-19 14:33:47,964 - unified_parser_with_gcp - INFO - Building consensus from all extraction methods...
2025-08-19 14:33:47,964 - unified_parser_with_gcp - INFO - Validating consistency...
2025-08-19 14:33:47,964 - unified_parser_with_gcp - INFO - Applying Ontario-specific rules...
2025-08-19 14:33:47,964 - automated_form_processor - INFO - Extracted 0 fields using unified parser
2025-08-19 14:33:47,964 - automated_form_processor - INFO - Saved 0 fields to /Users/draw/development/docassemble/docassemble_webapp/docassemble/webapp/data/questions/ontario-family-law/utilities/workflow_output/parsed_data/csv/form_08_fields.csv
2025-08-19 14:33:47,964 - automated_form_processor - INFO - Generated YAML interview: /Users/draw/development/docassemble/docassemble_webapp/docassemble/webapp/data/questions/ontario-family-law/utilities/workflow_output/parsed_data/yaml/form_08_interview.yml
2025-08-19 14:33:47,965 - automated_form_processor - INFO - ✓ Successfully processed Form 08
2025-08-19 14:33:47,965 - automated_form_processor - INFO - Processing Form 08A: apr24-en-fil
2025-08-19 14:33:47,966 - automated_form_processor - ERROR - Could not find form file for Form 08A in /Users/draw/development/docassemble/docassemble_webapp/docassemble/webapp/data/questions/ontario-family-law/utilities/workflow_output/parsed_data/downloads
2025-08-19 14:33:47,966 - automated_form_processor - INFO - Expected filename: form_08a.pdf
2025-08-19 14:33:47,966 - automated_form_processor - INFO - Available files: ['form_25c_-_adoption_order_flr-25c-may25-en-fil.docx', 'form_37_-_interjurisdictional_support_order_flr-37-apr24-en-fil.docx', 'form_10_-_answer_flr-10-jun25-en-fil.docx', 'form_29_-_request_garnishment_flr-29-apr16-en-fil.docx', 'form_10a_-_reply_flr-10a-e.pdf']...
2025-08-19 14:33:47,966 - automated_form_processor - INFO - Extracting fields from /Users/draw/development/docassemble/docassemble_webapp/docassemble/webapp/data/questions/ontario-family-law/utilities/workflow_output/parsed_data/downloads/form_08a.pdf
2025-08-19 14:33:47,966 - unified_parser_with_gcp - INFO - Starting comprehensive parsing of form_08a.pdf
2025-08-19 14:33:47,966 - unified_parser_with_gcp - INFO - Parsing with OSS native libraries...
2025-08-19 14:33:47,966 - unified_parser_with_gcp - INFO - Parsing tables with OSS libraries...
2025-08-19 14:33:47,966 - unified_parser_with_gcp - INFO - Building consensus from all extraction methods...
2025-08-19 14:33:47,966 - unified_parser_with_gcp - INFO - Validating consistency...
2025-08-19 14:33:47,966 - unified_parser_with_gcp - INFO - Applying Ontario-specific rules...
2025-08-19 14:33:47,966 - automated_form_processor - INFO - Extracted 0 fields using unified parser
2025-08-19 14:33:47,966 - automated_form_processor - INFO - Saved 0 fields to /Users/draw/development/docassemble/docassemble_webapp/docassemble/webapp/data/questions/ontario-family-law/utilities/workflow_output/parsed_data/csv/form_08A_fields.csv
2025-08-19 14:33:47,967 - automated_form_processor - INFO - Generated YAML interview: /Users/draw/development/docassemble/docassemble_webapp/docassemble/webapp/data/questions/ontario-family-law/utilities/workflow_output/parsed_data/yaml/form_08A_interview.yml
2025-08-19 14:33:47,967 - automated_form_processor - INFO - ✓ Successfully processed Form 08A
2025-08-19 14:33:47,968 - automated_form_processor - INFO - Processing Form 08B: form-8b-feb_1_2022-en
2025-08-19 14:33:47,968 - automated_form_processor - ERROR - Could not find form file for Form 08B in /Users/draw/development/docassemble/docassemble_webapp/docassemble/webapp/data/questions/ontario-family-law/utilities/workflow_output/parsed_data/downloads
2025-08-19 14:33:47,968 - automated_form_processor - INFO - Expected filename: form_08b.pdf
2025-08-19 14:33:47,968 - automated_form_processor - INFO - Available files: ['form_25c_-_adoption_order_flr-25c-may25-en-fil.docx', 'form_37_-_interjurisdictional_support_order_flr-37-apr24-en-fil.docx', 'form_10_-_answer_flr-10-jun25-en-fil.docx', 'form_29_-_request_garnishment_flr-29-apr16-en-fil.docx', 'form_10a_-_reply_flr-10a-e.pdf']...
2025-08-19 14:33:47,968 - automated_form_processor - INFO - Extracting fields from /Users/draw/development/docassemble/docassemble_webapp/docassemble/webapp/data/questions/ontario-family-law/utilities/workflow_output/parsed_data/downloads/form_08b.pdf
2025-08-19 14:33:47,968 - unified_parser_with_gcp - INFO - Starting comprehensive parsing of form_08b.pdf
2025-08-19 14:33:47,968 - unified_parser_with_gcp - INFO - Parsing with OSS native libraries...
2025-08-19 14:33:47,968 - unified_parser_with_gcp - INFO - Parsing tables with OSS libraries...
2025-08-19 14:33:47,968 - unified_parser_with_gcp - INFO - Building consensus from all extraction methods...
2025-08-19 14:33:47,968 - unified_parser_with_gcp - INFO - Validating consistency...
2025-08-19 14:33:47,968 - unified_parser_with_gcp - INFO - Applying Ontario-specific rules...
2025-08-19 14:33:47,969 - automated_form_processor - INFO - Extracted 0 fields using unified parser
2025-08-19 14:33:47,969 - automated_form_processor - INFO - Saved 0 fields to /Users/draw/development/docassemble/docassemble_webapp/docassemble/webapp/data/questions/ontario-family-law/utilities/workflow_output/parsed_data/csv/form_08B_fields.csv
2025-08-19 14:33:47,969 - automated_form_processor - INFO - Generated YAML interview: /Users/draw/development/docassemble/docassemble_webapp/docassemble/webapp/data/questions/ontario-family-law/utilities/workflow_output/parsed_data/yaml/form_08B_interview.yml
2025-08-19 14:33:47,969 - automated_form_processor - INFO - ✓ Successfully processed Form 08B
2025-08-19 14:33:47,970 - automated_form_processor - INFO - Processing Form 08C: form_8c_2018
2025-08-19 14:33:47,970 - automated_form_processor - ERROR - Could not find form file for Form 08C in /Users/draw/development/docassemble/docassemble_webapp/docassemble/webapp/data/questions/ontario-family-law/utilities/workflow_output/parsed_data/downloads
2025-08-19 14:33:47,970 - automated_form_processor - INFO - Expected filename: form_08c.pdf
2025-08-19 14:33:47,970 - automated_form_processor - INFO - Available files: ['form_25c_-_adoption_order_flr-25c-may25-en-fil.docx', 'form_37_-_interjurisdictional_support_order_flr-37-apr24-en-fil.docx', 'form_10_-_answer_flr-10-jun25-en-fil.docx', 'form_29_-_request_garnishment_flr-29-apr16-en-fil.docx', 'form_10a_-_reply_flr-10a-e.pdf']...
2025-08-19 14:33:47,970 - automated_form_processor - INFO - Extracting fields from /Users/draw/development/docassemble/docassemble_webapp/docassemble/webapp/data/questions/ontario-family-law/utilities/workflow_output/parsed_data/downloads/form_08c.pdf
2025-08-19 14:33:47,971 - unified_parser_with_gcp - INFO - Starting comprehensive parsing of form_08c.pdf
2025-08-19 14:33:47,971 - unified_parser_with_gcp - INFO - Parsing with OSS native libraries...
2025-08-19 14:33:47,971 - unified_parser_with_gcp - INFO - Parsing tables with OSS libraries...
2025-08-19 14:33:47,971 - unified_parser_with_gcp - INFO - Building consensus from all extraction methods...
2025-08-19 14:33:47,971 - unified_parser_with_gcp - INFO - Validating consistency...
2025-08-19 14:33:47,971 - unified_parser_with_gcp - INFO - Applying Ontario-specific rules...
2025-08-19 14:33:47,971 - automated_form_processor - INFO - Extracted 0 fields using unified parser
2025-08-19 14:33:47,971 - automated_form_processor - INFO - Saved 0 fields to /Users/draw/development/docassemble/docassemble_webapp/docassemble/webapp/data/questions/ontario-family-law/utilities/workflow_output/parsed_data/csv/form_08C_fields.csv
2025-08-19 14:33:47,971 - automated_form_processor - INFO - Generated YAML interview: /Users/draw/development/docassemble/docassemble_webapp/docassemble/webapp/data/questions/ontario-family-law/utilities/workflow_output/parsed_data/yaml/form_08C_interview.yml
2025-08-19 14:33:47,972 - automated_form_processor - INFO - ✓ Successfully processed Form 08C
2025-08-19 14:33:47,972 - automated_form_processor - INFO - Processing Form 08D: may25-en-fil
2025-08-19 14:33:47,973 - automated_form_processor - ERROR - Could not find form file for Form 08D in /Users/draw/development/docassemble/docassemble_webapp/docassemble/webapp/data/questions/ontario-family-law/utilities/workflow_output/parsed_data/downloads
2025-08-19 14:33:47,973 - automated_form_processor - INFO - Expected filename: form_08d.pdf
2025-08-19 14:33:47,973 - automated_form_processor - INFO - Available files: ['form_25c_-_adoption_order_flr-25c-may25-en-fil.docx', 'form_37_-_interjurisdictional_support_order_flr-37-apr24-en-fil.docx', 'form_10_-_answer_flr-10-jun25-en-fil.docx', 'form_29_-_request_garnishment_flr-29-apr16-en-fil.docx', 'form_10a_-_reply_flr-10a-e.pdf']...
2025-08-19 14:33:47,973 - automated_form_processor - INFO - Extracting fields from /Users/draw/development/docassemble/docassemble_webapp/docassemble/webapp/data/questions/ontario-family-law/utilities/workflow_output/parsed_data/downloads/form_08d.pdf
2025-08-19 14:33:47,973 - unified_parser_with_gcp - INFO - Starting comprehensive parsing of form_08d.pdf
2025-08-19 14:33:47,973 - unified_parser_with_gcp - INFO - Parsing with OSS native libraries...
2025-08-19 14:33:47,973 - unified_parser_with_gcp - INFO - Parsing tables with OSS libraries...
2025-08-19 14:33:47,973 - unified_parser_with_gcp - INFO - Building consensus from all extraction methods...
2025-08-19 14:33:47,973 - unified_parser_with_gcp - INFO - Validating consistency...
2025-08-19 14:33:47,973 - unified_parser_with_gcp - INFO - Applying Ontario-specific rules...
2025-08-19 14:33:47,973 - automated_form_processor - INFO - Extracted 0 fields using unified parser
2025-08-19 14:33:47,974 - automated_form_processor - INFO - Saved 0 fields to /Users/draw/development/docassemble/docassemble_webapp/docassemble/webapp/data/questions/ontario-family-law/utilities/workflow_output/parsed_data/csv/form_08D_fields.csv
2025-08-19 14:33:47,974 - automated_form_processor - INFO - Generated YAML interview: /Users/draw/development/docassemble/docassemble_webapp/docassemble/webapp/data/questions/ontario-family-law/utilities/workflow_output/parsed_data/yaml/form_08D_interview.yml
2025-08-19 14:33:47,974 - automated_form_processor - INFO - ✓ Successfully processed Form 08D
2025-08-19 14:33:47,975 - automated_form_processor - INFO - Processing Form 10: jun25-en-fil
2025-08-19 14:33:47,975 - automated_form_processor - INFO - Found form file: /Users/draw/development/docassemble/docassemble_webapp/docassemble/webapp/data/questions/ontario-family-law/utilities/workflow_output/parsed_data/downloads/form_10_-_answer_flr-10-jun25-en-fil.docx
2025-08-19 14:33:47,975 - automated_form_processor - INFO - Extracting fields from /Users/draw/development/docassemble/docassemble_webapp/docassemble/webapp/data/questions/ontario-family-law/utilities/workflow_output/parsed_data/downloads/form_10_-_answer_flr-10-jun25-en-fil.docx
2025-08-19 14:33:47,975 - unified_parser_with_gcp - INFO - Starting comprehensive parsing of form_10_-_answer_flr-10-jun25-en-fil.docx
2025-08-19 14:33:47,975 - unified_parser_with_gcp - INFO - Parsing with OSS native libraries...
2025-08-19 14:33:48,102 - unified_parser_with_gcp - INFO - Parsing tables with OSS libraries...
2025-08-19 14:33:48,102 - unified_parser_with_gcp - INFO - Building consensus from all extraction methods...
2025-08-19 14:33:48,105 - unified_parser_with_gcp - INFO - Validating consistency...
2025-08-19 14:33:48,105 - unified_parser_with_gcp - INFO - Applying Ontario-specific rules...
2025-08-19 14:33:48,105 - automated_form_processor - INFO - Extracted 85 fields using unified parser
2025-08-19 14:33:48,106 - automated_form_processor - INFO - Saved 85 fields to /Users/draw/development/docassemble/docassemble_webapp/docassemble/webapp/data/questions/ontario-family-law/utilities/workflow_output/parsed_data/csv/form_10_fields.csv
2025-08-19 14:33:48,113 - automated_form_processor - INFO - Generated YAML interview: /Users/draw/development/docassemble/docassemble_webapp/docassemble/webapp/data/questions/ontario-family-law/utilities/workflow_output/parsed_data/yaml/form_10_interview.yml
2025-08-19 14:33:48,114 - automated_form_processor - INFO - ✓ Successfully processed Form 10
2025-08-19 14:33:48,115 - automated_form_processor - INFO - Processing Form 10A: e
2025-08-19 14:33:48,115 - automated_form_processor - INFO - Found form file: /Users/draw/development/docassemble/docassemble_webapp/docassemble/webapp/data/questions/ontario-family-law/utilities/workflow_output/parsed_data/downloads/form_10a_-_reply_flr-10a-e.pdf
2025-08-19 14:33:48,115 - automated_form_processor - INFO - Extracting fields from /Users/draw/development/docassemble/docassemble_webapp/docassemble/webapp/data/questions/ontario-family-law/utilities/workflow_output/parsed_data/downloads/form_10a_-_reply_flr-10a-e.pdf
2025-08-19 14:33:48,115 - unified_parser_with_gcp - INFO - Starting comprehensive parsing of form_10a_-_reply_flr-10a-e.pdf
2025-08-19 14:33:48,115 - unified_parser_with_gcp - INFO - Parsing with OSS native libraries...
2025-08-19 14:33:48,194 - unified_parser_with_gcp - INFO - Parsing tables with OSS libraries...
2025-08-19 14:33:48,194 - unified_parser_with_gcp - INFO - Building consensus from all extraction methods...
2025-08-19 14:33:48,194 - unified_parser_with_gcp - INFO - Validating consistency...
2025-08-19 14:33:48,194 - unified_parser_with_gcp - INFO - Applying Ontario-specific rules...
2025-08-19 14:33:48,194 - automated_form_processor - INFO - Extracted 24 fields using unified parser
2025-08-19 14:33:48,195 - automated_form_processor - INFO - Saved 24 fields to /Users/draw/development/docassemble/docassemble_webapp/docassemble/webapp/data/questions/ontario-family-law/utilities/workflow_output/parsed_data/csv/form_10A_fields.csv
2025-08-19 14:33:48,197 - automated_form_processor - INFO - Generated YAML interview: /Users/draw/development/docassemble/docassemble_webapp/docassemble/webapp/data/questions/ontario-family-law/utilities/workflow_output/parsed_data/yaml/form_10A_interview.yml
2025-08-19 14:33:48,198 - automated_form_processor - INFO - ✓ Successfully processed Form 10A
2025-08-19 14:33:48,199 - automated_form_processor - INFO - Processing Form 12: e
2025-08-19 14:33:48,199 - automated_form_processor - ERROR - Could not find form file for Form 12 in /Users/draw/development/docassemble/docassemble_webapp/docassemble/webapp/data/questions/ontario-family-law/utilities/workflow_output/parsed_data/downloads
2025-08-19 14:33:48,199 - automated_form_processor - INFO - Expected filename: form_12.pdf
2025-08-19 14:33:48,199 - automated_form_processor - INFO - Available files: ['form_25c_-_adoption_order_flr-25c-may25-en-fil.docx', 'form_37_-_interjurisdictional_support_order_flr-37-apr24-en-fil.docx', 'form_10_-_answer_flr-10-jun25-en-fil.docx', 'form_29_-_request_garnishment_flr-29-apr16-en-fil.docx', 'form_10a_-_reply_flr-10a-e.pdf']...
2025-08-19 14:33:48,199 - automated_form_processor - INFO - Extracting fields from /Users/draw/development/docassemble/docassemble_webapp/docassemble/webapp/data/questions/ontario-family-law/utilities/workflow_output/parsed_data/downloads/form_12.pdf
2025-08-19 14:33:48,199 - unified_parser_with_gcp - INFO - Starting comprehensive parsing of form_12.pdf
2025-08-19 14:33:48,199 - unified_parser_with_gcp - INFO - Parsing with OSS native libraries...
2025-08-19 14:33:48,200 - unified_parser_with_gcp - INFO - Parsing tables with OSS libraries...
2025-08-19 14:33:48,200 - unified_parser_with_gcp - INFO - Building consensus from all extraction methods...
2025-08-19 14:33:48,200 - unified_parser_with_gcp - INFO - Validating consistency...
2025-08-19 14:33:48,200 - unified_parser_with_gcp - INFO - Applying Ontario-specific rules...
2025-08-19 14:33:48,200 - automated_form_processor - INFO - Extracted 0 fields using unified parser
2025-08-19 14:33:48,200 - automated_form_processor - INFO - Saved 0 fields to /Users/draw/development/docassemble/docassemble_webapp/docassemble/webapp/data/questions/ontario-family-law/utilities/workflow_output/parsed_data/csv/form_12_fields.csv
2025-08-19 14:33:48,200 - automated_form_processor - INFO - Generated YAML interview: /Users/draw/development/docassemble/docassemble_webapp/docassemble/webapp/data/questions/ontario-family-law/utilities/workflow_output/parsed_data/yaml/form_12_interview.yml
2025-08-19 14:33:48,201 - automated_form_processor - INFO - ✓ Successfully processed Form 12
2025-08-19 14:33:48,201 - automated_form_processor - INFO - Processing Form 13: may21-en-fil
2025-08-19 14:33:48,201 - automated_form_processor - INFO - Found form file: /Users/draw/development/docassemble/docassemble_webapp/docassemble/webapp/data/questions/ontario-family-law/utilities/workflow_output/parsed_data/downloads/form_13_-_financial_statement_support_flr-13-may21-en-fil.docx
2025-08-19 14:33:48,201 - automated_form_processor - INFO - Extracting fields from /Users/draw/development/docassemble/docassemble_webapp/docassemble/webapp/data/questions/ontario-family-law/utilities/workflow_output/parsed_data/downloads/form_13_-_financial_statement_support_flr-13-may21-en-fil.docx
2025-08-19 14:33:48,201 - unified_parser_with_gcp - INFO - Starting comprehensive parsing of form_13_-_financial_statement_support_flr-13-may21-en-fil.docx
2025-08-19 14:33:48,201 - unified_parser_with_gcp - INFO - Parsing with OSS native libraries...
2025-08-19 14:33:48,530 - unified_parser_with_gcp - INFO - Parsing tables with OSS libraries...
2025-08-19 14:33:48,530 - unified_parser_with_gcp - INFO - Building consensus from all extraction methods...
2025-08-19 14:33:48,531 - unified_parser_with_gcp - INFO - Validating consistency...
2025-08-19 14:33:48,532 - unified_parser_with_gcp - INFO - Applying Ontario-specific rules...
2025-08-19 14:33:48,533 - automated_form_processor - INFO - Extracted 154 fields using unified parser
2025-08-19 14:33:48,534 - automated_form_processor - INFO - Saved 154 fields to /Users/draw/development/docassemble/docassemble_webapp/docassemble/webapp/data/questions/ontario-family-law/utilities/workflow_output/parsed_data/csv/form_13_fields.csv
2025-08-19 14:33:48,547 - automated_form_processor - INFO - Generated YAML interview: /Users/draw/development/docassemble/docassemble_webapp/docassemble/webapp/data/questions/ontario-family-law/utilities/workflow_output/parsed_data/yaml/form_13_interview.yml
2025-08-19 14:33:48,548 - automated_form_processor - INFO - ✓ Successfully processed Form 13
2025-08-19 14:33:48,548 - automated_form_processor - INFO - Processing Form 13A: may21-en-fil
2025-08-19 14:33:48,548 - automated_form_processor - INFO - Found form file: /Users/draw/development/docassemble/docassemble_webapp/docassemble/webapp/data/questions/ontario-family-law/utilities/workflow_output/parsed_data/downloads/form_13a_-_certificate_financial_disclosure_flr-13a-may21-en-fil.docx
2025-08-19 14:33:48,548 - automated_form_processor - INFO - Extracting fields from /Users/draw/development/docassemble/docassemble_webapp/docassemble/webapp/data/questions/ontario-family-law/utilities/workflow_output/parsed_data/downloads/form_13a_-_certificate_financial_disclosure_flr-13a-may21-en-fil.docx
2025-08-19 14:33:48,548 - unified_parser_with_gcp - INFO - Starting comprehensive parsing of form_13a_-_certificate_financial_disclosure_flr-13a-may21-en-fil.docx
2025-08-19 14:33:48,548 - unified_parser_with_gcp - INFO - Parsing with OSS native libraries...
2025-08-19 14:33:48,756 - unified_parser_with_gcp - INFO - Parsing tables with OSS libraries...
2025-08-19 14:33:48,756 - unified_parser_with_gcp - INFO - Building consensus from all extraction methods...
2025-08-19 14:33:48,757 - unified_parser_with_gcp - INFO - Validating consistency...
2025-08-19 14:33:48,757 - unified_parser_with_gcp - INFO - Applying Ontario-specific rules...
2025-08-19 14:33:48,757 - automated_form_processor - INFO - Extracted 59 fields using unified parser
2025-08-19 14:33:48,758 - automated_form_processor - INFO - Saved 59 fields to /Users/draw/development/docassemble/docassemble_webapp/docassemble/webapp/data/questions/ontario-family-law/utilities/workflow_output/parsed_data/csv/form_13A_fields.csv
2025-08-19 14:33:48,762 - automated_form_processor - INFO - Generated YAML interview: /Users/draw/development/docassemble/docassemble_webapp/docassemble/webapp/data/questions/ontario-family-law/utilities/workflow_output/parsed_data/yaml/form_13A_interview.yml
2025-08-19 14:33:48,763 - automated_form_processor - INFO - ✓ Successfully processed Form 13A
2025-08-19 14:33:48,763 - automated_form_processor - INFO - Processing Form 13B: e
2025-08-19 14:33:48,763 - automated_form_processor - INFO - Found form file: /Users/draw/development/docassemble/docassemble_webapp/docassemble/webapp/data/questions/ontario-family-law/utilities/workflow_output/parsed_data/downloads/form_13b_-_net_family_property_statement_flr-13b-may09-en-fil-tables.docx
2025-08-19 14:33:48,764 - automated_form_processor - INFO - Extracting fields from /Users/draw/development/docassemble/docassemble_webapp/docassemble/webapp/data/questions/ontario-family-law/utilities/workflow_output/parsed_data/downloads/form_13b_-_net_family_property_statement_flr-13b-may09-en-fil-tables.docx
2025-08-19 14:33:48,764 - unified_parser_with_gcp - INFO - Starting comprehensive parsing of form_13b_-_net_family_property_statement_flr-13b-may09-en-fil-tables.docx
2025-08-19 14:33:48,764 - unified_parser_with_gcp - INFO - Parsing with OSS native libraries...
2025-08-19 14:33:48,831 - unified_parser_with_gcp - INFO - Parsing tables with OSS libraries...
2025-08-19 14:33:48,831 - unified_parser_with_gcp - INFO - Building consensus from all extraction methods...
2025-08-19 14:33:48,832 - unified_parser_with_gcp - INFO - Validating consistency...
2025-08-19 14:33:48,832 - unified_parser_with_gcp - INFO - Applying Ontario-specific rules...
2025-08-19 14:33:48,832 - automated_form_processor - INFO - Extracted 31 fields using unified parser
2025-08-19 14:33:48,832 - automated_form_processor - INFO - Saved 31 fields to /Users/draw/development/docassemble/docassemble_webapp/docassemble/webapp/data/questions/ontario-family-law/utilities/workflow_output/parsed_data/csv/form_13B_fields.csv
2025-08-19 14:33:48,834 - automated_form_processor - INFO - Generated YAML interview: /Users/draw/development/docassemble/docassemble_webapp/docassemble/webapp/data/questions/ontario-family-law/utilities/workflow_output/parsed_data/yaml/form_13B_interview.yml
2025-08-19 14:33:48,835 - automated_form_processor - INFO - ✓ Successfully processed Form 13B
2025-08-19 14:33:48,836 - automated_form_processor - INFO - Processing Form 13C: may21-en-fil
2025-08-19 14:33:48,836 - automated_form_processor - INFO - Found form file: /Users/draw/development/docassemble/docassemble_webapp/docassemble/webapp/data/questions/ontario-family-law/utilities/workflow_output/parsed_data/downloads/form_13c_-_comparison_net_family_property_flr-13c-may21-en-fil.docx
2025-08-19 14:33:48,836 - automated_form_processor - INFO - Extracting fields from /Users/draw/development/docassemble/docassemble_webapp/docassemble/webapp/data/questions/ontario-family-law/utilities/workflow_output/parsed_data/downloads/form_13c_-_comparison_net_family_property_flr-13c-may21-en-fil.docx
2025-08-19 14:33:48,836 - unified_parser_with_gcp - INFO - Starting comprehensive parsing of form_13c_-_comparison_net_family_property_flr-13c-may21-en-fil.docx
2025-08-19 14:33:48,836 - unified_parser_with_gcp - INFO - Parsing with OSS native libraries...
2025-08-19 14:33:48,961 - unified_parser_with_gcp - INFO - Parsing tables with OSS libraries...
2025-08-19 14:33:48,961 - unified_parser_with_gcp - INFO - Building consensus from all extraction methods...
2025-08-19 14:33:48,962 - unified_parser_with_gcp - INFO - Validating consistency...
2025-08-19 14:33:48,962 - unified_parser_with_gcp - INFO - Applying Ontario-specific rules...
2025-08-19 14:33:48,962 - automated_form_processor - INFO - Extracted 64 fields using unified parser
2025-08-19 14:33:48,963 - automated_form_processor - INFO - Saved 64 fields to /Users/draw/development/docassemble/docassemble_webapp/docassemble/webapp/data/questions/ontario-family-law/utilities/workflow_output/parsed_data/csv/form_13C_fields.csv
2025-08-19 14:33:48,967 - automated_form_processor - INFO - Generated YAML interview: /Users/draw/development/docassemble/docassemble_webapp/docassemble/webapp/data/questions/ontario-family-law/utilities/workflow_output/parsed_data/yaml/form_13C_interview.yml
2025-08-19 14:33:48,968 - automated_form_processor - INFO - ✓ Successfully processed Form 13C
2025-08-19 14:33:48,968 - automated_form_processor - INFO - Processing Form 14: form_14_2018
2025-08-19 14:33:48,968 - automated_form_processor - INFO - Found form file: /Users/draw/development/docassemble/docassemble_webapp/docassemble/webapp/data/questions/ontario-family-law/utilities/workflow_output/parsed_data/downloads/form_14b_-_motion_form_flr-14b-0921-en.docx
2025-08-19 14:33:48,969 - automated_form_processor - INFO - Extracting fields from /Users/draw/development/docassemble/docassemble_webapp/docassemble/webapp/data/questions/ontario-family-law/utilities/workflow_output/parsed_data/downloads/form_14b_-_motion_form_flr-14b-0921-en.docx
2025-08-19 14:33:48,969 - unified_parser_with_gcp - INFO - Starting comprehensive parsing of form_14b_-_motion_form_flr-14b-0921-en.docx
2025-08-19 14:33:48,969 - unified_parser_with_gcp - INFO - Parsing with OSS native libraries...
2025-08-19 14:33:49,020 - unified_parser_with_gcp - INFO - Parsing tables with OSS libraries...
2025-08-19 14:33:49,020 - unified_parser_with_gcp - INFO - Building consensus from all extraction methods...
2025-08-19 14:33:49,020 - unified_parser_with_gcp - INFO - Validating consistency...
2025-08-19 14:33:49,020 - unified_parser_with_gcp - INFO - Applying Ontario-specific rules...
2025-08-19 14:33:49,021 - automated_form_processor - INFO - Extracted 28 fields using unified parser
2025-08-19 14:33:49,021 - automated_form_processor - INFO - Saved 28 fields to /Users/draw/development/docassemble/docassemble_webapp/docassemble/webapp/data/questions/ontario-family-law/utilities/workflow_output/parsed_data/csv/form_14_fields.csv
2025-08-19 14:33:49,023 - automated_form_processor - INFO - Generated YAML interview: /Users/draw/development/docassemble/docassemble_webapp/docassemble/webapp/data/questions/ontario-family-law/utilities/workflow_output/parsed_data/yaml/form_14_interview.yml
2025-08-19 14:33:49,024 - automated_form_processor - INFO - ✓ Successfully processed Form 14
2025-08-19 14:33:49,024 - automated_form_processor - INFO - Processing Form 14A: e
2025-08-19 14:33:49,025 - automated_form_processor - ERROR - Could not find form file for Form 14A in /Users/draw/development/docassemble/docassemble_webapp/docassemble/webapp/data/questions/ontario-family-law/utilities/workflow_output/parsed_data/downloads
2025-08-19 14:33:49,025 - automated_form_processor - INFO - Expected filename: form_14a.pdf
2025-08-19 14:33:49,025 - automated_form_processor - INFO - Available files: ['form_25c_-_adoption_order_flr-25c-may25-en-fil.docx', 'form_37_-_interjurisdictional_support_order_flr-37-apr24-en-fil.docx', 'form_10_-_answer_flr-10-jun25-en-fil.docx', 'form_29_-_request_garnishment_flr-29-apr16-en-fil.docx', 'form_10a_-_reply_flr-10a-e.pdf']...
2025-08-19 14:33:49,025 - automated_form_processor - INFO - Extracting fields from /Users/draw/development/docassemble/docassemble_webapp/docassemble/webapp/data/questions/ontario-family-law/utilities/workflow_output/parsed_data/downloads/form_14a.pdf
2025-08-19 14:33:49,025 - unified_parser_with_gcp - INFO - Starting comprehensive parsing of form_14a.pdf
2025-08-19 14:33:49,025 - unified_parser_with_gcp - INFO - Parsing with OSS native libraries...
2025-08-19 14:33:49,025 - unified_parser_with_gcp - INFO - Parsing tables with OSS libraries...
2025-08-19 14:33:49,026 - unified_parser_with_gcp - INFO - Building consensus from all extraction methods...
2025-08-19 14:33:49,026 - unified_parser_with_gcp - INFO - Validating consistency...
2025-08-19 14:33:49,026 - unified_parser_with_gcp - INFO - Applying Ontario-specific rules...
2025-08-19 14:33:49,026 - automated_form_processor - INFO - Extracted 0 fields using unified parser
2025-08-19 14:33:49,026 - automated_form_processor - INFO - Saved 0 fields to /Users/draw/development/docassemble/docassemble_webapp/docassemble/webapp/data/questions/ontario-family-law/utilities/workflow_output/parsed_data/csv/form_14A_fields.csv
2025-08-19 14:33:49,026 - automated_form_processor - INFO - Generated YAML interview: /Users/draw/development/docassemble/docassemble_webapp/docassemble/webapp/data/questions/ontario-family-law/utilities/workflow_output/parsed_data/yaml/form_14A_interview.yml
2025-08-19 14:33:49,027 - automated_form_processor - INFO - ✓ Successfully processed Form 14A
2025-08-19 14:33:49,027 - automated_form_processor - INFO - Processing Form 14B: 0921-en
2025-08-19 14:33:49,027 - automated_form_processor - INFO - Found form file: /Users/draw/development/docassemble/docassemble_webapp/docassemble/webapp/data/questions/ontario-family-law/utilities/workflow_output/parsed_data/downloads/form_14b_-_motion_form_flr-14b-0921-en.docx
2025-08-19 14:33:49,027 - automated_form_processor - INFO - Extracting fields from /Users/draw/development/docassemble/docassemble_webapp/docassemble/webapp/data/questions/ontario-family-law/utilities/workflow_output/parsed_data/downloads/form_14b_-_motion_form_flr-14b-0921-en.docx
2025-08-19 14:33:49,027 - unified_parser_with_gcp - INFO - Starting comprehensive parsing of form_14b_-_motion_form_flr-14b-0921-en.docx
2025-08-19 14:33:49,027 - unified_parser_with_gcp - INFO - Parsing with OSS native libraries...
2025-08-19 14:33:49,079 - unified_parser_with_gcp - INFO - Parsing tables with OSS libraries...
2025-08-19 14:33:49,079 - unified_parser_with_gcp - INFO - Building consensus from all extraction methods...
2025-08-19 14:33:49,079 - unified_parser_with_gcp - INFO - Validating consistency...
2025-08-19 14:33:49,079 - unified_parser_with_gcp - INFO - Applying Ontario-specific rules...
2025-08-19 14:33:49,079 - automated_form_processor - INFO - Extracted 28 fields using unified parser
2025-08-19 14:33:49,080 - automated_form_processor - INFO - Saved 28 fields to /Users/draw/development/docassemble/docassemble_webapp/docassemble/webapp/data/questions/ontario-family-law/utilities/workflow_output/parsed_data/csv/form_14B_fields.csv
2025-08-19 14:33:49,082 - automated_form_processor - INFO - Generated YAML interview: /Users/draw/development/docassemble/docassemble_webapp/docassemble/webapp/data/questions/ontario-family-law/utilities/workflow_output/parsed_data/yaml/form_14B_interview.yml
2025-08-19 14:33:49,083 - automated_form_processor - INFO - ✓ Successfully processed Form 14B
2025-08-19 14:33:49,083 - automated_form_processor - INFO - Processing Form 14C: sep24-en-fil
2025-08-19 14:33:49,083 - automated_form_processor - INFO - Found form file: /Users/draw/development/docassemble/docassemble_webapp/docassemble/webapp/data/questions/ontario-family-law/utilities/workflow_output/parsed_data/downloads/form_14c_-_confirmation_motion_flr-14c-sep24-en-fil.docx
2025-08-19 14:33:49,083 - automated_form_processor - INFO - Extracting fields from /Users/draw/development/docassemble/docassemble_webapp/docassemble/webapp/data/questions/ontario-family-law/utilities/workflow_output/parsed_data/downloads/form_14c_-_confirmation_motion_flr-14c-sep24-en-fil.docx
2025-08-19 14:33:49,083 - unified_parser_with_gcp - INFO - Starting comprehensive parsing of form_14c_-_confirmation_motion_flr-14c-sep24-en-fil.docx
2025-08-19 14:33:49,084 - unified_parser_with_gcp - INFO - Parsing with OSS native libraries...
2025-08-19 14:33:49,195 - unified_parser_with_gcp - INFO - Parsing tables with OSS libraries...
2025-08-19 14:33:49,195 - unified_parser_with_gcp - INFO - Building consensus from all extraction methods...
2025-08-19 14:33:49,195 - unified_parser_with_gcp - INFO - Validating consistency...
2025-08-19 14:33:49,195 - unified_parser_with_gcp - INFO - Applying Ontario-specific rules...
2025-08-19 14:33:49,195 - automated_form_processor - INFO - Extracted 39 fields using unified parser
2025-08-19 14:33:49,196 - automated_form_processor - INFO - Saved 39 fields to /Users/draw/development/docassemble/docassemble_webapp/docassemble/webapp/data/questions/ontario-family-law/utilities/workflow_output/parsed_data/csv/form_14C_fields.csv
2025-08-19 14:33:49,199 - automated_form_processor - INFO - Generated YAML interview: /Users/draw/development/docassemble/docassemble_webapp/docassemble/webapp/data/questions/ontario-family-law/utilities/workflow_output/parsed_data/yaml/form_14C_interview.yml
2025-08-19 14:33:49,200 - automated_form_processor - INFO - ✓ Successfully processed Form 14C
2025-08-19 14:33:49,200 - automated_form_processor - INFO - Processing Form 14D: e
2025-08-19 14:33:49,201 - automated_form_processor - ERROR - Could not find form file for Form 14D in /Users/draw/development/docassemble/docassemble_webapp/docassemble/webapp/data/questions/ontario-family-law/utilities/workflow_output/parsed_data/downloads
2025-08-19 14:33:49,201 - automated_form_processor - INFO - Expected filename: form_14d.pdf
2025-08-19 14:33:49,201 - automated_form_processor - INFO - Available files: ['form_25c_-_adoption_order_flr-25c-may25-en-fil.docx', 'form_37_-_interjurisdictional_support_order_flr-37-apr24-en-fil.docx', 'form_10_-_answer_flr-10-jun25-en-fil.docx', 'form_29_-_request_garnishment_flr-29-apr16-en-fil.docx', 'form_10a_-_reply_flr-10a-e.pdf']...
2025-08-19 14:33:49,201 - automated_form_processor - INFO - Extracting fields from /Users/draw/development/docassemble/docassemble_webapp/docassemble/webapp/data/questions/ontario-family-law/utilities/workflow_output/parsed_data/downloads/form_14d.pdf
2025-08-19 14:33:49,201 - unified_parser_with_gcp - INFO - Starting comprehensive parsing of form_14d.pdf
2025-08-19 14:33:49,201 - unified_parser_with_gcp - INFO - Parsing with OSS native libraries...
2025-08-19 14:33:49,201 - unified_parser_with_gcp - INFO - Parsing tables with OSS libraries...
2025-08-19 14:33:49,201 - unified_parser_with_gcp - INFO - Building consensus from all extraction methods...
2025-08-19 14:33:49,201 - unified_parser_with_gcp - INFO - Validating consistency...
2025-08-19 14:33:49,201 - unified_parser_with_gcp - INFO - Applying Ontario-specific rules...
2025-08-19 14:33:49,201 - automated_form_processor - INFO - Extracted 0 fields using unified parser
2025-08-19 14:33:49,201 - automated_form_processor - INFO - Saved 0 fields to /Users/draw/development/docassemble/docassemble_webapp/docassemble/webapp/data/questions/ontario-family-law/utilities/workflow_output/parsed_data/csv/form_14D_fields.csv
2025-08-19 14:33:49,202 - automated_form_processor - INFO - Generated YAML interview: /Users/draw/development/docassemble/docassemble_webapp/docassemble/webapp/data/questions/ontario-family-law/utilities/workflow_output/parsed_data/yaml/form_14D_interview.yml
2025-08-19 14:33:49,202 - automated_form_processor - INFO - ✓ Successfully processed Form 14D
2025-08-19 14:33:49,203 - automated_form_processor - INFO - Processing Form 15: 0921-en
2025-08-19 14:33:49,203 - automated_form_processor - INFO - Found form file: /Users/draw/development/docassemble/docassemble_webapp/docassemble/webapp/data/questions/ontario-family-law/utilities/workflow_output/parsed_data/downloads/form_15_-_motion_to_change_flr-15-0921-en.docx
2025-08-19 14:33:49,203 - automated_form_processor - INFO - Extracting fields from /Users/draw/development/docassemble/docassemble_webapp/docassemble/webapp/data/questions/ontario-family-law/utilities/workflow_output/parsed_data/downloads/form_15_-_motion_to_change_flr-15-0921-en.docx
2025-08-19 14:33:49,203 - unified_parser_with_gcp - INFO - Starting comprehensive parsing of form_15_-_motion_to_change_flr-15-0921-en.docx
2025-08-19 14:33:49,203 - unified_parser_with_gcp - INFO - Parsing with OSS native libraries...
2025-08-19 14:33:49,424 - unified_parser_with_gcp - INFO - Parsing tables with OSS libraries...
2025-08-19 14:33:49,424 - unified_parser_with_gcp - INFO - Building consensus from all extraction methods...
2025-08-19 14:33:49,425 - unified_parser_with_gcp - INFO - Validating consistency...
2025-08-19 14:33:49,425 - unified_parser_with_gcp - INFO - Applying Ontario-specific rules...
2025-08-19 14:33:49,426 - automated_form_processor - INFO - Extracted 121 fields using unified parser
2025-08-19 14:33:49,427 - automated_form_processor - INFO - Saved 121 fields to /Users/draw/development/docassemble/docassemble_webapp/docassemble/webapp/data/questions/ontario-family-law/utilities/workflow_output/parsed_data/csv/form_15_fields.csv
2025-08-19 14:33:49,438 - automated_form_processor - INFO - Generated YAML interview: /Users/draw/development/docassemble/docassemble_webapp/docassemble/webapp/data/questions/ontario-family-law/utilities/workflow_output/parsed_data/yaml/form_15_interview.yml
2025-08-19 14:33:49,439 - automated_form_processor - INFO - ✓ Successfully processed Form 15
2025-08-19 14:33:49,440 - automated_form_processor - INFO - Processing Form 15B: form-15b-en-dec20
2025-08-19 14:33:49,440 - automated_form_processor - INFO - Found form file: /Users/draw/development/docassemble/docassemble_webapp/docassemble/webapp/data/questions/ontario-family-law/utilities/workflow_output/parsed_data/downloads/form_15b_-_response_motion_to_change_form-15b-en-dec20.docx
2025-08-19 14:33:49,440 - automated_form_processor - INFO - Extracting fields from /Users/draw/development/docassemble/docassemble_webapp/docassemble/webapp/data/questions/ontario-family-law/utilities/workflow_output/parsed_data/downloads/form_15b_-_response_motion_to_change_form-15b-en-dec20.docx
2025-08-19 14:33:49,440 - unified_parser_with_gcp - INFO - Starting comprehensive parsing of form_15b_-_response_motion_to_change_form-15b-en-dec20.docx
2025-08-19 14:33:49,440 - unified_parser_with_gcp - INFO - Parsing with OSS native libraries...
2025-08-19 14:33:49,662 - unified_parser_with_gcp - INFO - Parsing tables with OSS libraries...
2025-08-19 14:33:49,662 - unified_parser_with_gcp - INFO - Building consensus from all extraction methods...
2025-08-19 14:33:49,663 - unified_parser_with_gcp - INFO - Validating consistency...
2025-08-19 14:33:49,663 - unified_parser_with_gcp - INFO - Applying Ontario-specific rules...
2025-08-19 14:33:49,663 - automated_form_processor - INFO - Extracted 97 fields using unified parser
2025-08-19 14:33:49,664 - automated_form_processor - INFO - Saved 97 fields to /Users/draw/development/docassemble/docassemble_webapp/docassemble/webapp/data/questions/ontario-family-law/utilities/workflow_output/parsed_data/csv/form_15B_fields.csv
2025-08-19 14:33:49,674 - automated_form_processor - INFO - Generated YAML interview: /Users/draw/development/docassemble/docassemble_webapp/docassemble/webapp/data/questions/ontario-family-law/utilities/workflow_output/parsed_data/yaml/form_15B_interview.yml
2025-08-19 14:33:49,675 - automated_form_processor - INFO - ✓ Successfully processed Form 15B
2025-08-19 14:33:49,676 - automated_form_processor - INFO - Processing Form 15C: form-15c-en-dec20
2025-08-19 14:33:49,676 - automated_form_processor - INFO - Found form file: /Users/draw/development/docassemble/docassemble_webapp/docassemble/webapp/data/questions/ontario-family-law/utilities/workflow_output/parsed_data/downloads/form_15c_-_consent_motion_to_change_form-15c-en-dec20.docx
2025-08-19 14:33:49,676 - automated_form_processor - INFO - Extracting fields from /Users/draw/development/docassemble/docassemble_webapp/docassemble/webapp/data/questions/ontario-family-law/utilities/workflow_output/parsed_data/downloads/form_15c_-_consent_motion_to_change_form-15c-en-dec20.docx
2025-08-19 14:33:49,676 - unified_parser_with_gcp - INFO - Starting comprehensive parsing of form_15c_-_consent_motion_to_change_form-15c-en-dec20.docx
2025-08-19 14:33:49,676 - unified_parser_with_gcp - INFO - Parsing with OSS native libraries...
2025-08-19 14:33:50,082 - unified_parser_with_gcp - INFO - Parsing tables with OSS libraries...
2025-08-19 14:33:50,082 - unified_parser_with_gcp - INFO - Building consensus from all extraction methods...
2025-08-19 14:33:50,083 - unified_parser_with_gcp - INFO - Validating consistency...
2025-08-19 14:33:50,083 - unified_parser_with_gcp - INFO - Applying Ontario-specific rules...
2025-08-19 14:33:50,084 - automated_form_processor - INFO - Extracted 105 fields using unified parser
2025-08-19 14:33:50,085 - automated_form_processor - INFO - Saved 105 fields to /Users/draw/development/docassemble/docassemble_webapp/docassemble/webapp/data/questions/ontario-family-law/utilities/workflow_output/parsed_data/csv/form_15C_fields.csv
2025-08-19 14:33:50,094 - automated_form_processor - INFO - Generated YAML interview: /Users/draw/development/docassemble/docassemble_webapp/docassemble/webapp/data/questions/ontario-family-law/utilities/workflow_output/parsed_data/yaml/form_15C_interview.yml
2025-08-19 14:33:50,095 - automated_form_processor - INFO - ✓ Successfully processed Form 15C
2025-08-19 14:33:50,095 - automated_form_processor - INFO - Processing Form 15D: form-15d-en-dec20
2025-08-19 14:33:50,096 - automated_form_processor - ERROR - Could not find form file for Form 15D in /Users/draw/development/docassemble/docassemble_webapp/docassemble/webapp/data/questions/ontario-family-law/utilities/workflow_output/parsed_data/downloads
2025-08-19 14:33:50,096 - automated_form_processor - INFO - Expected filename: form_15d.pdf
2025-08-19 14:33:50,096 - automated_form_processor - INFO - Available files: ['form_25c_-_adoption_order_flr-25c-may25-en-fil.docx', 'form_37_-_interjurisdictional_support_order_flr-37-apr24-en-fil.docx', 'form_10_-_answer_flr-10-jun25-en-fil.docx', 'form_29_-_request_garnishment_flr-29-apr16-en-fil.docx', 'form_10a_-_reply_flr-10a-e.pdf']...
2025-08-19 14:33:50,096 - automated_form_processor - INFO - Extracting fields from /Users/draw/development/docassemble/docassemble_webapp/docassemble/webapp/data/questions/ontario-family-law/utilities/workflow_output/parsed_data/downloads/form_15d.pdf
2025-08-19 14:33:50,096 - unified_parser_with_gcp - INFO - Starting comprehensive parsing of form_15d.pdf
2025-08-19 14:33:50,096 - unified_parser_with_gcp - INFO - Parsing with OSS native libraries...
2025-08-19 14:33:50,096 - unified_parser_with_gcp - INFO - Parsing tables with OSS libraries...
2025-08-19 14:33:50,096 - unified_parser_with_gcp - INFO - Building consensus from all extraction methods...
2025-08-19 14:33:50,096 - unified_parser_with_gcp - INFO - Validating consistency...
2025-08-19 14:33:50,096 - unified_parser_with_gcp - INFO - Applying Ontario-specific rules...
2025-08-19 14:33:50,096 - automated_form_processor - INFO - Extracted 0 fields using unified parser
2025-08-19 14:33:50,096 - automated_form_processor - INFO - Saved 0 fields to /Users/draw/development/docassemble/docassemble_webapp/docassemble/webapp/data/questions/ontario-family-law/utilities/workflow_output/parsed_data/csv/form_15D_fields.csv
2025-08-19 14:33:50,097 - automated_form_processor - INFO - Generated YAML interview: /Users/draw/development/docassemble/docassemble_webapp/docassemble/webapp/data/questions/ontario-family-law/utilities/workflow_output/parsed_data/yaml/form_15D_interview.yml
2025-08-19 14:33:50,097 - automated_form_processor - INFO - ✓ Successfully processed Form 15D
2025-08-19 14:33:50,098 - automated_form_processor - INFO - Processing Form 17: nov18-en-fil
2025-08-19 14:33:50,098 - automated_form_processor - INFO - Found form file: /Users/draw/development/docassemble/docassemble_webapp/docassemble/webapp/data/questions/ontario-family-law/utilities/workflow_output/parsed_data/downloads/form_17a_-_case_conference_brief_flr-17a-sep23-en.docx
2025-08-19 14:33:50,098 - automated_form_processor - INFO - Extracting fields from /Users/draw/development/docassemble/docassemble_webapp/docassemble/webapp/data/questions/ontario-family-law/utilities/workflow_output/parsed_data/downloads/form_17a_-_case_conference_brief_flr-17a-sep23-en.docx
2025-08-19 14:33:50,098 - unified_parser_with_gcp - INFO - Starting comprehensive parsing of form_17a_-_case_conference_brief_flr-17a-sep23-en.docx
2025-08-19 14:33:50,098 - unified_parser_with_gcp - INFO - Parsing with OSS native libraries...
2025-08-19 14:33:50,262 - unified_parser_with_gcp - INFO - Parsing tables with OSS libraries...
2025-08-19 14:33:50,262 - unified_parser_with_gcp - INFO - Building consensus from all extraction methods...
2025-08-19 14:33:50,263 - unified_parser_with_gcp - INFO - Validating consistency...
2025-08-19 14:33:50,263 - unified_parser_with_gcp - INFO - Applying Ontario-specific rules...
2025-08-19 14:33:50,282 - automated_form_processor - INFO - Extracted 66 fields using unified parser
2025-08-19 14:33:50,283 - automated_form_processor - INFO - Saved 66 fields to /Users/draw/development/docassemble/docassemble_webapp/docassemble/webapp/data/questions/ontario-family-law/utilities/workflow_output/parsed_data/csv/form_17_fields.csv
2025-08-19 14:33:50,289 - automated_form_processor - INFO - Generated YAML interview: /Users/draw/development/docassemble/docassemble_webapp/docassemble/webapp/data/questions/ontario-family-law/utilities/workflow_output/parsed_data/yaml/form_17_interview.yml
2025-08-19 14:33:50,289 - automated_form_processor - INFO - ✓ Successfully processed Form 17
2025-08-19 14:33:50,290 - automated_form_processor - INFO - Processing Form 17A: sep23-en
2025-08-19 14:33:50,290 - automated_form_processor - INFO - Found form file: /Users/draw/development/docassemble/docassemble_webapp/docassemble/webapp/data/questions/ontario-family-law/utilities/workflow_output/parsed_data/downloads/form_17a_-_case_conference_brief_flr-17a-sep23-en.docx
2025-08-19 14:33:50,290 - automated_form_processor - INFO - Extracting fields from /Users/draw/development/docassemble/docassemble_webapp/docassemble/webapp/data/questions/ontario-family-law/utilities/workflow_output/parsed_data/downloads/form_17a_-_case_conference_brief_flr-17a-sep23-en.docx
2025-08-19 14:33:50,290 - unified_parser_with_gcp - INFO - Starting comprehensive parsing of form_17a_-_case_conference_brief_flr-17a-sep23-en.docx
2025-08-19 14:33:50,290 - unified_parser_with_gcp - INFO - Parsing with OSS native libraries...
2025-08-19 14:33:50,453 - unified_parser_with_gcp - INFO - Parsing tables with OSS libraries...
2025-08-19 14:33:50,453 - unified_parser_with_gcp - INFO - Building consensus from all extraction methods...
2025-08-19 14:33:50,454 - unified_parser_with_gcp - INFO - Validating consistency...
2025-08-19 14:33:50,454 - unified_parser_with_gcp - INFO - Applying Ontario-specific rules...
2025-08-19 14:33:50,485 - automated_form_processor - INFO - Extracted 66 fields using unified parser
2025-08-19 14:33:50,486 - automated_form_processor - INFO - Saved 66 fields to /Users/draw/development/docassemble/docassemble_webapp/docassemble/webapp/data/questions/ontario-family-law/utilities/workflow_output/parsed_data/csv/form_17A_fields.csv
2025-08-19 14:33:50,491 - automated_form_processor - INFO - Generated YAML interview: /Users/draw/development/docassemble/docassemble_webapp/docassemble/webapp/data/questions/ontario-family-law/utilities/workflow_output/parsed_data/yaml/form_17A_interview.yml
2025-08-19 14:33:50,492 - automated_form_processor - INFO - ✓ Successfully processed Form 17A
2025-08-19 14:33:50,492 - automated_form_processor - INFO - Processing Form 17B: form_17b_2018
2025-08-19 14:33:50,493 - automated_form_processor - ERROR - Could not find form file for Form 17B in /Users/draw/development/docassemble/docassemble_webapp/docassemble/webapp/data/questions/ontario-family-law/utilities/workflow_output/parsed_data/downloads
2025-08-19 14:33:50,493 - automated_form_processor - INFO - Expected filename: form_17b.pdf
2025-08-19 14:33:50,493 - automated_form_processor - INFO - Available files: ['form_25c_-_adoption_order_flr-25c-may25-en-fil.docx', 'form_37_-_interjurisdictional_support_order_flr-37-apr24-en-fil.docx', 'form_10_-_answer_flr-10-jun25-en-fil.docx', 'form_29_-_request_garnishment_flr-29-apr16-en-fil.docx', 'form_10a_-_reply_flr-10a-e.pdf']...
2025-08-19 14:33:50,493 - automated_form_processor - INFO - Extracting fields from /Users/draw/development/docassemble/docassemble_webapp/docassemble/webapp/data/questions/ontario-family-law/utilities/workflow_output/parsed_data/downloads/form_17b.pdf
2025-08-19 14:33:50,493 - unified_parser_with_gcp - INFO - Starting comprehensive parsing of form_17b.pdf
2025-08-19 14:33:50,493 - unified_parser_with_gcp - INFO - Parsing with OSS native libraries...
2025-08-19 14:33:50,493 - unified_parser_with_gcp - INFO - Parsing tables with OSS libraries...
2025-08-19 14:33:50,493 - unified_parser_with_gcp - INFO - Building consensus from all extraction methods...
2025-08-19 14:33:50,493 - unified_parser_with_gcp - INFO - Validating consistency...
2025-08-19 14:33:50,493 - unified_parser_with_gcp - INFO - Applying Ontario-specific rules...
2025-08-19 14:33:50,493 - automated_form_processor - INFO - Extracted 0 fields using unified parser
2025-08-19 14:33:50,493 - automated_form_processor - INFO - Saved 0 fields to /Users/draw/development/docassemble/docassemble_webapp/docassemble/webapp/data/questions/ontario-family-law/utilities/workflow_output/parsed_data/csv/form_17B_fields.csv
2025-08-19 14:33:50,494 - automated_form_processor - INFO - Generated YAML interview: /Users/draw/development/docassemble/docassemble_webapp/docassemble/webapp/data/questions/ontario-family-law/utilities/workflow_output/parsed_data/yaml/form_17B_interview.yml
2025-08-19 14:33:50,494 - automated_form_processor - INFO - ✓ Successfully processed Form 17B
2025-08-19 14:33:50,495 - automated_form_processor - INFO - Processing Form 17C: sep23-en
2025-08-19 14:33:50,495 - automated_form_processor - INFO - Found form file: /Users/draw/development/docassemble/docassemble_webapp/docassemble/webapp/data/questions/ontario-family-law/utilities/workflow_output/parsed_data/downloads/form_17c_-_settlement_conference_brief_flr-17c-sep23-en.docx
2025-08-19 14:33:50,495 - automated_form_processor - INFO - Extracting fields from /Users/draw/development/docassemble/docassemble_webapp/docassemble/webapp/data/questions/ontario-family-law/utilities/workflow_output/parsed_data/downloads/form_17c_-_settlement_conference_brief_flr-17c-sep23-en.docx
2025-08-19 14:33:50,495 - unified_parser_with_gcp - INFO - Starting comprehensive parsing of form_17c_-_settlement_conference_brief_flr-17c-sep23-en.docx
2025-08-19 14:33:50,495 - unified_parser_with_gcp - INFO - Parsing with OSS native libraries...
2025-08-19 14:33:50,654 - unified_parser_with_gcp - INFO - Parsing tables with OSS libraries...
2025-08-19 14:33:50,654 - unified_parser_with_gcp - INFO - Building consensus from all extraction methods...
2025-08-19 14:33:50,655 - unified_parser_with_gcp - INFO - Validating consistency...
2025-08-19 14:33:50,655 - unified_parser_with_gcp - INFO - Applying Ontario-specific rules...
2025-08-19 14:33:50,655 - automated_form_processor - INFO - Extracted 74 fields using unified parser
2025-08-19 14:33:50,656 - automated_form_processor - INFO - Saved 74 fields to /Users/draw/development/docassemble/docassemble_webapp/docassemble/webapp/data/questions/ontario-family-law/utilities/workflow_output/parsed_data/csv/form_17C_fields.csv
2025-08-19 14:33:50,663 - automated_form_processor - INFO - Generated YAML interview: /Users/draw/development/docassemble/docassemble_webapp/docassemble/webapp/data/questions/ontario-family-law/utilities/workflow_output/parsed_data/yaml/form_17C_interview.yml
2025-08-19 14:33:50,663 - automated_form_processor - INFO - ✓ Successfully processed Form 17C
2025-08-19 14:33:50,664 - automated_form_processor - INFO - Processing Form 17D: sep23-en
2025-08-19 14:33:50,664 - automated_form_processor - ERROR - Could not find form file for Form 17D in /Users/draw/development/docassemble/docassemble_webapp/docassemble/webapp/data/questions/ontario-family-law/utilities/workflow_output/parsed_data/downloads
2025-08-19 14:33:50,664 - automated_form_processor - INFO - Expected filename: form_17d.pdf
2025-08-19 14:33:50,665 - automated_form_processor - INFO - Available files: ['form_25c_-_adoption_order_flr-25c-may25-en-fil.docx', 'form_37_-_interjurisdictional_support_order_flr-37-apr24-en-fil.docx', 'form_10_-_answer_flr-10-jun25-en-fil.docx', 'form_29_-_request_garnishment_flr-29-apr16-en-fil.docx', 'form_10a_-_reply_flr-10a-e.pdf']...
2025-08-19 14:33:50,665 - automated_form_processor - INFO - Extracting fields from /Users/draw/development/docassemble/docassemble_webapp/docassemble/webapp/data/questions/ontario-family-law/utilities/workflow_output/parsed_data/downloads/form_17d.pdf
2025-08-19 14:33:50,665 - unified_parser_with_gcp - INFO - Starting comprehensive parsing of form_17d.pdf
2025-08-19 14:33:50,665 - unified_parser_with_gcp - INFO - Parsing with OSS native libraries...
2025-08-19 14:33:50,665 - unified_parser_with_gcp - INFO - Parsing tables with OSS libraries...
2025-08-19 14:33:50,665 - unified_parser_with_gcp - INFO - Building consensus from all extraction methods...
2025-08-19 14:33:50,665 - unified_parser_with_gcp - INFO - Validating consistency...
2025-08-19 14:33:50,665 - unified_parser_with_gcp - INFO - Applying Ontario-specific rules...
2025-08-19 14:33:50,665 - automated_form_processor - INFO - Extracted 0 fields using unified parser
2025-08-19 14:33:50,665 - automated_form_processor - INFO - Saved 0 fields to /Users/draw/development/docassemble/docassemble_webapp/docassemble/webapp/data/questions/ontario-family-law/utilities/workflow_output/parsed_data/csv/form_17D_fields.csv
2025-08-19 14:33:50,665 - automated_form_processor - INFO - Generated YAML interview: /Users/draw/development/docassemble/docassemble_webapp/docassemble/webapp/data/questions/ontario-family-law/utilities/workflow_output/parsed_data/yaml/form_17D_interview.yml
2025-08-19 14:33:50,666 - automated_form_processor - INFO - ✓ Successfully processed Form 17D
2025-08-19 14:33:50,667 - automated_form_processor - INFO - Processing Form 17E: sep23-en
2025-08-19 14:33:50,667 - automated_form_processor - ERROR - Could not find form file for Form 17E in /Users/draw/development/docassemble/docassemble_webapp/docassemble/webapp/data/questions/ontario-family-law/utilities/workflow_output/parsed_data/downloads
2025-08-19 14:33:50,667 - automated_form_processor - INFO - Expected filename: form_17e.pdf
2025-08-19 14:33:50,667 - automated_form_processor - INFO - Available files: ['form_25c_-_adoption_order_flr-25c-may25-en-fil.docx', 'form_37_-_interjurisdictional_support_order_flr-37-apr24-en-fil.docx', 'form_10_-_answer_flr-10-jun25-en-fil.docx', 'form_29_-_request_garnishment_flr-29-apr16-en-fil.docx', 'form_10a_-_reply_flr-10a-e.pdf']...
2025-08-19 14:33:50,667 - automated_form_processor - INFO - Extracting fields from /Users/draw/development/docassemble/docassemble_webapp/docassemble/webapp/data/questions/ontario-family-law/utilities/workflow_output/parsed_data/downloads/form_17e.pdf
2025-08-19 14:33:50,667 - unified_parser_with_gcp - INFO - Starting comprehensive parsing of form_17e.pdf
2025-08-19 14:33:50,667 - unified_parser_with_gcp - INFO - Parsing with OSS native libraries...
2025-08-19 14:33:50,667 - unified_parser_with_gcp - INFO - Parsing tables with OSS libraries...
2025-08-19 14:33:50,667 - unified_parser_with_gcp - INFO - Building consensus from all extraction methods...
2025-08-19 14:33:50,668 - unified_parser_with_gcp - INFO - Validating consistency...
2025-08-19 14:33:50,668 - unified_parser_with_gcp - INFO - Applying Ontario-specific rules...
2025-08-19 14:33:50,668 - automated_form_processor - INFO - Extracted 0 fields using unified parser
2025-08-19 14:33:50,668 - automated_form_processor - INFO - Saved 0 fields to /Users/draw/development/docassemble/docassemble_webapp/docassemble/webapp/data/questions/ontario-family-law/utilities/workflow_output/parsed_data/csv/form_17E_fields.csv
2025-08-19 14:33:50,668 - automated_form_processor - INFO - Generated YAML interview: /Users/draw/development/docassemble/docassemble_webapp/docassemble/webapp/data/questions/ontario-family-law/utilities/workflow_output/parsed_data/yaml/form_17E_interview.yml
2025-08-19 14:33:50,669 - automated_form_processor - INFO - ✓ Successfully processed Form 17E
2025-08-19 14:33:50,669 - automated_form_processor - INFO - Processing Form 17F: sep24-en-fil
2025-08-19 14:33:50,669 - automated_form_processor - INFO - Found form file: /Users/draw/development/docassemble/docassemble_webapp/docassemble/webapp/data/questions/ontario-family-law/utilities/workflow_output/parsed_data/downloads/form_17f_-_confirmation_conference_flr-17f-sep24-en-fil.docx
2025-08-19 14:33:50,669 - automated_form_processor - INFO - Extracting fields from /Users/draw/development/docassemble/docassemble_webapp/docassemble/webapp/data/questions/ontario-family-law/utilities/workflow_output/parsed_data/downloads/form_17f_-_confirmation_conference_flr-17f-sep24-en-fil.docx
2025-08-19 14:33:50,669 - unified_parser_with_gcp - INFO - Starting comprehensive parsing of form_17f_-_confirmation_conference_flr-17f-sep24-en-fil.docx
2025-08-19 14:33:50,669 - unified_parser_with_gcp - INFO - Parsing with OSS native libraries...
2025-08-19 14:33:50,796 - unified_parser_with_gcp - INFO - Parsing tables with OSS libraries...
2025-08-19 14:33:50,797 - unified_parser_with_gcp - INFO - Building consensus from all extraction methods...
2025-08-19 14:33:50,797 - unified_parser_with_gcp - INFO - Validating consistency...
2025-08-19 14:33:50,797 - unified_parser_with_gcp - INFO - Applying Ontario-specific rules...
2025-08-19 14:33:50,797 - automated_form_processor - INFO - Extracted 42 fields using unified parser
2025-08-19 14:33:50,798 - automated_form_processor - INFO - Saved 42 fields to /Users/draw/development/docassemble/docassemble_webapp/docassemble/webapp/data/questions/ontario-family-law/utilities/workflow_output/parsed_data/csv/form_17F_fields.csv
2025-08-19 14:33:50,801 - automated_form_processor - INFO - Generated YAML interview: /Users/draw/development/docassemble/docassemble_webapp/docassemble/webapp/data/questions/ontario-family-law/utilities/workflow_output/parsed_data/yaml/form_17F_interview.yml
2025-08-19 14:33:50,802 - automated_form_processor - INFO - ✓ Successfully processed Form 17F
2025-08-19 14:33:50,803 - automated_form_processor - INFO - Processing Form 17G: may21-en-fil
2025-08-19 14:33:50,803 - automated_form_processor - ERROR - Could not find form file for Form 17G in /Users/draw/development/docassemble/docassemble_webapp/docassemble/webapp/data/questions/ontario-family-law/utilities/workflow_output/parsed_data/downloads
2025-08-19 14:33:50,803 - automated_form_processor - INFO - Expected filename: form_17g.pdf
2025-08-19 14:33:50,804 - automated_form_processor - INFO - Available files: ['form_25c_-_adoption_order_flr-25c-may25-en-fil.docx', 'form_37_-_interjurisdictional_support_order_flr-37-apr24-en-fil.docx', 'form_10_-_answer_flr-10-jun25-en-fil.docx', 'form_29_-_request_garnishment_flr-29-apr16-en-fil.docx', 'form_10a_-_reply_flr-10a-e.pdf']...
2025-08-19 14:33:50,804 - automated_form_processor - INFO - Extracting fields from /Users/draw/development/docassemble/docassemble_webapp/docassemble/webapp/data/questions/ontario-family-law/utilities/workflow_output/parsed_data/downloads/form_17g.pdf
2025-08-19 14:33:50,804 - unified_parser_with_gcp - INFO - Starting comprehensive parsing of form_17g.pdf
2025-08-19 14:33:50,804 - unified_parser_with_gcp - INFO - Parsing with OSS native libraries...
2025-08-19 14:33:50,804 - unified_parser_with_gcp - INFO - Parsing tables with OSS libraries...
2025-08-19 14:33:50,804 - unified_parser_with_gcp - INFO - Building consensus from all extraction methods...
2025-08-19 14:33:50,804 - unified_parser_with_gcp - INFO - Validating consistency...
2025-08-19 14:33:50,804 - unified_parser_with_gcp - INFO - Applying Ontario-specific rules...
2025-08-19 14:33:50,804 - automated_form_processor - INFO - Extracted 0 fields using unified parser
2025-08-19 14:33:50,804 - automated_form_processor - INFO - Saved 0 fields to /Users/draw/development/docassemble/docassemble_webapp/docassemble/webapp/data/questions/ontario-family-law/utilities/workflow_output/parsed_data/csv/form_17G_fields.csv
2025-08-19 14:33:50,804 - automated_form_processor - INFO - Generated YAML interview: /Users/draw/development/docassemble/docassemble_webapp/docassemble/webapp/data/questions/ontario-family-law/utilities/workflow_output/parsed_data/yaml/form_17G_interview.yml
2025-08-19 14:33:50,805 - automated_form_processor - INFO - ✓ Successfully processed Form 17G
2025-08-19 14:33:50,805 - automated_form_processor - INFO - Processing Form 20: e
2025-08-19 14:33:50,806 - automated_form_processor - INFO - Found form file: /Users/draw/development/docassemble/docassemble_webapp/docassemble/webapp/data/questions/ontario-family-law/utilities/workflow_output/parsed_data/downloads/form_25d_-_order_uncontested_trial_form-25d-en-dec20.docx
2025-08-19 14:33:50,806 - automated_form_processor - INFO - Extracting fields from /Users/draw/development/docassemble/docassemble_webapp/docassemble/webapp/data/questions/ontario-family-law/utilities/workflow_output/parsed_data/downloads/form_25d_-_order_uncontested_trial_form-25d-en-dec20.docx
2025-08-19 14:33:50,806 - unified_parser_with_gcp - INFO - Starting comprehensive parsing of form_25d_-_order_uncontested_trial_form-25d-en-dec20.docx
2025-08-19 14:33:50,806 - unified_parser_with_gcp - INFO - Parsing with OSS native libraries...
2025-08-19 14:33:51,090 - unified_parser_with_gcp - INFO - Parsing tables with OSS libraries...
2025-08-19 14:33:51,090 - unified_parser_with_gcp - INFO - Building consensus from all extraction methods...
2025-08-19 14:33:51,091 - unified_parser_with_gcp - INFO - Validating consistency...
2025-08-19 14:33:51,091 - unified_parser_with_gcp - INFO - Applying Ontario-specific rules...
2025-08-19 14:33:51,092 - automated_form_processor - INFO - Extracted 86 fields using unified parser
2025-08-19 14:33:51,093 - automated_form_processor - INFO - Saved 86 fields to /Users/draw/development/docassemble/docassemble_webapp/docassemble/webapp/data/questions/ontario-family-law/utilities/workflow_output/parsed_data/csv/form_20_fields.csv
2025-08-19 14:33:51,099 - automated_form_processor - INFO - Generated YAML interview: /Users/draw/development/docassemble/docassemble_webapp/docassemble/webapp/data/questions/ontario-family-law/utilities/workflow_output/parsed_data/yaml/form_20_interview.yml
2025-08-19 14:33:51,100 - automated_form_processor - INFO - ✓ Successfully processed Form 20
2025-08-19 14:33:51,100 - automated_form_processor - INFO - Processing Form 20A: e
2025-08-19 14:33:51,101 - automated_form_processor - ERROR - Could not find form file for Form 20A in /Users/draw/development/docassemble/docassemble_webapp/docassemble/webapp/data/questions/ontario-family-law/utilities/workflow_output/parsed_data/downloads
2025-08-19 14:33:51,101 - automated_form_processor - INFO - Expected filename: form_20a.pdf
2025-08-19 14:33:51,101 - automated_form_processor - INFO - Available files: ['form_25c_-_adoption_order_flr-25c-may25-en-fil.docx', 'form_37_-_interjurisdictional_support_order_flr-37-apr24-en-fil.docx', 'form_10_-_answer_flr-10-jun25-en-fil.docx', 'form_29_-_request_garnishment_flr-29-apr16-en-fil.docx', 'form_10a_-_reply_flr-10a-e.pdf']...
2025-08-19 14:33:51,101 - automated_form_processor - INFO - Extracting fields from /Users/draw/development/docassemble/docassemble_webapp/docassemble/webapp/data/questions/ontario-family-law/utilities/workflow_output/parsed_data/downloads/form_20a.pdf
2025-08-19 14:33:51,101 - unified_parser_with_gcp - INFO - Starting comprehensive parsing of form_20a.pdf
2025-08-19 14:33:51,101 - unified_parser_with_gcp - INFO - Parsing with OSS native libraries...
2025-08-19 14:33:51,101 - unified_parser_with_gcp - INFO - Parsing tables with OSS libraries...
2025-08-19 14:33:51,101 - unified_parser_with_gcp - INFO - Building consensus from all extraction methods...
2025-08-19 14:33:51,101 - unified_parser_with_gcp - INFO - Validating consistency...
2025-08-19 14:33:51,101 - unified_parser_with_gcp - INFO - Applying Ontario-specific rules...
2025-08-19 14:33:51,101 - automated_form_processor - INFO - Extracted 0 fields using unified parser
2025-08-19 14:33:51,101 - automated_form_processor - INFO - Saved 0 fields to /Users/draw/development/docassemble/docassemble_webapp/docassemble/webapp/data/questions/ontario-family-law/utilities/workflow_output/parsed_data/csv/form_20A_fields.csv
2025-08-19 14:33:51,102 - automated_form_processor - INFO - Generated YAML interview: /Users/draw/development/docassemble/docassemble_webapp/docassemble/webapp/data/questions/ontario-family-law/utilities/workflow_output/parsed_data/yaml/form_20A_interview.yml
2025-08-19 14:33:51,102 - automated_form_processor - INFO - ✓ Successfully processed Form 20A
2025-08-19 14:33:51,103 - automated_form_processor - INFO - Processing Form 20B: e
2025-08-19 14:33:51,103 - automated_form_processor - ERROR - Could not find form file for Form 20B in /Users/draw/development/docassemble/docassemble_webapp/docassemble/webapp/data/questions/ontario-family-law/utilities/workflow_output/parsed_data/downloads
2025-08-19 14:33:51,103 - automated_form_processor - INFO - Expected filename: form_20b.pdf
2025-08-19 14:33:51,104 - automated_form_processor - INFO - Available files: ['form_25c_-_adoption_order_flr-25c-may25-en-fil.docx', 'form_37_-_interjurisdictional_support_order_flr-37-apr24-en-fil.docx', 'form_10_-_answer_flr-10-jun25-en-fil.docx', 'form_29_-_request_garnishment_flr-29-apr16-en-fil.docx', 'form_10a_-_reply_flr-10a-e.pdf']...
2025-08-19 14:33:51,104 - automated_form_processor - INFO - Extracting fields from /Users/draw/development/docassemble/docassemble_webapp/docassemble/webapp/data/questions/ontario-family-law/utilities/workflow_output/parsed_data/downloads/form_20b.pdf
2025-08-19 14:33:51,104 - unified_parser_with_gcp - INFO - Starting comprehensive parsing of form_20b.pdf
2025-08-19 14:33:51,104 - unified_parser_with_gcp - INFO - Parsing with OSS native libraries...
2025-08-19 14:33:51,104 - unified_parser_with_gcp - INFO - Parsing tables with OSS libraries...
2025-08-19 14:33:51,104 - unified_parser_with_gcp - INFO - Building consensus from all extraction methods...
2025-08-19 14:33:51,104 - unified_parser_with_gcp - INFO - Validating consistency...
2025-08-19 14:33:51,104 - unified_parser_with_gcp - INFO - Applying Ontario-specific rules...
2025-08-19 14:33:51,104 - automated_form_processor - INFO - Extracted 0 fields using unified parser
2025-08-19 14:33:51,104 - automated_form_processor - INFO - Saved 0 fields to /Users/draw/development/docassemble/docassemble_webapp/docassemble/webapp/data/questions/ontario-family-law/utilities/workflow_output/parsed_data/csv/form_20B_fields.csv
2025-08-19 14:33:51,104 - automated_form_processor - INFO - Generated YAML interview: /Users/draw/development/docassemble/docassemble_webapp/docassemble/webapp/data/questions/ontario-family-law/utilities/workflow_output/parsed_data/yaml/form_20B_interview.yml
2025-08-19 14:33:51,105 - automated_form_processor - INFO - ✓ Successfully processed Form 20B
2025-08-19 14:33:51,106 - automated_form_processor - INFO - Processing Form 22: e
2025-08-19 14:33:51,106 - automated_form_processor - INFO - Found form file: /Users/draw/development/docassemble/docassemble_webapp/docassemble/webapp/data/questions/ontario-family-law/utilities/workflow_output/parsed_data/downloads/form_8b_-_application_child_protection_form-8b-feb_1_2022-en.docx
2025-08-19 14:33:51,106 - automated_form_processor - INFO - Extracting fields from /Users/draw/development/docassemble/docassemble_webapp/docassemble/webapp/data/questions/ontario-family-law/utilities/workflow_output/parsed_data/downloads/form_8b_-_application_child_protection_form-8b-feb_1_2022-en.docx
2025-08-19 14:33:51,106 - unified_parser_with_gcp - INFO - Starting comprehensive parsing of form_8b_-_application_child_protection_form-8b-feb_1_2022-en.docx
2025-08-19 14:33:51,106 - unified_parser_with_gcp - INFO - Parsing with OSS native libraries...
2025-08-19 14:33:51,273 - unified_parser_with_gcp - INFO - Parsing tables with OSS libraries...
2025-08-19 14:33:51,273 - unified_parser_with_gcp - INFO - Building consensus from all extraction methods...
2025-08-19 14:33:51,273 - unified_parser_with_gcp - INFO - Validating consistency...
2025-08-19 14:33:51,273 - unified_parser_with_gcp - INFO - Applying Ontario-specific rules...
2025-08-19 14:33:51,274 - automated_form_processor - INFO - Extracted 90 fields using unified parser
2025-08-19 14:33:51,276 - automated_form_processor - INFO - Saved 90 fields to /Users/draw/development/docassemble/docassemble_webapp/docassemble/webapp/data/questions/ontario-family-law/utilities/workflow_output/parsed_data/csv/form_22_fields.csv
2025-08-19 14:33:51,287 - automated_form_processor - INFO - Generated YAML interview: /Users/draw/development/docassemble/docassemble_webapp/docassemble/webapp/data/questions/ontario-family-law/utilities/workflow_output/parsed_data/yaml/form_22_interview.yml
2025-08-19 14:33:51,288 - automated_form_processor - INFO - ✓ Successfully processed Form 22
2025-08-19 14:33:51,289 - automated_form_processor - INFO - Processing Form 22A: e
2025-08-19 14:33:51,289 - automated_form_processor - ERROR - Could not find form file for Form 22A in /Users/draw/development/docassemble/docassemble_webapp/docassemble/webapp/data/questions/ontario-family-law/utilities/workflow_output/parsed_data/downloads
2025-08-19 14:33:51,289 - automated_form_processor - INFO - Expected filename: form_22a.pdf
2025-08-19 14:33:51,290 - automated_form_processor - INFO - Available files: ['form_25c_-_adoption_order_flr-25c-may25-en-fil.docx', 'form_37_-_interjurisdictional_support_order_flr-37-apr24-en-fil.docx', 'form_10_-_answer_flr-10-jun25-en-fil.docx', 'form_29_-_request_garnishment_flr-29-apr16-en-fil.docx', 'form_10a_-_reply_flr-10a-e.pdf']...
2025-08-19 14:33:51,290 - automated_form_processor - INFO - Extracting fields from /Users/draw/development/docassemble/docassemble_webapp/docassemble/webapp/data/questions/ontario-family-law/utilities/workflow_output/parsed_data/downloads/form_22a.pdf
2025-08-19 14:33:51,290 - unified_parser_with_gcp - INFO - Starting comprehensive parsing of form_22a.pdf
2025-08-19 14:33:51,290 - unified_parser_with_gcp - INFO - Parsing with OSS native libraries...
2025-08-19 14:33:51,290 - unified_parser_with_gcp - INFO - Parsing tables with OSS libraries...
2025-08-19 14:33:51,290 - unified_parser_with_gcp - INFO - Building consensus from all extraction methods...
2025-08-19 14:33:51,290 - unified_parser_with_gcp - INFO - Validating consistency...
2025-08-19 14:33:51,290 - unified_parser_with_gcp - INFO - Applying Ontario-specific rules...
2025-08-19 14:33:51,290 - automated_form_processor - INFO - Extracted 0 fields using unified parser
2025-08-19 14:33:51,290 - automated_form_processor - INFO - Saved 0 fields to /Users/draw/development/docassemble/docassemble_webapp/docassemble/webapp/data/questions/ontario-family-law/utilities/workflow_output/parsed_data/csv/form_22A_fields.csv
2025-08-19 14:33:51,290 - automated_form_processor - INFO - Generated YAML interview: /Users/draw/development/docassemble/docassemble_webapp/docassemble/webapp/data/questions/ontario-family-law/utilities/workflow_output/parsed_data/yaml/form_22A_interview.yml
2025-08-19 14:33:51,291 - automated_form_processor - INFO - ✓ Successfully processed Form 22A
2025-08-19 14:33:51,292 - automated_form_processor - INFO - Processing Form 23: sep23-en
2025-08-19 14:33:51,292 - automated_form_processor - INFO - Found form file: /Users/draw/development/docassemble/docassemble_webapp/docassemble/webapp/data/questions/ontario-family-law/utilities/workflow_output/parsed_data/downloads/form_17a_-_case_conference_brief_flr-17a-sep23-en.docx
2025-08-19 14:33:51,292 - automated_form_processor - INFO - Extracting fields from /Users/draw/development/docassemble/docassemble_webapp/docassemble/webapp/data/questions/ontario-family-law/utilities/workflow_output/parsed_data/downloads/form_17a_-_case_conference_brief_flr-17a-sep23-en.docx
2025-08-19 14:33:51,292 - unified_parser_with_gcp - INFO - Starting comprehensive parsing of form_17a_-_case_conference_brief_flr-17a-sep23-en.docx
2025-08-19 14:33:51,292 - unified_parser_with_gcp - INFO - Parsing with OSS native libraries...
2025-08-19 14:33:51,455 - unified_parser_with_gcp - INFO - Parsing tables with OSS libraries...
2025-08-19 14:33:51,455 - unified_parser_with_gcp - INFO - Building consensus from all extraction methods...
2025-08-19 14:33:51,455 - unified_parser_with_gcp - INFO - Validating consistency...
2025-08-19 14:33:51,456 - unified_parser_with_gcp - INFO - Applying Ontario-specific rules...
2025-08-19 14:33:51,458 - automated_form_processor - INFO - Extracted 66 fields using unified parser
2025-08-19 14:33:51,458 - automated_form_processor - INFO - Saved 66 fields to /Users/draw/development/docassemble/docassemble_webapp/docassemble/webapp/data/questions/ontario-family-law/utilities/workflow_output/parsed_data/csv/form_23_fields.csv
2025-08-19 14:33:51,463 - automated_form_processor - INFO - Generated YAML interview: /Users/draw/development/docassemble/docassemble_webapp/docassemble/webapp/data/questions/ontario-family-law/utilities/workflow_output/parsed_data/yaml/form_23_interview.yml
2025-08-19 14:33:51,464 - automated_form_processor - INFO - ✓ Successfully processed Form 23
2025-08-19 14:33:51,465 - automated_form_processor - INFO - Processing Form 23A: sep23-en
2025-08-19 14:33:51,465 - automated_form_processor - ERROR - Could not find form file for Form 23A in /Users/draw/development/docassemble/docassemble_webapp/docassemble/webapp/data/questions/ontario-family-law/utilities/workflow_output/parsed_data/downloads
2025-08-19 14:33:51,465 - automated_form_processor - INFO - Expected filename: form_23a.pdf
2025-08-19 14:33:51,466 - automated_form_processor - INFO - Available files: ['form_25c_-_adoption_order_flr-25c-may25-en-fil.docx', 'form_37_-_interjurisdictional_support_order_flr-37-apr24-en-fil.docx', 'form_10_-_answer_flr-10-jun25-en-fil.docx', 'form_29_-_request_garnishment_flr-29-apr16-en-fil.docx', 'form_10a_-_reply_flr-10a-e.pdf']...
2025-08-19 14:33:51,466 - automated_form_processor - INFO - Extracting fields from /Users/draw/development/docassemble/docassemble_webapp/docassemble/webapp/data/questions/ontario-family-law/utilities/workflow_output/parsed_data/downloads/form_23a.pdf
2025-08-19 14:33:51,466 - unified_parser_with_gcp - INFO - Starting comprehensive parsing of form_23a.pdf
2025-08-19 14:33:51,466 - unified_parser_with_gcp - INFO - Parsing with OSS native libraries...
2025-08-19 14:33:51,466 - unified_parser_with_gcp - INFO - Parsing tables with OSS libraries...
2025-08-19 14:33:51,466 - unified_parser_with_gcp - INFO - Building consensus from all extraction methods...
2025-08-19 14:33:51,466 - unified_parser_with_gcp - INFO - Validating consistency...
2025-08-19 14:33:51,466 - unified_parser_with_gcp - INFO - Applying Ontario-specific rules...
2025-08-19 14:33:51,466 - automated_form_processor - INFO - Extracted 0 fields using unified parser
2025-08-19 14:33:51,466 - automated_form_processor - INFO - Saved 0 fields to /Users/draw/development/docassemble/docassemble_webapp/docassemble/webapp/data/questions/ontario-family-law/utilities/workflow_output/parsed_data/csv/form_23A_fields.csv
2025-08-19 14:33:51,466 - automated_form_processor - INFO - Generated YAML interview: /Users/draw/development/docassemble/docassemble_webapp/docassemble/webapp/data/questions/ontario-family-law/utilities/workflow_output/parsed_data/yaml/form_23A_interview.yml
2025-08-19 14:33:51,467 - automated_form_processor - INFO - ✓ Successfully processed Form 23A
2025-08-19 14:33:51,468 - automated_form_processor - INFO - Processing Form 23B: e
2025-08-19 14:33:51,468 - automated_form_processor - ERROR - Could not find form file for Form 23B in /Users/draw/development/docassemble/docassemble_webapp/docassemble/webapp/data/questions/ontario-family-law/utilities/workflow_output/parsed_data/downloads
2025-08-19 14:33:51,468 - automated_form_processor - INFO - Expected filename: form_23b.pdf
2025-08-19 14:33:51,468 - automated_form_processor - INFO - Available files: ['form_25c_-_adoption_order_flr-25c-may25-en-fil.docx', 'form_37_-_interjurisdictional_support_order_flr-37-apr24-en-fil.docx', 'form_10_-_answer_flr-10-jun25-en-fil.docx', 'form_29_-_request_garnishment_flr-29-apr16-en-fil.docx', 'form_10a_-_reply_flr-10a-e.pdf']...
2025-08-19 14:33:51,468 - automated_form_processor - INFO - Extracting fields from /Users/draw/development/docassemble/docassemble_webapp/docassemble/webapp/data/questions/ontario-family-law/utilities/workflow_output/parsed_data/downloads/form_23b.pdf
2025-08-19 14:33:51,468 - unified_parser_with_gcp - INFO - Starting comprehensive parsing of form_23b.pdf
2025-08-19 14:33:51,468 - unified_parser_with_gcp - INFO - Parsing with OSS native libraries...
2025-08-19 14:33:51,468 - unified_parser_with_gcp - INFO - Parsing tables with OSS libraries...
2025-08-19 14:33:51,468 - unified_parser_with_gcp - INFO - Building consensus from all extraction methods...
2025-08-19 14:33:51,468 - unified_parser_with_gcp - INFO - Validating consistency...
2025-08-19 14:33:51,468 - unified_parser_with_gcp - INFO - Applying Ontario-specific rules...
2025-08-19 14:33:51,469 - automated_form_processor - INFO - Extracted 0 fields using unified parser
2025-08-19 14:33:51,469 - automated_form_processor - INFO - Saved 0 fields to /Users/draw/development/docassemble/docassemble_webapp/docassemble/webapp/data/questions/ontario-family-law/utilities/workflow_output/parsed_data/csv/form_23B_fields.csv
2025-08-19 14:33:51,469 - automated_form_processor - INFO - Generated YAML interview: /Users/draw/development/docassemble/docassemble_webapp/docassemble/webapp/data/questions/ontario-family-law/utilities/workflow_output/parsed_data/yaml/form_23B_interview.yml
2025-08-19 14:33:51,469 - automated_form_processor - INFO - ✓ Successfully processed Form 23B
2025-08-19 14:33:51,470 - automated_form_processor - INFO - Processing Form 23C: form-23c-en-dec20
2025-08-19 14:33:51,470 - automated_form_processor - ERROR - Could not find form file for Form 23C in /Users/draw/development/docassemble/docassemble_webapp/docassemble/webapp/data/questions/ontario-family-law/utilities/workflow_output/parsed_data/downloads
2025-08-19 14:33:51,471 - automated_form_processor - INFO - Expected filename: form_23c.pdf
2025-08-19 14:33:51,471 - automated_form_processor - INFO - Available files: ['form_25c_-_adoption_order_flr-25c-may25-en-fil.docx', 'form_37_-_interjurisdictional_support_order_flr-37-apr24-en-fil.docx', 'form_10_-_answer_flr-10-jun25-en-fil.docx', 'form_29_-_request_garnishment_flr-29-apr16-en-fil.docx', 'form_10a_-_reply_flr-10a-e.pdf']...
2025-08-19 14:33:51,471 - automated_form_processor - INFO - Extracting fields from /Users/draw/development/docassemble/docassemble_webapp/docassemble/webapp/data/questions/ontario-family-law/utilities/workflow_output/parsed_data/downloads/form_23c.pdf
2025-08-19 14:33:51,471 - unified_parser_with_gcp - INFO - Starting comprehensive parsing of form_23c.pdf
2025-08-19 14:33:51,471 - unified_parser_with_gcp - INFO - Parsing with OSS native libraries...
2025-08-19 14:33:51,471 - unified_parser_with_gcp - INFO - Parsing tables with OSS libraries...
2025-08-19 14:33:51,471 - unified_parser_with_gcp - INFO - Building consensus from all extraction methods...
2025-08-19 14:33:51,471 - unified_parser_with_gcp - INFO - Validating consistency...
2025-08-19 14:33:51,471 - unified_parser_with_gcp - INFO - Applying Ontario-specific rules...
2025-08-19 14:33:51,471 - automated_form_processor - INFO - Extracted 0 fields using unified parser
2025-08-19 14:33:51,471 - automated_form_processor - INFO - Saved 0 fields to /Users/draw/development/docassemble/docassemble_webapp/docassemble/webapp/data/questions/ontario-family-law/utilities/workflow_output/parsed_data/csv/form_23C_fields.csv
2025-08-19 14:33:51,471 - automated_form_processor - INFO - Generated YAML interview: /Users/draw/development/docassemble/docassemble_webapp/docassemble/webapp/data/questions/ontario-family-law/utilities/workflow_output/parsed_data/yaml/form_23C_interview.yml
2025-08-19 14:33:51,472 - automated_form_processor - INFO - ✓ Successfully processed Form 23C
2025-08-19 14:33:51,473 - automated_form_processor - INFO - Processing Form 25: form-25-en-dec20
2025-08-19 14:33:51,473 - automated_form_processor - INFO - Found form file: /Users/draw/development/docassemble/docassemble_webapp/docassemble/webapp/data/questions/ontario-family-law/utilities/workflow_output/parsed_data/downloads/form_25_-_order_general_form-25-en-dec20.docx
2025-08-19 14:33:51,473 - automated_form_processor - INFO - Extracting fields from /Users/draw/development/docassemble/docassemble_webapp/docassemble/webapp/data/questions/ontario-family-law/utilities/workflow_output/parsed_data/downloads/form_25_-_order_general_form-25-en-dec20.docx
2025-08-19 14:33:51,473 - unified_parser_with_gcp - INFO - Starting comprehensive parsing of form_25_-_order_general_form-25-en-dec20.docx
2025-08-19 14:33:51,473 - unified_parser_with_gcp - INFO - Parsing with OSS native libraries...
2025-08-19 14:33:51,508 - unified_parser_with_gcp - INFO - Parsing tables with OSS libraries...
2025-08-19 14:33:51,508 - unified_parser_with_gcp - INFO - Building consensus from all extraction methods...
2025-08-19 14:33:51,508 - unified_parser_with_gcp - INFO - Validating consistency...
2025-08-19 14:33:51,508 - unified_parser_with_gcp - INFO - Applying Ontario-specific rules...
2025-08-19 14:33:51,508 - automated_form_processor - INFO - Extracted 23 fields using unified parser
2025-08-19 14:33:51,509 - automated_form_processor - INFO - Saved 23 fields to /Users/draw/development/docassemble/docassemble_webapp/docassemble/webapp/data/questions/ontario-family-law/utilities/workflow_output/parsed_data/csv/form_25_fields.csv
2025-08-19 14:33:51,511 - automated_form_processor - INFO - Generated YAML interview: /Users/draw/development/docassemble/docassemble_webapp/docassemble/webapp/data/questions/ontario-family-law/utilities/workflow_output/parsed_data/yaml/form_25_interview.yml
2025-08-19 14:33:51,512 - automated_form_processor - INFO - ✓ Successfully processed Form 25
2025-08-19 14:33:51,513 - automated_form_processor - INFO - Processing Form 25A: e
2025-08-19 14:33:51,513 - automated_form_processor - INFO - Found form file: /Users/draw/development/docassemble/docassemble_webapp/docassemble/webapp/data/questions/ontario-family-law/utilities/workflow_output/parsed_data/downloads/form_25a_-_divorce_order_flr-25a-e.pdf
2025-08-19 14:33:51,513 - automated_form_processor - INFO - Extracting fields from /Users/draw/development/docassemble/docassemble_webapp/docassemble/webapp/data/questions/ontario-family-law/utilities/workflow_output/parsed_data/downloads/form_25a_-_divorce_order_flr-25a-e.pdf
2025-08-19 14:33:51,513 - unified_parser_with_gcp - INFO - Starting comprehensive parsing of form_25a_-_divorce_order_flr-25a-e.pdf
2025-08-19 14:33:51,513 - unified_parser_with_gcp - INFO - Parsing with OSS native libraries...
2025-08-19 14:33:51,576 - unified_parser_with_gcp - INFO - Parsing tables with OSS libraries...
2025-08-19 14:33:51,577 - unified_parser_with_gcp - INFO - Building consensus from all extraction methods...
2025-08-19 14:33:51,577 - unified_parser_with_gcp - INFO - Validating consistency...
2025-08-19 14:33:51,577 - unified_parser_with_gcp - INFO - Applying Ontario-specific rules...
2025-08-19 14:33:51,577 - automated_form_processor - INFO - Extracted 28 fields using unified parser
2025-08-19 14:33:51,577 - automated_form_processor - INFO - Saved 28 fields to /Users/draw/development/docassemble/docassemble_webapp/docassemble/webapp/data/questions/ontario-family-law/utilities/workflow_output/parsed_data/csv/form_25A_fields.csv
2025-08-19 14:33:51,579 - automated_form_processor - INFO - Generated YAML interview: /Users/draw/development/docassemble/docassemble_webapp/docassemble/webapp/data/questions/ontario-family-law/utilities/workflow_output/parsed_data/yaml/form_25A_interview.yml
2025-08-19 14:33:51,580 - automated_form_processor - INFO - ✓ Successfully processed Form 25A
2025-08-19 14:33:51,580 - automated_form_processor - INFO - Processing Form 25B: form_25b_2018
2025-08-19 14:33:51,581 - automated_form_processor - ERROR - Could not find form file for Form 25B in /Users/draw/development/docassemble/docassemble_webapp/docassemble/webapp/data/questions/ontario-family-law/utilities/workflow_output/parsed_data/downloads
2025-08-19 14:33:51,581 - automated_form_processor - INFO - Expected filename: form_25b.pdf
2025-08-19 14:33:51,581 - automated_form_processor - INFO - Available files: ['form_25c_-_adoption_order_flr-25c-may25-en-fil.docx', 'form_37_-_interjurisdictional_support_order_flr-37-apr24-en-fil.docx', 'form_10_-_answer_flr-10-jun25-en-fil.docx', 'form_29_-_request_garnishment_flr-29-apr16-en-fil.docx', 'form_10a_-_reply_flr-10a-e.pdf']...
2025-08-19 14:33:51,581 - automated_form_processor - INFO - Extracting fields from /Users/draw/development/docassemble/docassemble_webapp/docassemble/webapp/data/questions/ontario-family-law/utilities/workflow_output/parsed_data/downloads/form_25b.pdf
2025-08-19 14:33:51,581 - unified_parser_with_gcp - INFO - Starting comprehensive parsing of form_25b.pdf
2025-08-19 14:33:51,581 - unified_parser_with_gcp - INFO - Parsing with OSS native libraries...
2025-08-19 14:33:51,581 - unified_parser_with_gcp - INFO - Parsing tables with OSS libraries...
2025-08-19 14:33:51,581 - unified_parser_with_gcp - INFO - Building consensus from all extraction methods...
2025-08-19 14:33:51,581 - unified_parser_with_gcp - INFO - Validating consistency...
2025-08-19 14:33:51,581 - unified_parser_with_gcp - INFO - Applying Ontario-specific rules...
2025-08-19 14:33:51,582 - automated_form_processor - INFO - Extracted 0 fields using unified parser
2025-08-19 14:33:51,582 - automated_form_processor - INFO - Saved 0 fields to /Users/draw/development/docassemble/docassemble_webapp/docassemble/webapp/data/questions/ontario-family-law/utilities/workflow_output/parsed_data/csv/form_25B_fields.csv
2025-08-19 14:33:51,582 - automated_form_processor - INFO - Generated YAML interview: /Users/draw/development/docassemble/docassemble_webapp/docassemble/webapp/data/questions/ontario-family-law/utilities/workflow_output/parsed_data/yaml/form_25B_interview.yml
2025-08-19 14:33:51,583 - automated_form_processor - INFO - ✓ Successfully processed Form 25B
2025-08-19 14:33:51,583 - automated_form_processor - INFO - Processing Form 25C: may25-en-fil
2025-08-19 14:33:51,584 - automated_form_processor - INFO - Found form file: /Users/draw/development/docassemble/docassemble_webapp/docassemble/webapp/data/questions/ontario-family-law/utilities/workflow_output/parsed_data/downloads/form_25c_-_adoption_order_flr-25c-may25-en-fil.docx
2025-08-19 14:33:51,584 - automated_form_processor - INFO - Extracting fields from /Users/draw/development/docassemble/docassemble_webapp/docassemble/webapp/data/questions/ontario-family-law/utilities/workflow_output/parsed_data/downloads/form_25c_-_adoption_order_flr-25c-may25-en-fil.docx
2025-08-19 14:33:51,584 - unified_parser_with_gcp - INFO - Starting comprehensive parsing of form_25c_-_adoption_order_flr-25c-may25-en-fil.docx
2025-08-19 14:33:51,584 - unified_parser_with_gcp - INFO - Parsing with OSS native libraries...
2025-08-19 14:33:51,679 - unified_parser_with_gcp - INFO - Parsing tables with OSS libraries...
2025-08-19 14:33:51,679 - unified_parser_with_gcp - INFO - Building consensus from all extraction methods...
2025-08-19 14:33:51,679 - unified_parser_with_gcp - INFO - Validating consistency...
2025-08-19 14:33:51,680 - unified_parser_with_gcp - INFO - Applying Ontario-specific rules...
2025-08-19 14:33:51,680 - automated_form_processor - INFO - Extracted 28 fields using unified parser
2025-08-19 14:33:51,680 - automated_form_processor - INFO - Saved 28 fields to /Users/draw/development/docassemble/docassemble_webapp/docassemble/webapp/data/questions/ontario-family-law/utilities/workflow_output/parsed_data/csv/form_25C_fields.csv
2025-08-19 14:33:51,682 - automated_form_processor - INFO - Generated YAML interview: /Users/draw/development/docassemble/docassemble_webapp/docassemble/webapp/data/questions/ontario-family-law/utilities/workflow_output/parsed_data/yaml/form_25C_interview.yml
2025-08-19 14:33:51,683 - automated_form_processor - INFO - ✓ Successfully processed Form 25C
2025-08-19 14:33:51,684 - automated_form_processor - INFO - Processing Form 25D: form-25d-en-dec20
2025-08-19 14:33:51,684 - automated_form_processor - INFO - Found form file: /Users/draw/development/docassemble/docassemble_webapp/docassemble/webapp/data/questions/ontario-family-law/utilities/workflow_output/parsed_data/downloads/form_25d_-_order_uncontested_trial_form-25d-en-dec20.docx
2025-08-19 14:33:51,684 - automated_form_processor - INFO - Extracting fields from /Users/draw/development/docassemble/docassemble_webapp/docassemble/webapp/data/questions/ontario-family-law/utilities/workflow_output/parsed_data/downloads/form_25d_-_order_uncontested_trial_form-25d-en-dec20.docx
2025-08-19 14:33:51,684 - unified_parser_with_gcp - INFO - Starting comprehensive parsing of form_25d_-_order_uncontested_trial_form-25d-en-dec20.docx
2025-08-19 14:33:51,684 - unified_parser_with_gcp - INFO - Parsing with OSS native libraries...
2025-08-19 14:33:51,965 - unified_parser_with_gcp - INFO - Parsing tables with OSS libraries...
2025-08-19 14:33:51,965 - unified_parser_with_gcp - INFO - Building consensus from all extraction methods...
2025-08-19 14:33:51,966 - unified_parser_with_gcp - INFO - Validating consistency...
2025-08-19 14:33:51,966 - unified_parser_with_gcp - INFO - Applying Ontario-specific rules...
2025-08-19 14:33:51,967 - automated_form_processor - INFO - Extracted 86 fields using unified parser
2025-08-19 14:33:51,968 - automated_form_processor - INFO - Saved 86 fields to /Users/draw/development/docassemble/docassemble_webapp/docassemble/webapp/data/questions/ontario-family-law/utilities/workflow_output/parsed_data/csv/form_25D_fields.csv
2025-08-19 14:33:51,974 - automated_form_processor - INFO - Generated YAML interview: /Users/draw/development/docassemble/docassemble_webapp/docassemble/webapp/data/questions/ontario-family-law/utilities/workflow_output/parsed_data/yaml/form_25D_interview.yml
2025-08-19 14:33:51,975 - automated_form_processor - INFO - ✓ Successfully processed Form 25D
2025-08-19 14:33:51,975 - automated_form_processor - INFO - Processing Form 25E: e
2025-08-19 14:33:51,976 - automated_form_processor - ERROR - Could not find form file for Form 25E in /Users/draw/development/docassemble/docassemble_webapp/docassemble/webapp/data/questions/ontario-family-law/utilities/workflow_output/parsed_data/downloads
2025-08-19 14:33:51,976 - automated_form_processor - INFO - Expected filename: form_25e.pdf
2025-08-19 14:33:51,976 - automated_form_processor - INFO - Available files: ['form_25c_-_adoption_order_flr-25c-may25-en-fil.docx', 'form_37_-_interjurisdictional_support_order_flr-37-apr24-en-fil.docx', 'form_10_-_answer_flr-10-jun25-en-fil.docx', 'form_29_-_request_garnishment_flr-29-apr16-en-fil.docx', 'form_10a_-_reply_flr-10a-e.pdf']...
2025-08-19 14:33:51,976 - automated_form_processor - INFO - Extracting fields from /Users/draw/development/docassemble/docassemble_webapp/docassemble/webapp/data/questions/ontario-family-law/utilities/workflow_output/parsed_data/downloads/form_25e.pdf
2025-08-19 14:33:51,976 - unified_parser_with_gcp - INFO - Starting comprehensive parsing of form_25e.pdf
2025-08-19 14:33:51,976 - unified_parser_with_gcp - INFO - Parsing with OSS native libraries...
2025-08-19 14:33:51,976 - unified_parser_with_gcp - INFO - Parsing tables with OSS libraries...
2025-08-19 14:33:51,976 - unified_parser_with_gcp - INFO - Building consensus from all extraction methods...
2025-08-19 14:33:51,976 - unified_parser_with_gcp - INFO - Validating consistency...
2025-08-19 14:33:51,976 - unified_parser_with_gcp - INFO - Applying Ontario-specific rules...
2025-08-19 14:33:51,977 - automated_form_processor - INFO - Extracted 0 fields using unified parser
2025-08-19 14:33:51,977 - automated_form_processor - INFO - Saved 0 fields to /Users/draw/development/docassemble/docassemble_webapp/docassemble/webapp/data/questions/ontario-family-law/utilities/workflow_output/parsed_data/csv/form_25E_fields.csv
2025-08-19 14:33:51,977 - automated_form_processor - INFO - Generated YAML interview: /Users/draw/development/docassemble/docassemble_webapp/docassemble/webapp/data/questions/ontario-family-law/utilities/workflow_output/parsed_data/yaml/form_25E_interview.yml
2025-08-19 14:33:51,977 - automated_form_processor - INFO - ✓ Successfully processed Form 25E
2025-08-19 14:33:51,978 - automated_form_processor - INFO - Processing Form 25F: e
2025-08-19 14:33:51,978 - automated_form_processor - INFO - Found form file: /Users/draw/development/docassemble/docassemble_webapp/docassemble/webapp/data/questions/ontario-family-law/utilities/workflow_output/parsed_data/downloads/form_25f_-_restraining_order_flr-25f-sep09-en-fil.docx
2025-08-19 14:33:51,978 - automated_form_processor - INFO - Extracting fields from /Users/draw/development/docassemble/docassemble_webapp/docassemble/webapp/data/questions/ontario-family-law/utilities/workflow_output/parsed_data/downloads/form_25f_-_restraining_order_flr-25f-sep09-en-fil.docx
2025-08-19 14:33:51,978 - unified_parser_with_gcp - INFO - Starting comprehensive parsing of form_25f_-_restraining_order_flr-25f-sep09-en-fil.docx
2025-08-19 14:33:51,978 - unified_parser_with_gcp - INFO - Parsing with OSS native libraries...
2025-08-19 14:33:52,032 - unified_parser_with_gcp - INFO - Parsing tables with OSS libraries...
2025-08-19 14:33:52,032 - unified_parser_with_gcp - INFO - Building consensus from all extraction methods...
2025-08-19 14:33:52,033 - unified_parser_with_gcp - INFO - Validating consistency...
2025-08-19 14:33:52,033 - unified_parser_with_gcp - INFO - Applying Ontario-specific rules...
2025-08-19 14:33:52,033 - automated_form_processor - INFO - Extracted 27 fields using unified parser
2025-08-19 14:33:52,033 - automated_form_processor - INFO - Saved 27 fields to /Users/draw/development/docassemble/docassemble_webapp/docassemble/webapp/data/questions/ontario-family-law/utilities/workflow_output/parsed_data/csv/form_25F_fields.csv
2025-08-19 14:33:52,035 - automated_form_processor - INFO - Generated YAML interview: /Users/draw/development/docassemble/docassemble_webapp/docassemble/webapp/data/questions/ontario-family-law/utilities/workflow_output/parsed_data/yaml/form_25F_interview.yml
2025-08-19 14:33:52,036 - automated_form_processor - INFO - ✓ Successfully processed Form 25F
2025-08-19 14:33:52,037 - automated_form_processor - INFO - Processing Form 25G: e
2025-08-19 14:33:52,038 - automated_form_processor - ERROR - Could not find form file for Form 25G in /Users/draw/development/docassemble/docassemble_webapp/docassemble/webapp/data/questions/ontario-family-law/utilities/workflow_output/parsed_data/downloads
2025-08-19 14:33:52,038 - automated_form_processor - INFO - Expected filename: form_25g.pdf
2025-08-19 14:33:52,038 - automated_form_processor - INFO - Available files: ['form_25c_-_adoption_order_flr-25c-may25-en-fil.docx', 'form_37_-_interjurisdictional_support_order_flr-37-apr24-en-fil.docx', 'form_10_-_answer_flr-10-jun25-en-fil.docx', 'form_29_-_request_garnishment_flr-29-apr16-en-fil.docx', 'form_10a_-_reply_flr-10a-e.pdf']...
2025-08-19 14:33:52,038 - automated_form_processor - INFO - Extracting fields from /Users/draw/development/docassemble/docassemble_webapp/docassemble/webapp/data/questions/ontario-family-law/utilities/workflow_output/parsed_data/downloads/form_25g.pdf
2025-08-19 14:33:52,038 - unified_parser_with_gcp - INFO - Starting comprehensive parsing of form_25g.pdf
2025-08-19 14:33:52,038 - unified_parser_with_gcp - INFO - Parsing with OSS native libraries...
2025-08-19 14:33:52,038 - unified_parser_with_gcp - INFO - Parsing tables with OSS libraries...
2025-08-19 14:33:52,038 - unified_parser_with_gcp - INFO - Building consensus from all extraction methods...
2025-08-19 14:33:52,038 - unified_parser_with_gcp - INFO - Validating consistency...
2025-08-19 14:33:52,038 - unified_parser_with_gcp - INFO - Applying Ontario-specific rules...
2025-08-19 14:33:52,038 - automated_form_processor - INFO - Extracted 0 fields using unified parser
2025-08-19 14:33:52,038 - automated_form_processor - INFO - Saved 0 fields to /Users/draw/development/docassemble/docassemble_webapp/docassemble/webapp/data/questions/ontario-family-law/utilities/workflow_output/parsed_data/csv/form_25G_fields.csv
2025-08-19 14:33:52,039 - automated_form_processor - INFO - Generated YAML interview: /Users/draw/development/docassemble/docassemble_webapp/docassemble/webapp/data/questions/ontario-family-law/utilities/workflow_output/parsed_data/yaml/form_25G_interview.yml
2025-08-19 14:33:52,039 - automated_form_processor - INFO - ✓ Successfully processed Form 25G
2025-08-19 14:33:52,040 - automated_form_processor - INFO - Processing Form 25H: e
2025-08-19 14:33:52,041 - automated_form_processor - ERROR - Could not find form file for Form 25H in /Users/draw/development/docassemble/docassemble_webapp/docassemble/webapp/data/questions/ontario-family-law/utilities/workflow_output/parsed_data/downloads
2025-08-19 14:33:52,041 - automated_form_processor - INFO - Expected filename: form_25h.pdf
2025-08-19 14:33:52,041 - automated_form_processor - INFO - Available files: ['form_25c_-_adoption_order_flr-25c-may25-en-fil.docx', 'form_37_-_interjurisdictional_support_order_flr-37-apr24-en-fil.docx', 'form_10_-_answer_flr-10-jun25-en-fil.docx', 'form_29_-_request_garnishment_flr-29-apr16-en-fil.docx', 'form_10a_-_reply_flr-10a-e.pdf']...
2025-08-19 14:33:52,041 - automated_form_processor - INFO - Extracting fields from /Users/draw/development/docassemble/docassemble_webapp/docassemble/webapp/data/questions/ontario-family-law/utilities/workflow_output/parsed_data/downloads/form_25h.pdf
2025-08-19 14:33:52,041 - unified_parser_with_gcp - INFO - Starting comprehensive parsing of form_25h.pdf
2025-08-19 14:33:52,041 - unified_parser_with_gcp - INFO - Parsing with OSS native libraries...
2025-08-19 14:33:52,041 - unified_parser_with_gcp - INFO - Parsing tables with OSS libraries...
2025-08-19 14:33:52,041 - unified_parser_with_gcp - INFO - Building consensus from all extraction methods...
2025-08-19 14:33:52,041 - unified_parser_with_gcp - INFO - Validating consistency...
2025-08-19 14:33:52,041 - unified_parser_with_gcp - INFO - Applying Ontario-specific rules...
2025-08-19 14:33:52,041 - automated_form_processor - INFO - Extracted 0 fields using unified parser
2025-08-19 14:33:52,041 - automated_form_processor - INFO - Saved 0 fields to /Users/draw/development/docassemble/docassemble_webapp/docassemble/webapp/data/questions/ontario-family-law/utilities/workflow_output/parsed_data/csv/form_25H_fields.csv
2025-08-19 14:33:52,042 - automated_form_processor - INFO - Generated YAML interview: /Users/draw/development/docassemble/docassemble_webapp/docassemble/webapp/data/questions/ontario-family-law/utilities/workflow_output/parsed_data/yaml/form_25H_interview.yml
2025-08-19 14:33:52,042 - automated_form_processor - INFO - ✓ Successfully processed Form 25H
2025-08-19 14:33:52,043 - automated_form_processor - INFO - Processing Form 26: apr16-en-fil
2025-08-19 14:33:52,044 - automated_form_processor - INFO - Found form file: /Users/draw/development/docassemble/docassemble_webapp/docassemble/webapp/data/questions/ontario-family-law/utilities/workflow_output/parsed_data/downloads/form_26_-_statement_money_owed_flr-26-apr16-en-fil.docx
2025-08-19 14:33:52,044 - automated_form_processor - INFO - Extracting fields from /Users/draw/development/docassemble/docassemble_webapp/docassemble/webapp/data/questions/ontario-family-law/utilities/workflow_output/parsed_data/downloads/form_26_-_statement_money_owed_flr-26-apr16-en-fil.docx
2025-08-19 14:33:52,044 - unified_parser_with_gcp - INFO - Starting comprehensive parsing of form_26_-_statement_money_owed_flr-26-apr16-en-fil.docx
2025-08-19 14:33:52,044 - unified_parser_with_gcp - INFO - Parsing with OSS native libraries...
2025-08-19 14:33:52,353 - unified_parser_with_gcp - INFO - Parsing tables with OSS libraries...
2025-08-19 14:33:52,353 - unified_parser_with_gcp - INFO - Building consensus from all extraction methods...
2025-08-19 14:33:52,354 - unified_parser_with_gcp - INFO - Validating consistency...
2025-08-19 14:33:52,354 - unified_parser_with_gcp - INFO - Applying Ontario-specific rules...
2025-08-19 14:33:52,355 - automated_form_processor - INFO - Extracted 130 fields using unified parser
2025-08-19 14:33:52,356 - automated_form_processor - INFO - Saved 130 fields to /Users/draw/development/docassemble/docassemble_webapp/docassemble/webapp/data/questions/ontario-family-law/utilities/workflow_output/parsed_data/csv/form_26_fields.csv
2025-08-19 14:33:52,368 - automated_form_processor - INFO - Generated YAML interview: /Users/draw/development/docassemble/docassemble_webapp/docassemble/webapp/data/questions/ontario-family-law/utilities/workflow_output/parsed_data/yaml/form_26_interview.yml
2025-08-19 14:33:52,369 - automated_form_processor - INFO - ✓ Successfully processed Form 26
2025-08-19 14:33:52,369 - automated_form_processor - INFO - Processing Form 26A: apr16-en-fil
2025-08-19 14:33:52,370 - automated_form_processor - ERROR - Could not find form file for Form 26A in /Users/draw/development/docassemble/docassemble_webapp/docassemble/webapp/data/questions/ontario-family-law/utilities/workflow_output/parsed_data/downloads
2025-08-19 14:33:52,370 - automated_form_processor - INFO - Expected filename: form_26a.pdf
2025-08-19 14:33:52,370 - automated_form_processor - INFO - Available files: ['form_25c_-_adoption_order_flr-25c-may25-en-fil.docx', 'form_37_-_interjurisdictional_support_order_flr-37-apr24-en-fil.docx', 'form_10_-_answer_flr-10-jun25-en-fil.docx', 'form_29_-_request_garnishment_flr-29-apr16-en-fil.docx', 'form_10a_-_reply_flr-10a-e.pdf']...
2025-08-19 14:33:52,370 - automated_form_processor - INFO - Extracting fields from /Users/draw/development/docassemble/docassemble_webapp/docassemble/webapp/data/questions/ontario-family-law/utilities/workflow_output/parsed_data/downloads/form_26a.pdf
2025-08-19 14:33:52,370 - unified_parser_with_gcp - INFO - Starting comprehensive parsing of form_26a.pdf
2025-08-19 14:33:52,370 - unified_parser_with_gcp - INFO - Parsing with OSS native libraries...
2025-08-19 14:33:52,370 - unified_parser_with_gcp - INFO - Parsing tables with OSS libraries...
2025-08-19 14:33:52,370 - unified_parser_with_gcp - INFO - Building consensus from all extraction methods...
2025-08-19 14:33:52,370 - unified_parser_with_gcp - INFO - Validating consistency...
2025-08-19 14:33:52,371 - unified_parser_with_gcp - INFO - Applying Ontario-specific rules...
2025-08-19 14:33:52,371 - automated_form_processor - INFO - Extracted 0 fields using unified parser
2025-08-19 14:33:52,371 - automated_form_processor - INFO - Saved 0 fields to /Users/draw/development/docassemble/docassemble_webapp/docassemble/webapp/data/questions/ontario-family-law/utilities/workflow_output/parsed_data/csv/form_26A_fields.csv
2025-08-19 14:33:52,371 - automated_form_processor - INFO - Generated YAML interview: /Users/draw/development/docassemble/docassemble_webapp/docassemble/webapp/data/questions/ontario-family-law/utilities/workflow_output/parsed_data/yaml/form_26A_interview.yml
2025-08-19 14:33:52,372 - automated_form_processor - INFO - ✓ Successfully processed Form 26A
2025-08-19 14:33:52,372 - automated_form_processor - INFO - Processing Form 26B: apr16-en-fil
2025-08-19 14:33:52,373 - automated_form_processor - ERROR - Could not find form file for Form 26B in /Users/draw/development/docassemble/docassemble_webapp/docassemble/webapp/data/questions/ontario-family-law/utilities/workflow_output/parsed_data/downloads
2025-08-19 14:33:52,373 - automated_form_processor - INFO - Expected filename: form_26b.pdf
2025-08-19 14:33:52,373 - automated_form_processor - INFO - Available files: ['form_25c_-_adoption_order_flr-25c-may25-en-fil.docx', 'form_37_-_interjurisdictional_support_order_flr-37-apr24-en-fil.docx', 'form_10_-_answer_flr-10-jun25-en-fil.docx', 'form_29_-_request_garnishment_flr-29-apr16-en-fil.docx', 'form_10a_-_reply_flr-10a-e.pdf']...
2025-08-19 14:33:52,373 - automated_form_processor - INFO - Extracting fields from /Users/draw/development/docassemble/docassemble_webapp/docassemble/webapp/data/questions/ontario-family-law/utilities/workflow_output/parsed_data/downloads/form_26b.pdf
2025-08-19 14:33:52,373 - unified_parser_with_gcp - INFO - Starting comprehensive parsing of form_26b.pdf
2025-08-19 14:33:52,373 - unified_parser_with_gcp - INFO - Parsing with OSS native libraries...
2025-08-19 14:33:52,373 - unified_parser_with_gcp - INFO - Parsing tables with OSS libraries...
2025-08-19 14:33:52,373 - unified_parser_with_gcp - INFO - Building consensus from all extraction methods...
2025-08-19 14:33:52,373 - unified_parser_with_gcp - INFO - Validating consistency...
2025-08-19 14:33:52,373 - unified_parser_with_gcp - INFO - Applying Ontario-specific rules...
2025-08-19 14:33:52,373 - automated_form_processor - INFO - Extracted 0 fields using unified parser
2025-08-19 14:33:52,373 - automated_form_processor - INFO - Saved 0 fields to /Users/draw/development/docassemble/docassemble_webapp/docassemble/webapp/data/questions/ontario-family-law/utilities/workflow_output/parsed_data/csv/form_26B_fields.csv
2025-08-19 14:33:52,374 - automated_form_processor - INFO - Generated YAML interview: /Users/draw/development/docassemble/docassemble_webapp/docassemble/webapp/data/questions/ontario-family-law/utilities/workflow_output/parsed_data/yaml/form_26B_interview.yml
2025-08-19 14:33:52,374 - automated_form_processor - INFO - ✓ Successfully processed Form 26B
2025-08-19 14:33:52,375 - automated_form_processor - INFO - Processing Form 26C: apr16-en-fil
2025-08-19 14:33:52,375 - automated_form_processor - ERROR - Could not find form file for Form 26C in /Users/draw/development/docassemble/docassemble_webapp/docassemble/webapp/data/questions/ontario-family-law/utilities/workflow_output/parsed_data/downloads
2025-08-19 14:33:52,375 - automated_form_processor - INFO - Expected filename: form_26c.pdf
2025-08-19 14:33:52,376 - automated_form_processor - INFO - Available files: ['form_25c_-_adoption_order_flr-25c-may25-en-fil.docx', 'form_37_-_interjurisdictional_support_order_flr-37-apr24-en-fil.docx', 'form_10_-_answer_flr-10-jun25-en-fil.docx', 'form_29_-_request_garnishment_flr-29-apr16-en-fil.docx', 'form_10a_-_reply_flr-10a-e.pdf']...
2025-08-19 14:33:52,376 - automated_form_processor - INFO - Extracting fields from /Users/draw/development/docassemble/docassemble_webapp/docassemble/webapp/data/questions/ontario-family-law/utilities/workflow_output/parsed_data/downloads/form_26c.pdf
2025-08-19 14:33:52,376 - unified_parser_with_gcp - INFO - Starting comprehensive parsing of form_26c.pdf
2025-08-19 14:33:52,376 - unified_parser_with_gcp - INFO - Parsing with OSS native libraries...
2025-08-19 14:33:52,376 - unified_parser_with_gcp - INFO - Parsing tables with OSS libraries...
2025-08-19 14:33:52,376 - unified_parser_with_gcp - INFO - Building consensus from all extraction methods...
2025-08-19 14:33:52,376 - unified_parser_with_gcp - INFO - Validating consistency...
2025-08-19 14:33:52,376 - unified_parser_with_gcp - INFO - Applying Ontario-specific rules...
2025-08-19 14:33:52,376 - automated_form_processor - INFO - Extracted 0 fields using unified parser
2025-08-19 14:33:52,376 - automated_form_processor - INFO - Saved 0 fields to /Users/draw/development/docassemble/docassemble_webapp/docassemble/webapp/data/questions/ontario-family-law/utilities/workflow_output/parsed_data/csv/form_26C_fields.csv
2025-08-19 14:33:52,376 - automated_form_processor - INFO - Generated YAML interview: /Users/draw/development/docassemble/docassemble_webapp/docassemble/webapp/data/questions/ontario-family-law/utilities/workflow_output/parsed_data/yaml/form_26C_interview.yml
2025-08-19 14:33:52,377 - automated_form_processor - INFO - ✓ Successfully processed Form 26C
2025-08-19 14:33:52,378 - automated_form_processor - INFO - Processing Form 27: apr16-en-fil
2025-08-19 14:33:52,378 - automated_form_processor - INFO - Found form file: /Users/draw/development/docassemble/docassemble_webapp/docassemble/webapp/data/questions/ontario-family-law/utilities/workflow_output/parsed_data/downloads/form_27_-_request_financial_statement_flr-27-apr16-en-fil.docx
2025-08-19 14:33:52,378 - automated_form_processor - INFO - Extracting fields from /Users/draw/development/docassemble/docassemble_webapp/docassemble/webapp/data/questions/ontario-family-law/utilities/workflow_output/parsed_data/downloads/form_27_-_request_financial_statement_flr-27-apr16-en-fil.docx
2025-08-19 14:33:52,378 - unified_parser_with_gcp - INFO - Starting comprehensive parsing of form_27_-_request_financial_statement_flr-27-apr16-en-fil.docx
2025-08-19 14:33:52,378 - unified_parser_with_gcp - INFO - Parsing with OSS native libraries...
2025-08-19 14:33:52,396 - unified_parser_with_gcp - INFO - Parsing tables with OSS libraries...
2025-08-19 14:33:52,396 - unified_parser_with_gcp - INFO - Building consensus from all extraction methods...
2025-08-19 14:33:52,396 - unified_parser_with_gcp - INFO - Validating consistency...
2025-08-19 14:33:52,396 - unified_parser_with_gcp - INFO - Applying Ontario-specific rules...
2025-08-19 14:33:52,396 - automated_form_processor - INFO - Extracted 12 fields using unified parser
2025-08-19 14:33:52,397 - automated_form_processor - INFO - Saved 12 fields to /Users/draw/development/docassemble/docassemble_webapp/docassemble/webapp/data/questions/ontario-family-law/utilities/workflow_output/parsed_data/csv/form_27_fields.csv
2025-08-19 14:33:52,398 - automated_form_processor - INFO - Generated YAML interview: /Users/draw/development/docassemble/docassemble_webapp/docassemble/webapp/data/questions/ontario-family-law/utilities/workflow_output/parsed_data/yaml/form_27_interview.yml
2025-08-19 14:33:52,398 - automated_form_processor - INFO - ✓ Successfully processed Form 27
2025-08-19 14:33:52,399 - automated_form_processor - INFO - Processing Form 27A: apr16-en-fil
2025-08-19 14:33:52,400 - automated_form_processor - ERROR - Could not find form file for Form 27A in /Users/draw/development/docassemble/docassemble_webapp/docassemble/webapp/data/questions/ontario-family-law/utilities/workflow_output/parsed_data/downloads
2025-08-19 14:33:52,400 - automated_form_processor - INFO - Expected filename: form_27a.pdf
2025-08-19 14:33:52,400 - automated_form_processor - INFO - Available files: ['form_25c_-_adoption_order_flr-25c-may25-en-fil.docx', 'form_37_-_interjurisdictional_support_order_flr-37-apr24-en-fil.docx', 'form_10_-_answer_flr-10-jun25-en-fil.docx', 'form_29_-_request_garnishment_flr-29-apr16-en-fil.docx', 'form_10a_-_reply_flr-10a-e.pdf']...
2025-08-19 14:33:52,400 - automated_form_processor - INFO - Extracting fields from /Users/draw/development/docassemble/docassemble_webapp/docassemble/webapp/data/questions/ontario-family-law/utilities/workflow_output/parsed_data/downloads/form_27a.pdf
2025-08-19 14:33:52,400 - unified_parser_with_gcp - INFO - Starting comprehensive parsing of form_27a.pdf
2025-08-19 14:33:52,400 - unified_parser_with_gcp - INFO - Parsing with OSS native libraries...
2025-08-19 14:33:52,400 - unified_parser_with_gcp - INFO - Parsing tables with OSS libraries...
2025-08-19 14:33:52,400 - unified_parser_with_gcp - INFO - Building consensus from all extraction methods...
2025-08-19 14:33:52,400 - unified_parser_with_gcp - INFO - Validating consistency...
2025-08-19 14:33:52,400 - unified_parser_with_gcp - INFO - Applying Ontario-specific rules...
2025-08-19 14:33:52,400 - automated_form_processor - INFO - Extracted 0 fields using unified parser
2025-08-19 14:33:52,400 - automated_form_processor - INFO - Saved 0 fields to /Users/draw/development/docassemble/docassemble_webapp/docassemble/webapp/data/questions/ontario-family-law/utilities/workflow_output/parsed_data/csv/form_27A_fields.csv
2025-08-19 14:33:52,400 - automated_form_processor - INFO - Generated YAML interview: /Users/draw/development/docassemble/docassemble_webapp/docassemble/webapp/data/questions/ontario-family-law/utilities/workflow_output/parsed_data/yaml/form_27A_interview.yml
2025-08-19 14:33:52,401 - automated_form_processor - INFO - ✓ Successfully processed Form 27A
2025-08-19 14:33:52,402 - automated_form_processor - INFO - Processing Form 27B: e
2025-08-19 14:33:52,402 - automated_form_processor - ERROR - Could not find form file for Form 27B in /Users/draw/development/docassemble/docassemble_webapp/docassemble/webapp/data/questions/ontario-family-law/utilities/workflow_output/parsed_data/downloads
2025-08-19 14:33:52,402 - automated_form_processor - INFO - Expected filename: form_27b.pdf
2025-08-19 14:33:52,403 - automated_form_processor - INFO - Available files: ['form_25c_-_adoption_order_flr-25c-may25-en-fil.docx', 'form_37_-_interjurisdictional_support_order_flr-37-apr24-en-fil.docx', 'form_10_-_answer_flr-10-jun25-en-fil.docx', 'form_29_-_request_garnishment_flr-29-apr16-en-fil.docx', 'form_10a_-_reply_flr-10a-e.pdf']...
2025-08-19 14:33:52,403 - automated_form_processor - INFO - Extracting fields from /Users/draw/development/docassemble/docassemble_webapp/docassemble/webapp/data/questions/ontario-family-law/utilities/workflow_output/parsed_data/downloads/form_27b.pdf
2025-08-19 14:33:52,403 - unified_parser_with_gcp - INFO - Starting comprehensive parsing of form_27b.pdf
2025-08-19 14:33:52,403 - unified_parser_with_gcp - INFO - Parsing with OSS native libraries...
2025-08-19 14:33:52,403 - unified_parser_with_gcp - INFO - Parsing tables with OSS libraries...
2025-08-19 14:33:52,403 - unified_parser_with_gcp - INFO - Building consensus from all extraction methods...
2025-08-19 14:33:52,403 - unified_parser_with_gcp - INFO - Validating consistency...
2025-08-19 14:33:52,403 - unified_parser_with_gcp - INFO - Applying Ontario-specific rules...
2025-08-19 14:33:52,403 - automated_form_processor - INFO - Extracted 0 fields using unified parser
2025-08-19 14:33:52,403 - automated_form_processor - INFO - Saved 0 fields to /Users/draw/development/docassemble/docassemble_webapp/docassemble/webapp/data/questions/ontario-family-law/utilities/workflow_output/parsed_data/csv/form_27B_fields.csv
2025-08-19 14:33:52,403 - automated_form_processor - INFO - Generated YAML interview: /Users/draw/development/docassemble/docassemble_webapp/docassemble/webapp/data/questions/ontario-family-law/utilities/workflow_output/parsed_data/yaml/form_27B_interview.yml
2025-08-19 14:33:52,404 - automated_form_processor - INFO - ✓ Successfully processed Form 27B
2025-08-19 14:33:52,405 - automated_form_processor - INFO - Processing Form 27C: apr16-en-fil
2025-08-19 14:33:52,405 - automated_form_processor - ERROR - Could not find form file for Form 27C in /Users/draw/development/docassemble/docassemble_webapp/docassemble/webapp/data/questions/ontario-family-law/utilities/workflow_output/parsed_data/downloads
2025-08-19 14:33:52,405 - automated_form_processor - INFO - Expected filename: form_27c.pdf
2025-08-19 14:33:52,405 - automated_form_processor - INFO - Available files: ['form_25c_-_adoption_order_flr-25c-may25-en-fil.docx', 'form_37_-_interjurisdictional_support_order_flr-37-apr24-en-fil.docx', 'form_10_-_answer_flr-10-jun25-en-fil.docx', 'form_29_-_request_garnishment_flr-29-apr16-en-fil.docx', 'form_10a_-_reply_flr-10a-e.pdf']...
2025-08-19 14:33:52,405 - automated_form_processor - INFO - Extracting fields from /Users/draw/development/docassemble/docassemble_webapp/docassemble/webapp/data/questions/ontario-family-law/utilities/workflow_output/parsed_data/downloads/form_27c.pdf
2025-08-19 14:33:52,405 - unified_parser_with_gcp - INFO - Starting comprehensive parsing of form_27c.pdf
2025-08-19 14:33:52,405 - unified_parser_with_gcp - INFO - Parsing with OSS native libraries...
2025-08-19 14:33:52,405 - unified_parser_with_gcp - INFO - Parsing tables with OSS libraries...
2025-08-19 14:33:52,405 - unified_parser_with_gcp - INFO - Building consensus from all extraction methods...
2025-08-19 14:33:52,405 - unified_parser_with_gcp - INFO - Validating consistency...
2025-08-19 14:33:52,405 - unified_parser_with_gcp - INFO - Applying Ontario-specific rules...
2025-08-19 14:33:52,406 - automated_form_processor - INFO - Extracted 0 fields using unified parser
2025-08-19 14:33:52,406 - automated_form_processor - INFO - Saved 0 fields to /Users/draw/development/docassemble/docassemble_webapp/docassemble/webapp/data/questions/ontario-family-law/utilities/workflow_output/parsed_data/csv/form_27C_fields.csv
2025-08-19 14:33:52,406 - automated_form_processor - INFO - Generated YAML interview: /Users/draw/development/docassemble/docassemble_webapp/docassemble/webapp/data/questions/ontario-family-law/utilities/workflow_output/parsed_data/yaml/form_27C_interview.yml
2025-08-19 14:33:52,406 - automated_form_processor - INFO - ✓ Successfully processed Form 27C
2025-08-19 14:33:52,407 - automated_form_processor - INFO - Processing Form 28: apr16-en-fil
2025-08-19 14:33:52,408 - automated_form_processor - INFO - Found form file: /Users/draw/development/docassemble/docassemble_webapp/docassemble/webapp/data/questions/ontario-family-law/utilities/workflow_output/parsed_data/downloads/form_28_-_writ_seizure_sale_flr-28-apr16-en-fil.docx
2025-08-19 14:33:52,408 - automated_form_processor - INFO - Extracting fields from /Users/draw/development/docassemble/docassemble_webapp/docassemble/webapp/data/questions/ontario-family-law/utilities/workflow_output/parsed_data/downloads/form_28_-_writ_seizure_sale_flr-28-apr16-en-fil.docx
2025-08-19 14:33:52,408 - unified_parser_with_gcp - INFO - Starting comprehensive parsing of form_28_-_writ_seizure_sale_flr-28-apr16-en-fil.docx
2025-08-19 14:33:52,408 - unified_parser_with_gcp - INFO - Parsing with OSS native libraries...
2025-08-19 14:33:52,515 - unified_parser_with_gcp - INFO - Parsing tables with OSS libraries...
2025-08-19 14:33:52,515 - unified_parser_with_gcp - INFO - Building consensus from all extraction methods...
2025-08-19 14:33:52,515 - unified_parser_with_gcp - INFO - Validating consistency...
2025-08-19 14:33:52,515 - unified_parser_with_gcp - INFO - Applying Ontario-specific rules...
2025-08-19 14:33:52,515 - automated_form_processor - INFO - Extracted 43 fields using unified parser
2025-08-19 14:33:52,516 - automated_form_processor - INFO - Saved 43 fields to /Users/draw/development/docassemble/docassemble_webapp/docassemble/webapp/data/questions/ontario-family-law/utilities/workflow_output/parsed_data/csv/form_28_fields.csv
2025-08-19 14:33:52,520 - automated_form_processor - INFO - Generated YAML interview: /Users/draw/development/docassemble/docassemble_webapp/docassemble/webapp/data/questions/ontario-family-law/utilities/workflow_output/parsed_data/yaml/form_28_interview.yml
2025-08-19 14:33:52,521 - automated_form_processor - INFO - ✓ Successfully processed Form 28
2025-08-19 14:33:52,522 - automated_form_processor - INFO - Processing Form 28A: e
2025-08-19 14:33:52,522 - automated_form_processor - ERROR - Could not find form file for Form 28A in /Users/draw/development/docassemble/docassemble_webapp/docassemble/webapp/data/questions/ontario-family-law/utilities/workflow_output/parsed_data/downloads
2025-08-19 14:33:52,522 - automated_form_processor - INFO - Expected filename: form_28a.pdf
2025-08-19 14:33:52,523 - automated_form_processor - INFO - Available files: ['form_25c_-_adoption_order_flr-25c-may25-en-fil.docx', 'form_37_-_interjurisdictional_support_order_flr-37-apr24-en-fil.docx', 'form_10_-_answer_flr-10-jun25-en-fil.docx', 'form_29_-_request_garnishment_flr-29-apr16-en-fil.docx', 'form_10a_-_reply_flr-10a-e.pdf']...
2025-08-19 14:33:52,523 - automated_form_processor - INFO - Extracting fields from /Users/draw/development/docassemble/docassemble_webapp/docassemble/webapp/data/questions/ontario-family-law/utilities/workflow_output/parsed_data/downloads/form_28a.pdf
2025-08-19 14:33:52,523 - unified_parser_with_gcp - INFO - Starting comprehensive parsing of form_28a.pdf
2025-08-19 14:33:52,523 - unified_parser_with_gcp - INFO - Parsing with OSS native libraries...
2025-08-19 14:33:52,523 - unified_parser_with_gcp - INFO - Parsing tables with OSS libraries...
2025-08-19 14:33:52,523 - unified_parser_with_gcp - INFO - Building consensus from all extraction methods...
2025-08-19 14:33:52,523 - unified_parser_with_gcp - INFO - Validating consistency...
2025-08-19 14:33:52,523 - unified_parser_with_gcp - INFO - Applying Ontario-specific rules...
2025-08-19 14:33:52,523 - automated_form_processor - INFO - Extracted 0 fields using unified parser
2025-08-19 14:33:52,523 - automated_form_processor - INFO - Saved 0 fields to /Users/draw/development/docassemble/docassemble_webapp/docassemble/webapp/data/questions/ontario-family-law/utilities/workflow_output/parsed_data/csv/form_28A_fields.csv
2025-08-19 14:33:52,523 - automated_form_processor - INFO - Generated YAML interview: /Users/draw/development/docassemble/docassemble_webapp/docassemble/webapp/data/questions/ontario-family-law/utilities/workflow_output/parsed_data/yaml/form_28A_interview.yml
2025-08-19 14:33:52,524 - automated_form_processor - INFO - ✓ Successfully processed Form 28A
2025-08-19 14:33:52,525 - automated_form_processor - INFO - Processing Form 28B: flr_28b_jun1507_en_fil
2025-08-19 14:33:52,525 - automated_form_processor - ERROR - Could not find form file for Form 28B in /Users/draw/development/docassemble/docassemble_webapp/docassemble/webapp/data/questions/ontario-family-law/utilities/workflow_output/parsed_data/downloads
2025-08-19 14:33:52,525 - automated_form_processor - INFO - Expected filename: form_28b.pdf
2025-08-19 14:33:52,526 - automated_form_processor - INFO - Available files: ['form_25c_-_adoption_order_flr-25c-may25-en-fil.docx', 'form_37_-_interjurisdictional_support_order_flr-37-apr24-en-fil.docx', 'form_10_-_answer_flr-10-jun25-en-fil.docx', 'form_29_-_request_garnishment_flr-29-apr16-en-fil.docx', 'form_10a_-_reply_flr-10a-e.pdf']...
2025-08-19 14:33:52,526 - automated_form_processor - INFO - Extracting fields from /Users/draw/development/docassemble/docassemble_webapp/docassemble/webapp/data/questions/ontario-family-law/utilities/workflow_output/parsed_data/downloads/form_28b.pdf
2025-08-19 14:33:52,526 - unified_parser_with_gcp - INFO - Starting comprehensive parsing of form_28b.pdf
2025-08-19 14:33:52,526 - unified_parser_with_gcp - INFO - Parsing with OSS native libraries...
2025-08-19 14:33:52,526 - unified_parser_with_gcp - INFO - Parsing tables with OSS libraries...
2025-08-19 14:33:52,526 - unified_parser_with_gcp - INFO - Building consensus from all extraction methods...
2025-08-19 14:33:52,526 - unified_parser_with_gcp - INFO - Validating consistency...
2025-08-19 14:33:52,526 - unified_parser_with_gcp - INFO - Applying Ontario-specific rules...
2025-08-19 14:33:52,526 - automated_form_processor - INFO - Extracted 0 fields using unified parser
2025-08-19 14:33:52,526 - automated_form_processor - INFO - Saved 0 fields to /Users/draw/development/docassemble/docassemble_webapp/docassemble/webapp/data/questions/ontario-family-law/utilities/workflow_output/parsed_data/csv/form_28B_fields.csv
2025-08-19 14:33:52,526 - automated_form_processor - INFO - Generated YAML interview: /Users/draw/development/docassemble/docassemble_webapp/docassemble/webapp/data/questions/ontario-family-law/utilities/workflow_output/parsed_data/yaml/form_28B_interview.yml
2025-08-19 14:33:52,527 - automated_form_processor - INFO - ✓ Successfully processed Form 28B
2025-08-19 14:33:52,528 - automated_form_processor - INFO - Processing Form 28C: e
2025-08-19 14:33:52,528 - automated_form_processor - ERROR - Could not find form file for Form 28C in /Users/draw/development/docassemble/docassemble_webapp/docassemble/webapp/data/questions/ontario-family-law/utilities/workflow_output/parsed_data/downloads
2025-08-19 14:33:52,528 - automated_form_processor - INFO - Expected filename: form_28c.pdf
2025-08-19 14:33:52,528 - automated_form_processor - INFO - Available files: ['form_25c_-_adoption_order_flr-25c-may25-en-fil.docx', 'form_37_-_interjurisdictional_support_order_flr-37-apr24-en-fil.docx', 'form_10_-_answer_flr-10-jun25-en-fil.docx', 'form_29_-_request_garnishment_flr-29-apr16-en-fil.docx', 'form_10a_-_reply_flr-10a-e.pdf']...
2025-08-19 14:33:52,528 - automated_form_processor - INFO - Extracting fields from /Users/draw/development/docassemble/docassemble_webapp/docassemble/webapp/data/questions/ontario-family-law/utilities/workflow_output/parsed_data/downloads/form_28c.pdf
2025-08-19 14:33:52,528 - unified_parser_with_gcp - INFO - Starting comprehensive parsing of form_28c.pdf
2025-08-19 14:33:52,528 - unified_parser_with_gcp - INFO - Parsing with OSS native libraries...
2025-08-19 14:33:52,529 - unified_parser_with_gcp - INFO - Parsing tables with OSS libraries...
2025-08-19 14:33:52,529 - unified_parser_with_gcp - INFO - Building consensus from all extraction methods...
2025-08-19 14:33:52,529 - unified_parser_with_gcp - INFO - Validating consistency...
2025-08-19 14:33:52,529 - unified_parser_with_gcp - INFO - Applying Ontario-specific rules...
2025-08-19 14:33:52,529 - automated_form_processor - INFO - Extracted 0 fields using unified parser
2025-08-19 14:33:52,529 - automated_form_processor - INFO - Saved 0 fields to /Users/draw/development/docassemble/docassemble_webapp/docassemble/webapp/data/questions/ontario-family-law/utilities/workflow_output/parsed_data/csv/form_28C_fields.csv
2025-08-19 14:33:52,529 - automated_form_processor - INFO - Generated YAML interview: /Users/draw/development/docassemble/docassemble_webapp/docassemble/webapp/data/questions/ontario-family-law/utilities/workflow_output/parsed_data/yaml/form_28C_interview.yml
2025-08-19 14:33:52,530 - automated_form_processor - INFO - ✓ Successfully processed Form 28C
2025-08-19 14:33:52,531 - automated_form_processor - INFO - Processing Form 29: apr16-en-fil
2025-08-19 14:33:52,531 - automated_form_processor - INFO - Found form file: /Users/draw/development/docassemble/docassemble_webapp/docassemble/webapp/data/questions/ontario-family-law/utilities/workflow_output/parsed_data/downloads/form_29_-_request_garnishment_flr-29-apr16-en-fil.docx
2025-08-19 14:33:52,531 - automated_form_processor - INFO - Extracting fields from /Users/draw/development/docassemble/docassemble_webapp/docassemble/webapp/data/questions/ontario-family-law/utilities/workflow_output/parsed_data/downloads/form_29_-_request_garnishment_flr-29-apr16-en-fil.docx
2025-08-19 14:33:52,531 - unified_parser_with_gcp - INFO - Starting comprehensive parsing of form_29_-_request_garnishment_flr-29-apr16-en-fil.docx
2025-08-19 14:33:52,531 - unified_parser_with_gcp - INFO - Parsing with OSS native libraries...
2025-08-19 14:33:52,638 - unified_parser_with_gcp - INFO - Parsing tables with OSS libraries...
2025-08-19 14:33:52,638 - unified_parser_with_gcp - INFO - Building consensus from all extraction methods...
2025-08-19 14:33:52,638 - unified_parser_with_gcp - INFO - Validating consistency...
2025-08-19 14:33:52,638 - unified_parser_with_gcp - INFO - Applying Ontario-specific rules...
2025-08-19 14:33:52,639 - automated_form_processor - INFO - Extracted 35 fields using unified parser
2025-08-19 14:33:52,639 - automated_form_processor - INFO - Saved 35 fields to /Users/draw/development/docassemble/docassemble_webapp/docassemble/webapp/data/questions/ontario-family-law/utilities/workflow_output/parsed_data/csv/form_29_fields.csv
2025-08-19 14:33:52,643 - automated_form_processor - INFO - Generated YAML interview: /Users/draw/development/docassemble/docassemble_webapp/docassemble/webapp/data/questions/ontario-family-law/utilities/workflow_output/parsed_data/yaml/form_29_interview.yml
2025-08-19 14:33:52,643 - automated_form_processor - INFO - ✓ Successfully processed Form 29
2025-08-19 14:33:52,644 - automated_form_processor - INFO - Processing Form 29A: apr16-en-fil
2025-08-19 14:33:52,645 - automated_form_processor - INFO - Found form file: /Users/draw/development/docassemble/docassemble_webapp/docassemble/webapp/data/questions/ontario-family-law/utilities/workflow_output/parsed_data/downloads/form_29a_-_notice_garnishment_lump_sum_flr-29a-apr16-en-fil.docx
2025-08-19 14:33:52,645 - automated_form_processor - INFO - Extracting fields from /Users/draw/development/docassemble/docassemble_webapp/docassemble/webapp/data/questions/ontario-family-law/utilities/workflow_output/parsed_data/downloads/form_29a_-_notice_garnishment_lump_sum_flr-29a-apr16-en-fil.docx
2025-08-19 14:33:52,645 - unified_parser_with_gcp - INFO - Starting comprehensive parsing of form_29a_-_notice_garnishment_lump_sum_flr-29a-apr16-en-fil.docx
2025-08-19 14:33:52,645 - unified_parser_with_gcp - INFO - Parsing with OSS native libraries...
2025-08-19 14:33:52,701 - unified_parser_with_gcp - INFO - Parsing tables with OSS libraries...
2025-08-19 14:33:52,701 - unified_parser_with_gcp - INFO - Building consensus from all extraction methods...
2025-08-19 14:33:52,701 - unified_parser_with_gcp - INFO - Validating consistency...
2025-08-19 14:33:52,701 - unified_parser_with_gcp - INFO - Applying Ontario-specific rules...
2025-08-19 14:33:52,702 - automated_form_processor - INFO - Extracted 52 fields using unified parser
2025-08-19 14:33:52,702 - automated_form_processor - INFO - Saved 52 fields to /Users/draw/development/docassemble/docassemble_webapp/docassemble/webapp/data/questions/ontario-family-law/utilities/workflow_output/parsed_data/csv/form_29A_fields.csv
2025-08-19 14:33:52,709 - automated_form_processor - INFO - Generated YAML interview: /Users/draw/development/docassemble/docassemble_webapp/docassemble/webapp/data/questions/ontario-family-law/utilities/workflow_output/parsed_data/yaml/form_29A_interview.yml
2025-08-19 14:33:52,710 - automated_form_processor - INFO - ✓ Successfully processed Form 29A
2025-08-19 14:33:52,711 - automated_form_processor - INFO - Processing Form 29B: apr16-en-fil
2025-08-19 14:33:52,712 - automated_form_processor - INFO - Found form file: /Users/draw/development/docassemble/docassemble_webapp/docassemble/webapp/data/questions/ontario-family-law/utilities/workflow_output/parsed_data/downloads/form_29b_-_notice_garnishment_periodic_flr-29b-apr16-en-fil.docx
2025-08-19 14:33:52,712 - automated_form_processor - INFO - Extracting fields from /Users/draw/development/docassemble/docassemble_webapp/docassemble/webapp/data/questions/ontario-family-law/utilities/workflow_output/parsed_data/downloads/form_29b_-_notice_garnishment_periodic_flr-29b-apr16-en-fil.docx
2025-08-19 14:33:52,712 - unified_parser_with_gcp - INFO - Starting comprehensive parsing of form_29b_-_notice_garnishment_periodic_flr-29b-apr16-en-fil.docx
2025-08-19 14:33:52,712 - unified_parser_with_gcp - INFO - Parsing with OSS native libraries...
2025-08-19 14:33:52,841 - unified_parser_with_gcp - INFO - Parsing tables with OSS libraries...
2025-08-19 14:33:52,841 - unified_parser_with_gcp - INFO - Building consensus from all extraction methods...
2025-08-19 14:33:52,842 - unified_parser_with_gcp - INFO - Validating consistency...
2025-08-19 14:33:52,842 - unified_parser_with_gcp - INFO - Applying Ontario-specific rules...
2025-08-19 14:33:52,842 - automated_form_processor - INFO - Extracted 58 fields using unified parser
2025-08-19 14:33:52,843 - automated_form_processor - INFO - Saved 58 fields to /Users/draw/development/docassemble/docassemble_webapp/docassemble/webapp/data/questions/ontario-family-law/utilities/workflow_output/parsed_data/csv/form_29B_fields.csv
2025-08-19 14:33:52,850 - automated_form_processor - INFO - Generated YAML interview: /Users/draw/development/docassemble/docassemble_webapp/docassemble/webapp/data/questions/ontario-family-law/utilities/workflow_output/parsed_data/yaml/form_29B_interview.yml
2025-08-19 14:33:52,851 - automated_form_processor - INFO - ✓ Successfully processed Form 29B
2025-08-19 14:33:52,852 - automated_form_processor - INFO - Processing Form 29C: e
2025-08-19 14:33:52,852 - automated_form_processor - ERROR - Could not find form file for Form 29C in /Users/draw/development/docassemble/docassemble_webapp/docassemble/webapp/data/questions/ontario-family-law/utilities/workflow_output/parsed_data/downloads
2025-08-19 14:33:52,852 - automated_form_processor - INFO - Expected filename: form_29c.pdf
2025-08-19 14:33:52,853 - automated_form_processor - INFO - Available files: ['form_25c_-_adoption_order_flr-25c-may25-en-fil.docx', 'form_37_-_interjurisdictional_support_order_flr-37-apr24-en-fil.docx', 'form_10_-_answer_flr-10-jun25-en-fil.docx', 'form_29_-_request_garnishment_flr-29-apr16-en-fil.docx', 'form_10a_-_reply_flr-10a-e.pdf']...
2025-08-19 14:33:52,853 - automated_form_processor - INFO - Extracting fields from /Users/draw/development/docassemble/docassemble_webapp/docassemble/webapp/data/questions/ontario-family-law/utilities/workflow_output/parsed_data/downloads/form_29c.pdf
2025-08-19 14:33:52,853 - unified_parser_with_gcp - INFO - Starting comprehensive parsing of form_29c.pdf
2025-08-19 14:33:52,853 - unified_parser_with_gcp - INFO - Parsing with OSS native libraries...
2025-08-19 14:33:52,853 - unified_parser_with_gcp - INFO - Parsing tables with OSS libraries...
2025-08-19 14:33:52,853 - unified_parser_with_gcp - INFO - Building consensus from all extraction methods...
2025-08-19 14:33:52,853 - unified_parser_with_gcp - INFO - Validating consistency...
2025-08-19 14:33:52,853 - unified_parser_with_gcp - INFO - Applying Ontario-specific rules...
2025-08-19 14:33:52,853 - automated_form_processor - INFO - Extracted 0 fields using unified parser
2025-08-19 14:33:52,853 - automated_form_processor - INFO - Saved 0 fields to /Users/draw/development/docassemble/docassemble_webapp/docassemble/webapp/data/questions/ontario-family-law/utilities/workflow_output/parsed_data/csv/form_29C_fields.csv
2025-08-19 14:33:52,853 - automated_form_processor - INFO - Generated YAML interview: /Users/draw/development/docassemble/docassemble_webapp/docassemble/webapp/data/questions/ontario-family-law/utilities/workflow_output/parsed_data/yaml/form_29C_interview.yml
2025-08-19 14:33:52,854 - automated_form_processor - INFO - ✓ Successfully processed Form 29C
2025-08-19 14:33:52,855 - automated_form_processor - INFO - Processing Form 29D: apr16-en-fil
2025-08-19 14:33:52,855 - automated_form_processor - ERROR - Could not find form file for Form 29D in /Users/draw/development/docassemble/docassemble_webapp/docassemble/webapp/data/questions/ontario-family-law/utilities/workflow_output/parsed_data/downloads
2025-08-19 14:33:52,855 - automated_form_processor - INFO - Expected filename: form_29d.pdf
2025-08-19 14:33:52,856 - automated_form_processor - INFO - Available files: ['form_25c_-_adoption_order_flr-25c-may25-en-fil.docx', 'form_37_-_interjurisdictional_support_order_flr-37-apr24-en-fil.docx', 'form_10_-_answer_flr-10-jun25-en-fil.docx', 'form_29_-_request_garnishment_flr-29-apr16-en-fil.docx', 'form_10a_-_reply_flr-10a-e.pdf']...
2025-08-19 14:33:52,856 - automated_form_processor - INFO - Extracting fields from /Users/draw/development/docassemble/docassemble_webapp/docassemble/webapp/data/questions/ontario-family-law/utilities/workflow_output/parsed_data/downloads/form_29d.pdf
2025-08-19 14:33:52,856 - unified_parser_with_gcp - INFO - Starting comprehensive parsing of form_29d.pdf
2025-08-19 14:33:52,856 - unified_parser_with_gcp - INFO - Parsing with OSS native libraries...
2025-08-19 14:33:52,856 - unified_parser_with_gcp - INFO - Parsing tables with OSS libraries...
2025-08-19 14:33:52,856 - unified_parser_with_gcp - INFO - Building consensus from all extraction methods...
2025-08-19 14:33:52,856 - unified_parser_with_gcp - INFO - Validating consistency...
2025-08-19 14:33:52,856 - unified_parser_with_gcp - INFO - Applying Ontario-specific rules...
2025-08-19 14:33:52,856 - automated_form_processor - INFO - Extracted 0 fields using unified parser
2025-08-19 14:33:52,856 - automated_form_processor - INFO - Saved 0 fields to /Users/draw/development/docassemble/docassemble_webapp/docassemble/webapp/data/questions/ontario-family-law/utilities/workflow_output/parsed_data/csv/form_29D_fields.csv
2025-08-19 14:33:52,856 - automated_form_processor - INFO - Generated YAML interview: /Users/draw/development/docassemble/docassemble_webapp/docassemble/webapp/data/questions/ontario-family-law/utilities/workflow_output/parsed_data/yaml/form_29D_interview.yml
2025-08-19 14:33:52,857 - automated_form_processor - INFO - ✓ Successfully processed Form 29D
2025-08-19 14:33:52,858 - automated_form_processor - INFO - Processing Form 29E: e
2025-08-19 14:33:52,858 - automated_form_processor - ERROR - Could not find form file for Form 29E in /Users/draw/development/docassemble/docassemble_webapp/docassemble/webapp/data/questions/ontario-family-law/utilities/workflow_output/parsed_data/downloads
2025-08-19 14:33:52,858 - automated_form_processor - INFO - Expected filename: form_29e.pdf
2025-08-19 14:33:52,859 - automated_form_processor - INFO - Available files: ['form_25c_-_adoption_order_flr-25c-may25-en-fil.docx', 'form_37_-_interjurisdictional_support_order_flr-37-apr24-en-fil.docx', 'form_10_-_answer_flr-10-jun25-en-fil.docx', 'form_29_-_request_garnishment_flr-29-apr16-en-fil.docx', 'form_10a_-_reply_flr-10a-e.pdf']...
2025-08-19 14:33:52,859 - automated_form_processor - INFO - Extracting fields from /Users/draw/development/docassemble/docassemble_webapp/docassemble/webapp/data/questions/ontario-family-law/utilities/workflow_output/parsed_data/downloads/form_29e.pdf
2025-08-19 14:33:52,859 - unified_parser_with_gcp - INFO - Starting comprehensive parsing of form_29e.pdf
2025-08-19 14:33:52,859 - unified_parser_with_gcp - INFO - Parsing with OSS native libraries...
2025-08-19 14:33:52,859 - unified_parser_with_gcp - INFO - Parsing tables with OSS libraries...
2025-08-19 14:33:52,859 - unified_parser_with_gcp - INFO - Building consensus from all extraction methods...
2025-08-19 14:33:52,859 - unified_parser_with_gcp - INFO - Validating consistency...
2025-08-19 14:33:52,859 - unified_parser_with_gcp - INFO - Applying Ontario-specific rules...
2025-08-19 14:33:52,859 - automated_form_processor - INFO - Extracted 0 fields using unified parser
2025-08-19 14:33:52,859 - automated_form_processor - INFO - Saved 0 fields to /Users/draw/development/docassemble/docassemble_webapp/docassemble/webapp/data/questions/ontario-family-law/utilities/workflow_output/parsed_data/csv/form_29E_fields.csv
2025-08-19 14:33:52,859 - automated_form_processor - INFO - Generated YAML interview: /Users/draw/development/docassemble/docassemble_webapp/docassemble/webapp/data/questions/ontario-family-law/utilities/workflow_output/parsed_data/yaml/form_29E_interview.yml
2025-08-19 14:33:52,860 - automated_form_processor - INFO - ✓ Successfully processed Form 29E
2025-08-19 14:33:52,861 - automated_form_processor - INFO - Processing Form 29F: e
2025-08-19 14:33:52,861 - automated_form_processor - ERROR - Could not find form file for Form 29F in /Users/draw/development/docassemble/docassemble_webapp/docassemble/webapp/data/questions/ontario-family-law/utilities/workflow_output/parsed_data/downloads
2025-08-19 14:33:52,861 - automated_form_processor - INFO - Expected filename: form_29f.pdf
2025-08-19 14:33:52,861 - automated_form_processor - INFO - Available files: ['form_25c_-_adoption_order_flr-25c-may25-en-fil.docx', 'form_37_-_interjurisdictional_support_order_flr-37-apr24-en-fil.docx', 'form_10_-_answer_flr-10-jun25-en-fil.docx', 'form_29_-_request_garnishment_flr-29-apr16-en-fil.docx', 'form_10a_-_reply_flr-10a-e.pdf']...
2025-08-19 14:33:52,861 - automated_form_processor - INFO - Extracting fields from /Users/draw/development/docassemble/docassemble_webapp/docassemble/webapp/data/questions/ontario-family-law/utilities/workflow_output/parsed_data/downloads/form_29f.pdf
2025-08-19 14:33:52,861 - unified_parser_with_gcp - INFO - Starting comprehensive parsing of form_29f.pdf
2025-08-19 14:33:52,861 - unified_parser_with_gcp - INFO - Parsing with OSS native libraries...
2025-08-19 14:33:52,862 - unified_parser_with_gcp - INFO - Parsing tables with OSS libraries...
2025-08-19 14:33:52,862 - unified_parser_with_gcp - INFO - Building consensus from all extraction methods...
2025-08-19 14:33:52,862 - unified_parser_with_gcp - INFO - Validating consistency...
2025-08-19 14:33:52,862 - unified_parser_with_gcp - INFO - Applying Ontario-specific rules...
2025-08-19 14:33:52,862 - automated_form_processor - INFO - Extracted 0 fields using unified parser
2025-08-19 14:33:52,862 - automated_form_processor - INFO - Saved 0 fields to /Users/draw/development/docassemble/docassemble_webapp/docassemble/webapp/data/questions/ontario-family-law/utilities/workflow_output/parsed_data/csv/form_29F_fields.csv
2025-08-19 14:33:52,862 - automated_form_processor - INFO - Generated YAML interview: /Users/draw/development/docassemble/docassemble_webapp/docassemble/webapp/data/questions/ontario-family-law/utilities/workflow_output/parsed_data/yaml/form_29F_interview.yml
2025-08-19 14:33:52,863 - automated_form_processor - INFO - ✓ Successfully processed Form 29F
2025-08-19 14:33:52,863 - automated_form_processor - INFO - Processing Form 29G: e
2025-08-19 14:33:52,864 - automated_form_processor - ERROR - Could not find form file for Form 29G in /Users/draw/development/docassemble/docassemble_webapp/docassemble/webapp/data/questions/ontario-family-law/utilities/workflow_output/parsed_data/downloads
2025-08-19 14:33:52,864 - automated_form_processor - INFO - Expected filename: form_29g.pdf
2025-08-19 14:33:52,864 - automated_form_processor - INFO - Available files: ['form_25c_-_adoption_order_flr-25c-may25-en-fil.docx', 'form_37_-_interjurisdictional_support_order_flr-37-apr24-en-fil.docx', 'form_10_-_answer_flr-10-jun25-en-fil.docx', 'form_29_-_request_garnishment_flr-29-apr16-en-fil.docx', 'form_10a_-_reply_flr-10a-e.pdf']...
2025-08-19 14:33:52,864 - automated_form_processor - INFO - Extracting fields from /Users/draw/development/docassemble/docassemble_webapp/docassemble/webapp/data/questions/ontario-family-law/utilities/workflow_output/parsed_data/downloads/form_29g.pdf
2025-08-19 14:33:52,864 - unified_parser_with_gcp - INFO - Starting comprehensive parsing of form_29g.pdf
2025-08-19 14:33:52,864 - unified_parser_with_gcp - INFO - Parsing with OSS native libraries...
2025-08-19 14:33:52,864 - unified_parser_with_gcp - INFO - Parsing tables with OSS libraries...
2025-08-19 14:33:52,864 - unified_parser_with_gcp - INFO - Building consensus from all extraction methods...
2025-08-19 14:33:52,864 - unified_parser_with_gcp - INFO - Validating consistency...
2025-08-19 14:33:52,864 - unified_parser_with_gcp - INFO - Applying Ontario-specific rules...
2025-08-19 14:33:52,864 - automated_form_processor - INFO - Extracted 0 fields using unified parser
2025-08-19 14:33:52,864 - automated_form_processor - INFO - Saved 0 fields to /Users/draw/development/docassemble/docassemble_webapp/docassemble/webapp/data/questions/ontario-family-law/utilities/workflow_output/parsed_data/csv/form_29G_fields.csv
2025-08-19 14:33:52,865 - automated_form_processor - INFO - Generated YAML interview: /Users/draw/development/docassemble/docassemble_webapp/docassemble/webapp/data/questions/ontario-family-law/utilities/workflow_output/parsed_data/yaml/form_29G_interview.yml
2025-08-19 14:33:52,865 - automated_form_processor - INFO - ✓ Successfully processed Form 29G
2025-08-19 14:33:52,866 - automated_form_processor - INFO - Processing Form 29H: e
2025-08-19 14:33:52,867 - automated_form_processor - ERROR - Could not find form file for Form 29H in /Users/draw/development/docassemble/docassemble_webapp/docassemble/webapp/data/questions/ontario-family-law/utilities/workflow_output/parsed_data/downloads
2025-08-19 14:33:52,867 - automated_form_processor - INFO - Expected filename: form_29h.pdf
2025-08-19 14:33:52,867 - automated_form_processor - INFO - Available files: ['form_25c_-_adoption_order_flr-25c-may25-en-fil.docx', 'form_37_-_interjurisdictional_support_order_flr-37-apr24-en-fil.docx', 'form_10_-_answer_flr-10-jun25-en-fil.docx', 'form_29_-_request_garnishment_flr-29-apr16-en-fil.docx', 'form_10a_-_reply_flr-10a-e.pdf']...
2025-08-19 14:33:52,867 - automated_form_processor - INFO - Extracting fields from /Users/draw/development/docassemble/docassemble_webapp/docassemble/webapp/data/questions/ontario-family-law/utilities/workflow_output/parsed_data/downloads/form_29h.pdf
2025-08-19 14:33:52,867 - unified_parser_with_gcp - INFO - Starting comprehensive parsing of form_29h.pdf
2025-08-19 14:33:52,867 - unified_parser_with_gcp - INFO - Parsing with OSS native libraries...
2025-08-19 14:33:52,867 - unified_parser_with_gcp - INFO - Parsing tables with OSS libraries...
2025-08-19 14:33:52,867 - unified_parser_with_gcp - INFO - Building consensus from all extraction methods...
2025-08-19 14:33:52,868 - unified_parser_with_gcp - INFO - Validating consistency...
2025-08-19 14:33:52,868 - unified_parser_with_gcp - INFO - Applying Ontario-specific rules...
2025-08-19 14:33:52,868 - automated_form_processor - INFO - Extracted 0 fields using unified parser
2025-08-19 14:33:52,868 - automated_form_processor - INFO - Saved 0 fields to /Users/draw/development/docassemble/docassemble_webapp/docassemble/webapp/data/questions/ontario-family-law/utilities/workflow_output/parsed_data/csv/form_29H_fields.csv
2025-08-19 14:33:52,868 - automated_form_processor - INFO - Generated YAML interview: /Users/draw/development/docassemble/docassemble_webapp/docassemble/webapp/data/questions/ontario-family-law/utilities/workflow_output/parsed_data/yaml/form_29H_interview.yml
2025-08-19 14:33:52,869 - automated_form_processor - INFO - ✓ Successfully processed Form 29H
2025-08-19 14:33:52,870 - automated_form_processor - INFO - Processing Form 29I: e
2025-08-19 14:33:52,870 - automated_form_processor - ERROR - Could not find form file for Form 29I in /Users/draw/development/docassemble/docassemble_webapp/docassemble/webapp/data/questions/ontario-family-law/utilities/workflow_output/parsed_data/downloads
2025-08-19 14:33:52,870 - automated_form_processor - INFO - Expected filename: form_29i.pdf
2025-08-19 14:33:52,870 - automated_form_processor - INFO - Available files: ['form_25c_-_adoption_order_flr-25c-may25-en-fil.docx', 'form_37_-_interjurisdictional_support_order_flr-37-apr24-en-fil.docx', 'form_10_-_answer_flr-10-jun25-en-fil.docx', 'form_29_-_request_garnishment_flr-29-apr16-en-fil.docx', 'form_10a_-_reply_flr-10a-e.pdf']...
2025-08-19 14:33:52,870 - automated_form_processor - INFO - Extracting fields from /Users/draw/development/docassemble/docassemble_webapp/docassemble/webapp/data/questions/ontario-family-law/utilities/workflow_output/parsed_data/downloads/form_29i.pdf
2025-08-19 14:33:52,870 - unified_parser_with_gcp - INFO - Starting comprehensive parsing of form_29i.pdf
2025-08-19 14:33:52,870 - unified_parser_with_gcp - INFO - Parsing with OSS native libraries...
2025-08-19 14:33:52,870 - unified_parser_with_gcp - INFO - Parsing tables with OSS libraries...
2025-08-19 14:33:52,870 - unified_parser_with_gcp - INFO - Building consensus from all extraction methods...
2025-08-19 14:33:52,871 - unified_parser_with_gcp - INFO - Validating consistency...
2025-08-19 14:33:52,871 - unified_parser_with_gcp - INFO - Applying Ontario-specific rules...
2025-08-19 14:33:52,871 - automated_form_processor - INFO - Extracted 0 fields using unified parser
2025-08-19 14:33:52,871 - automated_form_processor - INFO - Saved 0 fields to /Users/draw/development/docassemble/docassemble_webapp/docassemble/webapp/data/questions/ontario-family-law/utilities/workflow_output/parsed_data/csv/form_29I_fields.csv
2025-08-19 14:33:52,871 - automated_form_processor - INFO - Generated YAML interview: /Users/draw/development/docassemble/docassemble_webapp/docassemble/webapp/data/questions/ontario-family-law/utilities/workflow_output/parsed_data/yaml/form_29I_interview.yml
2025-08-19 14:33:52,872 - automated_form_processor - INFO - ✓ Successfully processed Form 29I
2025-08-19 14:33:52,872 - automated_form_processor - INFO - Processing Form 29J: apr16-en-fil
2025-08-19 14:33:52,873 - automated_form_processor - ERROR - Could not find form file for Form 29J in /Users/draw/development/docassemble/docassemble_webapp/docassemble/webapp/data/questions/ontario-family-law/utilities/workflow_output/parsed_data/downloads
2025-08-19 14:33:52,873 - automated_form_processor - INFO - Expected filename: form_29j.pdf
2025-08-19 14:33:52,873 - automated_form_processor - INFO - Available files: ['form_25c_-_adoption_order_flr-25c-may25-en-fil.docx', 'form_37_-_interjurisdictional_support_order_flr-37-apr24-en-fil.docx', 'form_10_-_answer_flr-10-jun25-en-fil.docx', 'form_29_-_request_garnishment_flr-29-apr16-en-fil.docx', 'form_10a_-_reply_flr-10a-e.pdf']...
2025-08-19 14:33:52,873 - automated_form_processor - INFO - Extracting fields from /Users/draw/development/docassemble/docassemble_webapp/docassemble/webapp/data/questions/ontario-family-law/utilities/workflow_output/parsed_data/downloads/form_29j.pdf
2025-08-19 14:33:52,873 - unified_parser_with_gcp - INFO - Starting comprehensive parsing of form_29j.pdf
2025-08-19 14:33:52,873 - unified_parser_with_gcp - INFO - Parsing with OSS native libraries...
2025-08-19 14:33:52,873 - unified_parser_with_gcp - INFO - Parsing tables with OSS libraries...
2025-08-19 14:33:52,873 - unified_parser_with_gcp - INFO - Building consensus from all extraction methods...
2025-08-19 14:33:52,873 - unified_parser_with_gcp - INFO - Validating consistency...
2025-08-19 14:33:52,873 - unified_parser_with_gcp - INFO - Applying Ontario-specific rules...
2025-08-19 14:33:52,873 - automated_form_processor - INFO - Extracted 0 fields using unified parser
2025-08-19 14:33:52,873 - automated_form_processor - INFO - Saved 0 fields to /Users/draw/development/docassemble/docassemble_webapp/docassemble/webapp/data/questions/ontario-family-law/utilities/workflow_output/parsed_data/csv/form_29J_fields.csv
2025-08-19 14:33:52,874 - automated_form_processor - INFO - Generated YAML interview: /Users/draw/development/docassemble/docassemble_webapp/docassemble/webapp/data/questions/ontario-family-law/utilities/workflow_output/parsed_data/yaml/form_29J_interview.yml
2025-08-19 14:33:52,874 - automated_form_processor - INFO - ✓ Successfully processed Form 29J
2025-08-19 14:33:52,875 - automated_form_processor - INFO - Processing Form 30: apr16-en-fil
2025-08-19 14:33:52,875 - automated_form_processor - INFO - Found form file: /Users/draw/development/docassemble/docassemble_webapp/docassemble/webapp/data/questions/ontario-family-law/utilities/workflow_output/parsed_data/downloads/form_30_-_notice_default_hearing_flr-30-apr16-en-fil.docx
2025-08-19 14:33:52,876 - automated_form_processor - INFO - Extracting fields from /Users/draw/development/docassemble/docassemble_webapp/docassemble/webapp/data/questions/ontario-family-law/utilities/workflow_output/parsed_data/downloads/form_30_-_notice_default_hearing_flr-30-apr16-en-fil.docx
2025-08-19 14:33:52,876 - unified_parser_with_gcp - INFO - Starting comprehensive parsing of form_30_-_notice_default_hearing_flr-30-apr16-en-fil.docx
2025-08-19 14:33:52,876 - unified_parser_with_gcp - INFO - Parsing with OSS native libraries...
2025-08-19 14:33:52,909 - unified_parser_with_gcp - INFO - Parsing tables with OSS libraries...
2025-08-19 14:33:52,909 - unified_parser_with_gcp - INFO - Building consensus from all extraction methods...
2025-08-19 14:33:52,909 - unified_parser_with_gcp - INFO - Validating consistency...
2025-08-19 14:33:52,909 - unified_parser_with_gcp - INFO - Applying Ontario-specific rules...
2025-08-19 14:33:52,909 - automated_form_processor - INFO - Extracted 17 fields using unified parser
2025-08-19 14:33:52,909 - automated_form_processor - INFO - Saved 17 fields to /Users/draw/development/docassemble/docassemble_webapp/docassemble/webapp/data/questions/ontario-family-law/utilities/workflow_output/parsed_data/csv/form_30_fields.csv
2025-08-19 14:33:52,912 - automated_form_processor - INFO - Generated YAML interview: /Users/draw/development/docassemble/docassemble_webapp/docassemble/webapp/data/questions/ontario-family-law/utilities/workflow_output/parsed_data/yaml/form_30_interview.yml
2025-08-19 14:33:52,912 - automated_form_processor - INFO - ✓ Successfully processed Form 30
2025-08-19 14:33:52,913 - automated_form_processor - INFO - Processing Form 30A: e
2025-08-19 14:33:52,914 - automated_form_processor - ERROR - Could not find form file for Form 30A in /Users/draw/development/docassemble/docassemble_webapp/docassemble/webapp/data/questions/ontario-family-law/utilities/workflow_output/parsed_data/downloads
2025-08-19 14:33:52,914 - automated_form_processor - INFO - Expected filename: form_30a.pdf
2025-08-19 14:33:52,914 - automated_form_processor - INFO - Available files: ['form_25c_-_adoption_order_flr-25c-may25-en-fil.docx', 'form_37_-_interjurisdictional_support_order_flr-37-apr24-en-fil.docx', 'form_10_-_answer_flr-10-jun25-en-fil.docx', 'form_29_-_request_garnishment_flr-29-apr16-en-fil.docx', 'form_10a_-_reply_flr-10a-e.pdf']...
2025-08-19 14:33:52,914 - automated_form_processor - INFO - Extracting fields from /Users/draw/development/docassemble/docassemble_webapp/docassemble/webapp/data/questions/ontario-family-law/utilities/workflow_output/parsed_data/downloads/form_30a.pdf
2025-08-19 14:33:52,914 - unified_parser_with_gcp - INFO - Starting comprehensive parsing of form_30a.pdf
2025-08-19 14:33:52,914 - unified_parser_with_gcp - INFO - Parsing with OSS native libraries...
2025-08-19 14:33:52,914 - unified_parser_with_gcp - INFO - Parsing tables with OSS libraries...
2025-08-19 14:33:52,914 - unified_parser_with_gcp - INFO - Building consensus from all extraction methods...
2025-08-19 14:33:52,914 - unified_parser_with_gcp - INFO - Validating consistency...
2025-08-19 14:33:52,914 - unified_parser_with_gcp - INFO - Applying Ontario-specific rules...
2025-08-19 14:33:52,914 - automated_form_processor - INFO - Extracted 0 fields using unified parser
2025-08-19 14:33:52,914 - automated_form_processor - INFO - Saved 0 fields to /Users/draw/development/docassemble/docassemble_webapp/docassemble/webapp/data/questions/ontario-family-law/utilities/workflow_output/parsed_data/csv/form_30A_fields.csv
2025-08-19 14:33:52,915 - automated_form_processor - INFO - Generated YAML interview: /Users/draw/development/docassemble/docassemble_webapp/docassemble/webapp/data/questions/ontario-family-law/utilities/workflow_output/parsed_data/yaml/form_30A_interview.yml
2025-08-19 14:33:52,915 - automated_form_processor - INFO - ✓ Successfully processed Form 30A
2025-08-19 14:33:52,917 - automated_form_processor - INFO - Processing Form 30B: e
2025-08-19 14:33:52,917 - automated_form_processor - ERROR - Could not find form file for Form 30B in /Users/draw/development/docassemble/docassemble_webapp/docassemble/webapp/data/questions/ontario-family-law/utilities/workflow_output/parsed_data/downloads
2025-08-19 14:33:52,917 - automated_form_processor - INFO - Expected filename: form_30b.pdf
2025-08-19 14:33:52,917 - automated_form_processor - INFO - Available files: ['form_25c_-_adoption_order_flr-25c-may25-en-fil.docx', 'form_37_-_interjurisdictional_support_order_flr-37-apr24-en-fil.docx', 'form_10_-_answer_flr-10-jun25-en-fil.docx', 'form_29_-_request_garnishment_flr-29-apr16-en-fil.docx', 'form_10a_-_reply_flr-10a-e.pdf']...
2025-08-19 14:33:52,917 - automated_form_processor - INFO - Extracting fields from /Users/draw/development/docassemble/docassemble_webapp/docassemble/webapp/data/questions/ontario-family-law/utilities/workflow_output/parsed_data/downloads/form_30b.pdf
2025-08-19 14:33:52,917 - unified_parser_with_gcp - INFO - Starting comprehensive parsing of form_30b.pdf
2025-08-19 14:33:52,917 - unified_parser_with_gcp - INFO - Parsing with OSS native libraries...
2025-08-19 14:33:52,917 - unified_parser_with_gcp - INFO - Parsing tables with OSS libraries...
2025-08-19 14:33:52,917 - unified_parser_with_gcp - INFO - Building consensus from all extraction methods...
2025-08-19 14:33:52,917 - unified_parser_with_gcp - INFO - Validating consistency...
2025-08-19 14:33:52,917 - unified_parser_with_gcp - INFO - Applying Ontario-specific rules...
2025-08-19 14:33:52,917 - automated_form_processor - INFO - Extracted 0 fields using unified parser
2025-08-19 14:33:52,917 - automated_form_processor - INFO - Saved 0 fields to /Users/draw/development/docassemble/docassemble_webapp/docassemble/webapp/data/questions/ontario-family-law/utilities/workflow_output/parsed_data/csv/form_30B_fields.csv
2025-08-19 14:33:52,918 - automated_form_processor - INFO - Generated YAML interview: /Users/draw/development/docassemble/docassemble_webapp/docassemble/webapp/data/questions/ontario-family-law/utilities/workflow_output/parsed_data/yaml/form_30B_interview.yml
2025-08-19 14:33:52,918 - automated_form_processor - INFO - ✓ Successfully processed Form 30B
2025-08-19 14:33:52,919 - automated_form_processor - INFO - Processing Form 31: e
2025-08-19 14:33:52,920 - automated_form_processor - ERROR - Could not find form file for Form 31 in /Users/draw/development/docassemble/docassemble_webapp/docassemble/webapp/data/questions/ontario-family-law/utilities/workflow_output/parsed_data/downloads
2025-08-19 14:33:52,920 - automated_form_processor - INFO - Expected filename: form_31.pdf
2025-08-19 14:33:52,920 - automated_form_processor - INFO - Available files: ['form_25c_-_adoption_order_flr-25c-may25-en-fil.docx', 'form_37_-_interjurisdictional_support_order_flr-37-apr24-en-fil.docx', 'form_10_-_answer_flr-10-jun25-en-fil.docx', 'form_29_-_request_garnishment_flr-29-apr16-en-fil.docx', 'form_10a_-_reply_flr-10a-e.pdf']...
2025-08-19 14:33:52,920 - automated_form_processor - INFO - Extracting fields from /Users/draw/development/docassemble/docassemble_webapp/docassemble/webapp/data/questions/ontario-family-law/utilities/workflow_output/parsed_data/downloads/form_31.pdf
2025-08-19 14:33:52,920 - unified_parser_with_gcp - INFO - Starting comprehensive parsing of form_31.pdf
2025-08-19 14:33:52,920 - unified_parser_with_gcp - INFO - Parsing with OSS native libraries...
2025-08-19 14:33:52,920 - unified_parser_with_gcp - INFO - Parsing tables with OSS libraries...
2025-08-19 14:33:52,920 - unified_parser_with_gcp - INFO - Building consensus from all extraction methods...
2025-08-19 14:33:52,920 - unified_parser_with_gcp - INFO - Validating consistency...
2025-08-19 14:33:52,920 - unified_parser_with_gcp - INFO - Applying Ontario-specific rules...
2025-08-19 14:33:52,920 - automated_form_processor - INFO - Extracted 0 fields using unified parser
2025-08-19 14:33:52,920 - automated_form_processor - INFO - Saved 0 fields to /Users/draw/development/docassemble/docassemble_webapp/docassemble/webapp/data/questions/ontario-family-law/utilities/workflow_output/parsed_data/csv/form_31_fields.csv
2025-08-19 14:33:52,921 - automated_form_processor - INFO - Generated YAML interview: /Users/draw/development/docassemble/docassemble_webapp/docassemble/webapp/data/questions/ontario-family-law/utilities/workflow_output/parsed_data/yaml/form_31_interview.yml
2025-08-19 14:33:52,921 - automated_form_processor - INFO - ✓ Successfully processed Form 31
2025-08-19 14:33:52,922 - automated_form_processor - INFO - Processing Form 32: e
2025-08-19 14:33:52,923 - automated_form_processor - ERROR - Could not find form file for Form 32 in /Users/draw/development/docassemble/docassemble_webapp/docassemble/webapp/data/questions/ontario-family-law/utilities/workflow_output/parsed_data/downloads
2025-08-19 14:33:52,923 - automated_form_processor - INFO - Expected filename: form_32.pdf
2025-08-19 14:33:52,923 - automated_form_processor - INFO - Available files: ['form_25c_-_adoption_order_flr-25c-may25-en-fil.docx', 'form_37_-_interjurisdictional_support_order_flr-37-apr24-en-fil.docx', 'form_10_-_answer_flr-10-jun25-en-fil.docx', 'form_29_-_request_garnishment_flr-29-apr16-en-fil.docx', 'form_10a_-_reply_flr-10a-e.pdf']...
2025-08-19 14:33:52,923 - automated_form_processor - INFO - Extracting fields from /Users/draw/development/docassemble/docassemble_webapp/docassemble/webapp/data/questions/ontario-family-law/utilities/workflow_output/parsed_data/downloads/form_32.pdf
2025-08-19 14:33:52,923 - unified_parser_with_gcp - INFO - Starting comprehensive parsing of form_32.pdf
2025-08-19 14:33:52,923 - unified_parser_with_gcp - INFO - Parsing with OSS native libraries...
2025-08-19 14:33:52,924 - unified_parser_with_gcp - INFO - Parsing tables with OSS libraries...
2025-08-19 14:33:52,924 - unified_parser_with_gcp - INFO - Building consensus from all extraction methods...
2025-08-19 14:33:52,924 - unified_parser_with_gcp - INFO - Validating consistency...
2025-08-19 14:33:52,924 - unified_parser_with_gcp - INFO - Applying Ontario-specific rules...
2025-08-19 14:33:52,924 - automated_form_processor - INFO - Extracted 0 fields using unified parser
2025-08-19 14:33:52,924 - automated_form_processor - INFO - Saved 0 fields to /Users/draw/development/docassemble/docassemble_webapp/docassemble/webapp/data/questions/ontario-family-law/utilities/workflow_output/parsed_data/csv/form_32_fields.csv
2025-08-19 14:33:52,924 - automated_form_processor - INFO - Generated YAML interview: /Users/draw/development/docassemble/docassemble_webapp/docassemble/webapp/data/questions/ontario-family-law/utilities/workflow_output/parsed_data/yaml/form_32_interview.yml
2025-08-19 14:33:52,925 - automated_form_processor - INFO - ✓ Successfully processed Form 32
2025-08-19 14:33:52,926 - automated_form_processor - INFO - Processing Form 32A: e
2025-08-19 14:33:52,926 - automated_form_processor - ERROR - Could not find form file for Form 32A in /Users/draw/development/docassemble/docassemble_webapp/docassemble/webapp/data/questions/ontario-family-law/utilities/workflow_output/parsed_data/downloads
2025-08-19 14:33:52,926 - automated_form_processor - INFO - Expected filename: form_32a.pdf
2025-08-19 14:33:52,926 - automated_form_processor - INFO - Available files: ['form_25c_-_adoption_order_flr-25c-may25-en-fil.docx', 'form_37_-_interjurisdictional_support_order_flr-37-apr24-en-fil.docx', 'form_10_-_answer_flr-10-jun25-en-fil.docx', 'form_29_-_request_garnishment_flr-29-apr16-en-fil.docx', 'form_10a_-_reply_flr-10a-e.pdf']...
2025-08-19 14:33:52,926 - automated_form_processor - INFO - Extracting fields from /Users/draw/development/docassemble/docassemble_webapp/docassemble/webapp/data/questions/ontario-family-law/utilities/workflow_output/parsed_data/downloads/form_32a.pdf
2025-08-19 14:33:52,926 - unified_parser_with_gcp - INFO - Starting comprehensive parsing of form_32a.pdf
2025-08-19 14:33:52,927 - unified_parser_with_gcp - INFO - Parsing with OSS native libraries...
2025-08-19 14:33:52,927 - unified_parser_with_gcp - INFO - Parsing tables with OSS libraries...
2025-08-19 14:33:52,927 - unified_parser_with_gcp - INFO - Building consensus from all extraction methods...
2025-08-19 14:33:52,927 - unified_parser_with_gcp - INFO - Validating consistency...
2025-08-19 14:33:52,927 - unified_parser_with_gcp - INFO - Applying Ontario-specific rules...
2025-08-19 14:33:52,927 - automated_form_processor - INFO - Extracted 0 fields using unified parser
2025-08-19 14:33:52,927 - automated_form_processor - INFO - Saved 0 fields to /Users/draw/development/docassemble/docassemble_webapp/docassemble/webapp/data/questions/ontario-family-law/utilities/workflow_output/parsed_data/csv/form_32A_fields.csv
2025-08-19 14:33:52,927 - automated_form_processor - INFO - Generated YAML interview: /Users/draw/development/docassemble/docassemble_webapp/docassemble/webapp/data/questions/ontario-family-law/utilities/workflow_output/parsed_data/yaml/form_32A_interview.yml
2025-08-19 14:33:52,928 - automated_form_processor - INFO - ✓ Successfully processed Form 32A
2025-08-19 14:33:52,929 - automated_form_processor - INFO - Processing Form 32B: apr16-en-fil
2025-08-19 14:33:52,929 - automated_form_processor - ERROR - Could not find form file for Form 32B in /Users/draw/development/docassemble/docassemble_webapp/docassemble/webapp/data/questions/ontario-family-law/utilities/workflow_output/parsed_data/downloads
2025-08-19 14:33:52,929 - automated_form_processor - INFO - Expected filename: form_32b.pdf
2025-08-19 14:33:52,929 - automated_form_processor - INFO - Available files: ['form_25c_-_adoption_order_flr-25c-may25-en-fil.docx', 'form_37_-_interjurisdictional_support_order_flr-37-apr24-en-fil.docx', 'form_10_-_answer_flr-10-jun25-en-fil.docx', 'form_29_-_request_garnishment_flr-29-apr16-en-fil.docx', 'form_10a_-_reply_flr-10a-e.pdf']...
2025-08-19 14:33:52,929 - automated_form_processor - INFO - Extracting fields from /Users/draw/development/docassemble/docassemble_webapp/docassemble/webapp/data/questions/ontario-family-law/utilities/workflow_output/parsed_data/downloads/form_32b.pdf
2025-08-19 14:33:52,929 - unified_parser_with_gcp - INFO - Starting comprehensive parsing of form_32b.pdf
2025-08-19 14:33:52,929 - unified_parser_with_gcp - INFO - Parsing with OSS native libraries...
2025-08-19 14:33:52,929 - unified_parser_with_gcp - INFO - Parsing tables with OSS libraries...
2025-08-19 14:33:52,929 - unified_parser_with_gcp - INFO - Building consensus from all extraction methods...
2025-08-19 14:33:52,930 - unified_parser_with_gcp - INFO - Validating consistency...
2025-08-19 14:33:52,930 - unified_parser_with_gcp - INFO - Applying Ontario-specific rules...
2025-08-19 14:33:52,930 - automated_form_processor - INFO - Extracted 0 fields using unified parser
2025-08-19 14:33:52,930 - automated_form_processor - INFO - Saved 0 fields to /Users/draw/development/docassemble/docassemble_webapp/docassemble/webapp/data/questions/ontario-family-law/utilities/workflow_output/parsed_data/csv/form_32B_fields.csv
2025-08-19 14:33:52,930 - automated_form_processor - INFO - Generated YAML interview: /Users/draw/development/docassemble/docassemble_webapp/docassemble/webapp/data/questions/ontario-family-law/utilities/workflow_output/parsed_data/yaml/form_32B_interview.yml
2025-08-19 14:33:52,930 - automated_form_processor - INFO - ✓ Successfully processed Form 32B
2025-08-19 14:33:52,932 - automated_form_processor - INFO - Processing Form 32C: e
2025-08-19 14:33:52,932 - automated_form_processor - ERROR - Could not find form file for Form 32C in /Users/draw/development/docassemble/docassemble_webapp/docassemble/webapp/data/questions/ontario-family-law/utilities/workflow_output/parsed_data/downloads
2025-08-19 14:33:52,932 - automated_form_processor - INFO - Expected filename: form_32c.pdf
2025-08-19 14:33:52,932 - automated_form_processor - INFO - Available files: ['form_25c_-_adoption_order_flr-25c-may25-en-fil.docx', 'form_37_-_interjurisdictional_support_order_flr-37-apr24-en-fil.docx', 'form_10_-_answer_flr-10-jun25-en-fil.docx', 'form_29_-_request_garnishment_flr-29-apr16-en-fil.docx', 'form_10a_-_reply_flr-10a-e.pdf']...
2025-08-19 14:33:52,932 - automated_form_processor - INFO - Extracting fields from /Users/draw/development/docassemble/docassemble_webapp/docassemble/webapp/data/questions/ontario-family-law/utilities/workflow_output/parsed_data/downloads/form_32c.pdf
2025-08-19 14:33:52,932 - unified_parser_with_gcp - INFO - Starting comprehensive parsing of form_32c.pdf
2025-08-19 14:33:52,932 - unified_parser_with_gcp - INFO - Parsing with OSS native libraries...
2025-08-19 14:33:52,933 - unified_parser_with_gcp - INFO - Parsing tables with OSS libraries...
2025-08-19 14:33:52,933 - unified_parser_with_gcp - INFO - Building consensus from all extraction methods...
2025-08-19 14:33:52,933 - unified_parser_with_gcp - INFO - Validating consistency...
2025-08-19 14:33:52,933 - unified_parser_with_gcp - INFO - Applying Ontario-specific rules...
2025-08-19 14:33:52,933 - automated_form_processor - INFO - Extracted 0 fields using unified parser
2025-08-19 14:33:52,933 - automated_form_processor - INFO - Saved 0 fields to /Users/draw/development/docassemble/docassemble_webapp/docassemble/webapp/data/questions/ontario-family-law/utilities/workflow_output/parsed_data/csv/form_32C_fields.csv
2025-08-19 14:33:52,933 - automated_form_processor - INFO - Generated YAML interview: /Users/draw/development/docassemble/docassemble_webapp/docassemble/webapp/data/questions/ontario-family-law/utilities/workflow_output/parsed_data/yaml/form_32C_interview.yml
2025-08-19 14:33:52,934 - automated_form_processor - INFO - ✓ Successfully processed Form 32C
2025-08-19 14:33:52,935 - automated_form_processor - INFO - Processing Form 32D: apr16-en-fil
2025-08-19 14:33:52,935 - automated_form_processor - ERROR - Could not find form file for Form 32D in /Users/draw/development/docassemble/docassemble_webapp/docassemble/webapp/data/questions/ontario-family-law/utilities/workflow_output/parsed_data/downloads
2025-08-19 14:33:52,935 - automated_form_processor - INFO - Expected filename: form_32d.pdf
2025-08-19 14:33:52,936 - automated_form_processor - INFO - Available files: ['form_25c_-_adoption_order_flr-25c-may25-en-fil.docx', 'form_37_-_interjurisdictional_support_order_flr-37-apr24-en-fil.docx', 'form_10_-_answer_flr-10-jun25-en-fil.docx', 'form_29_-_request_garnishment_flr-29-apr16-en-fil.docx', 'form_10a_-_reply_flr-10a-e.pdf']...
2025-08-19 14:33:52,936 - automated_form_processor - INFO - Extracting fields from /Users/draw/development/docassemble/docassemble_webapp/docassemble/webapp/data/questions/ontario-family-law/utilities/workflow_output/parsed_data/downloads/form_32d.pdf
2025-08-19 14:33:52,936 - unified_parser_with_gcp - INFO - Starting comprehensive parsing of form_32d.pdf
2025-08-19 14:33:52,936 - unified_parser_with_gcp - INFO - Parsing with OSS native libraries...
2025-08-19 14:33:52,936 - unified_parser_with_gcp - INFO - Parsing tables with OSS libraries...
2025-08-19 14:33:52,936 - unified_parser_with_gcp - INFO - Building consensus from all extraction methods...
2025-08-19 14:33:52,936 - unified_parser_with_gcp - INFO - Validating consistency...
2025-08-19 14:33:52,936 - unified_parser_with_gcp - INFO - Applying Ontario-specific rules...
2025-08-19 14:33:52,936 - automated_form_processor - INFO - Extracted 0 fields using unified parser
2025-08-19 14:33:52,936 - automated_form_processor - INFO - Saved 0 fields to /Users/draw/development/docassemble/docassemble_webapp/docassemble/webapp/data/questions/ontario-family-law/utilities/workflow_output/parsed_data/csv/form_32D_fields.csv
2025-08-19 14:33:52,936 - automated_form_processor - INFO - Generated YAML interview: /Users/draw/development/docassemble/docassemble_webapp/docassemble/webapp/data/questions/ontario-family-law/utilities/workflow_output/parsed_data/yaml/form_32D_interview.yml
2025-08-19 14:33:52,937 - automated_form_processor - INFO - ✓ Successfully processed Form 32D
2025-08-19 14:33:52,938 - automated_form_processor - INFO - Processing Form 33: form_33_2018
2025-08-19 14:33:52,938 - automated_form_processor - INFO - Found form file: /Users/draw/development/docassemble/docassemble_webapp/docassemble/webapp/data/questions/ontario-family-law/utilities/workflow_output/parsed_data/downloads/form_33f_-_access_application_flr-33f-may21-en-fil.docx
2025-08-19 14:33:52,938 - automated_form_processor - INFO - Extracting fields from /Users/draw/development/docassemble/docassemble_webapp/docassemble/webapp/data/questions/ontario-family-law/utilities/workflow_output/parsed_data/downloads/form_33f_-_access_application_flr-33f-may21-en-fil.docx
2025-08-19 14:33:52,939 - unified_parser_with_gcp - INFO - Starting comprehensive parsing of form_33f_-_access_application_flr-33f-may21-en-fil.docx
2025-08-19 14:33:52,939 - unified_parser_with_gcp - INFO - Parsing with OSS native libraries...
2025-08-19 14:33:52,975 - unified_parser_with_gcp - INFO - Parsing tables with OSS libraries...
2025-08-19 14:33:52,975 - unified_parser_with_gcp - INFO - Building consensus from all extraction methods...
2025-08-19 14:33:52,976 - unified_parser_with_gcp - INFO - Validating consistency...
2025-08-19 14:33:52,976 - unified_parser_with_gcp - INFO - Applying Ontario-specific rules...
2025-08-19 14:33:52,976 - automated_form_processor - INFO - Extracted 27 fields using unified parser
2025-08-19 14:33:52,976 - automated_form_processor - INFO - Saved 27 fields to /Users/draw/development/docassemble/docassemble_webapp/docassemble/webapp/data/questions/ontario-family-law/utilities/workflow_output/parsed_data/csv/form_33_fields.csv
2025-08-19 14:33:52,979 - automated_form_processor - INFO - Generated YAML interview: /Users/draw/development/docassemble/docassemble_webapp/docassemble/webapp/data/questions/ontario-family-law/utilities/workflow_output/parsed_data/yaml/form_33_interview.yml
2025-08-19 14:33:52,980 - automated_form_processor - INFO - ✓ Successfully processed Form 33
2025-08-19 14:33:52,981 - automated_form_processor - INFO - Processing Form 33A: form_33a_2018
2025-08-19 14:33:52,982 - automated_form_processor - ERROR - Could not find form file for Form 33A in /Users/draw/development/docassemble/docassemble_webapp/docassemble/webapp/data/questions/ontario-family-law/utilities/workflow_output/parsed_data/downloads
2025-08-19 14:33:52,982 - automated_form_processor - INFO - Expected filename: form_33a.pdf
2025-08-19 14:33:52,982 - automated_form_processor - INFO - Available files: ['form_25c_-_adoption_order_flr-25c-may25-en-fil.docx', 'form_37_-_interjurisdictional_support_order_flr-37-apr24-en-fil.docx', 'form_10_-_answer_flr-10-jun25-en-fil.docx', 'form_29_-_request_garnishment_flr-29-apr16-en-fil.docx', 'form_10a_-_reply_flr-10a-e.pdf']...
2025-08-19 14:33:52,982 - automated_form_processor - INFO - Extracting fields from /Users/draw/development/docassemble/docassemble_webapp/docassemble/webapp/data/questions/ontario-family-law/utilities/workflow_output/parsed_data/downloads/form_33a.pdf
2025-08-19 14:33:52,982 - unified_parser_with_gcp - INFO - Starting comprehensive parsing of form_33a.pdf
2025-08-19 14:33:52,982 - unified_parser_with_gcp - INFO - Parsing with OSS native libraries...
2025-08-19 14:33:52,982 - unified_parser_with_gcp - INFO - Parsing tables with OSS libraries...
2025-08-19 14:33:52,982 - unified_parser_with_gcp - INFO - Building consensus from all extraction methods...
2025-08-19 14:33:52,982 - unified_parser_with_gcp - INFO - Validating consistency...
2025-08-19 14:33:52,982 - unified_parser_with_gcp - INFO - Applying Ontario-specific rules...
2025-08-19 14:33:52,982 - automated_form_processor - INFO - Extracted 0 fields using unified parser
2025-08-19 14:33:52,982 - automated_form_processor - INFO - Saved 0 fields to /Users/draw/development/docassemble/docassemble_webapp/docassemble/webapp/data/questions/ontario-family-law/utilities/workflow_output/parsed_data/csv/form_33A_fields.csv
2025-08-19 14:33:52,982 - automated_form_processor - INFO - Generated YAML interview: /Users/draw/development/docassemble/docassemble_webapp/docassemble/webapp/data/questions/ontario-family-law/utilities/workflow_output/parsed_data/yaml/form_33A_interview.yml
2025-08-19 14:33:52,983 - automated_form_processor - INFO - ✓ Successfully processed Form 33A
2025-08-19 14:33:52,984 - automated_form_processor - INFO - Processing Form 33B: form_33b_2018
2025-08-19 14:33:52,985 - automated_form_processor - ERROR - Could not find form file for Form 33B in /Users/draw/development/docassemble/docassemble_webapp/docassemble/webapp/data/questions/ontario-family-law/utilities/workflow_output/parsed_data/downloads
2025-08-19 14:33:52,985 - automated_form_processor - INFO - Expected filename: form_33b.pdf
2025-08-19 14:33:52,985 - automated_form_processor - INFO - Available files: ['form_25c_-_adoption_order_flr-25c-may25-en-fil.docx', 'form_37_-_interjurisdictional_support_order_flr-37-apr24-en-fil.docx', 'form_10_-_answer_flr-10-jun25-en-fil.docx', 'form_29_-_request_garnishment_flr-29-apr16-en-fil.docx', 'form_10a_-_reply_flr-10a-e.pdf']...
2025-08-19 14:33:52,985 - automated_form_processor - INFO - Extracting fields from /Users/draw/development/docassemble/docassemble_webapp/docassemble/webapp/data/questions/ontario-family-law/utilities/workflow_output/parsed_data/downloads/form_33b.pdf
2025-08-19 14:33:52,985 - unified_parser_with_gcp - INFO - Starting comprehensive parsing of form_33b.pdf
2025-08-19 14:33:52,985 - unified_parser_with_gcp - INFO - Parsing with OSS native libraries...
2025-08-19 14:33:52,985 - unified_parser_with_gcp - INFO - Parsing tables with OSS libraries...
2025-08-19 14:33:52,985 - unified_parser_with_gcp - INFO - Building consensus from all extraction methods...
2025-08-19 14:33:52,985 - unified_parser_with_gcp - INFO - Validating consistency...
2025-08-19 14:33:52,985 - unified_parser_with_gcp - INFO - Applying Ontario-specific rules...
2025-08-19 14:33:52,985 - automated_form_processor - INFO - Extracted 0 fields using unified parser
2025-08-19 14:33:52,985 - automated_form_processor - INFO - Saved 0 fields to /Users/draw/development/docassemble/docassemble_webapp/docassemble/webapp/data/questions/ontario-family-law/utilities/workflow_output/parsed_data/csv/form_33B_fields.csv
2025-08-19 14:33:52,985 - automated_form_processor - INFO - Generated YAML interview: /Users/draw/development/docassemble/docassemble_webapp/docassemble/webapp/data/questions/ontario-family-law/utilities/workflow_output/parsed_data/yaml/form_33B_interview.yml
2025-08-19 14:33:52,986 - automated_form_processor - INFO - ✓ Successfully processed Form 33B
2025-08-19 14:33:52,987 - automated_form_processor - INFO - Processing Form 33C: form_33c_2018
2025-08-19 14:33:52,988 - automated_form_processor - ERROR - Could not find form file for Form 33C in /Users/draw/development/docassemble/docassemble_webapp/docassemble/webapp/data/questions/ontario-family-law/utilities/workflow_output/parsed_data/downloads
2025-08-19 14:33:52,988 - automated_form_processor - INFO - Expected filename: form_33c.pdf
2025-08-19 14:33:52,988 - automated_form_processor - INFO - Available files: ['form_25c_-_adoption_order_flr-25c-may25-en-fil.docx', 'form_37_-_interjurisdictional_support_order_flr-37-apr24-en-fil.docx', 'form_10_-_answer_flr-10-jun25-en-fil.docx', 'form_29_-_request_garnishment_flr-29-apr16-en-fil.docx', 'form_10a_-_reply_flr-10a-e.pdf']...
2025-08-19 14:33:52,988 - automated_form_processor - INFO - Extracting fields from /Users/draw/development/docassemble/docassemble_webapp/docassemble/webapp/data/questions/ontario-family-law/utilities/workflow_output/parsed_data/downloads/form_33c.pdf
2025-08-19 14:33:52,988 - unified_parser_with_gcp - INFO - Starting comprehensive parsing of form_33c.pdf
2025-08-19 14:33:52,988 - unified_parser_with_gcp - INFO - Parsing with OSS native libraries...
2025-08-19 14:33:52,988 - unified_parser_with_gcp - INFO - Parsing tables with OSS libraries...
2025-08-19 14:33:52,988 - unified_parser_with_gcp - INFO - Building consensus from all extraction methods...
2025-08-19 14:33:52,988 - unified_parser_with_gcp - INFO - Validating consistency...
2025-08-19 14:33:52,988 - unified_parser_with_gcp - INFO - Applying Ontario-specific rules...
2025-08-19 14:33:52,988 - automated_form_processor - INFO - Extracted 0 fields using unified parser
2025-08-19 14:33:52,988 - automated_form_processor - INFO - Saved 0 fields to /Users/draw/development/docassemble/docassemble_webapp/docassemble/webapp/data/questions/ontario-family-law/utilities/workflow_output/parsed_data/csv/form_33C_fields.csv
2025-08-19 14:33:52,988 - automated_form_processor - INFO - Generated YAML interview: /Users/draw/development/docassemble/docassemble_webapp/docassemble/webapp/data/questions/ontario-family-law/utilities/workflow_output/parsed_data/yaml/form_33C_interview.yml
2025-08-19 14:33:52,989 - automated_form_processor - INFO - ✓ Successfully processed Form 33C
2025-08-19 14:33:52,990 - automated_form_processor - INFO - Processing Form 33D: form_33d_2018
2025-08-19 14:33:52,991 - automated_form_processor - ERROR - Could not find form file for Form 33D in /Users/draw/development/docassemble/docassemble_webapp/docassemble/webapp/data/questions/ontario-family-law/utilities/workflow_output/parsed_data/downloads
2025-08-19 14:33:52,991 - automated_form_processor - INFO - Expected filename: form_33d.pdf
2025-08-19 14:33:52,991 - automated_form_processor - INFO - Available files: ['form_25c_-_adoption_order_flr-25c-may25-en-fil.docx', 'form_37_-_interjurisdictional_support_order_flr-37-apr24-en-fil.docx', 'form_10_-_answer_flr-10-jun25-en-fil.docx', 'form_29_-_request_garnishment_flr-29-apr16-en-fil.docx', 'form_10a_-_reply_flr-10a-e.pdf']...
2025-08-19 14:33:52,991 - automated_form_processor - INFO - Extracting fields from /Users/draw/development/docassemble/docassemble_webapp/docassemble/webapp/data/questions/ontario-family-law/utilities/workflow_output/parsed_data/downloads/form_33d.pdf
2025-08-19 14:33:52,991 - unified_parser_with_gcp - INFO - Starting comprehensive parsing of form_33d.pdf
2025-08-19 14:33:52,991 - unified_parser_with_gcp - INFO - Parsing with OSS native libraries...
2025-08-19 14:33:52,991 - unified_parser_with_gcp - INFO - Parsing tables with OSS libraries...
2025-08-19 14:33:52,991 - unified_parser_with_gcp - INFO - Building consensus from all extraction methods...
2025-08-19 14:33:52,991 - unified_parser_with_gcp - INFO - Validating consistency...
2025-08-19 14:33:52,991 - unified_parser_with_gcp - INFO - Applying Ontario-specific rules...
2025-08-19 14:33:52,991 - automated_form_processor - INFO - Extracted 0 fields using unified parser
2025-08-19 14:33:52,991 - automated_form_processor - INFO - Saved 0 fields to /Users/draw/development/docassemble/docassemble_webapp/docassemble/webapp/data/questions/ontario-family-law/utilities/workflow_output/parsed_data/csv/form_33D_fields.csv
2025-08-19 14:33:52,992 - automated_form_processor - INFO - Generated YAML interview: /Users/draw/development/docassemble/docassemble_webapp/docassemble/webapp/data/questions/ontario-family-law/utilities/workflow_output/parsed_data/yaml/form_33D_interview.yml
2025-08-19 14:33:52,992 - automated_form_processor - INFO - ✓ Successfully processed Form 33D
2025-08-19 14:33:52,993 - automated_form_processor - INFO - Processing Form 33E: e
2025-08-19 14:33:52,994 - automated_form_processor - ERROR - Could not find form file for Form 33E in /Users/draw/development/docassemble/docassemble_webapp/docassemble/webapp/data/questions/ontario-family-law/utilities/workflow_output/parsed_data/downloads
2025-08-19 14:33:52,994 - automated_form_processor - INFO - Expected filename: form_33e.pdf
2025-08-19 14:33:52,994 - automated_form_processor - INFO - Available files: ['form_25c_-_adoption_order_flr-25c-may25-en-fil.docx', 'form_37_-_interjurisdictional_support_order_flr-37-apr24-en-fil.docx', 'form_10_-_answer_flr-10-jun25-en-fil.docx', 'form_29_-_request_garnishment_flr-29-apr16-en-fil.docx', 'form_10a_-_reply_flr-10a-e.pdf']...
2025-08-19 14:33:52,994 - automated_form_processor - INFO - Extracting fields from /Users/draw/development/docassemble/docassemble_webapp/docassemble/webapp/data/questions/ontario-family-law/utilities/workflow_output/parsed_data/downloads/form_33e.pdf
2025-08-19 14:33:52,994 - unified_parser_with_gcp - INFO - Starting comprehensive parsing of form_33e.pdf
2025-08-19 14:33:52,994 - unified_parser_with_gcp - INFO - Parsing with OSS native libraries...
2025-08-19 14:33:52,994 - unified_parser_with_gcp - INFO - Parsing tables with OSS libraries...
2025-08-19 14:33:52,994 - unified_parser_with_gcp - INFO - Building consensus from all extraction methods...
2025-08-19 14:33:52,994 - unified_parser_with_gcp - INFO - Validating consistency...
2025-08-19 14:33:52,994 - unified_parser_with_gcp - INFO - Applying Ontario-specific rules...
2025-08-19 14:33:52,994 - automated_form_processor - INFO - Extracted 0 fields using unified parser
2025-08-19 14:33:52,994 - automated_form_processor - INFO - Saved 0 fields to /Users/draw/development/docassemble/docassemble_webapp/docassemble/webapp/data/questions/ontario-family-law/utilities/workflow_output/parsed_data/csv/form_33E_fields.csv
2025-08-19 14:33:52,994 - automated_form_processor - INFO - Generated YAML interview: /Users/draw/development/docassemble/docassemble_webapp/docassemble/webapp/data/questions/ontario-family-law/utilities/workflow_output/parsed_data/yaml/form_33E_interview.yml
2025-08-19 14:33:52,995 - automated_form_processor - INFO - ✓ Successfully processed Form 33E
2025-08-19 14:33:52,996 - automated_form_processor - INFO - Processing Form 33F: may21-en-fil
2025-08-19 14:33:52,996 - automated_form_processor - INFO - Found form file: /Users/draw/development/docassemble/docassemble_webapp/docassemble/webapp/data/questions/ontario-family-law/utilities/workflow_output/parsed_data/downloads/form_33f_-_access_application_flr-33f-may21-en-fil.docx
2025-08-19 14:33:52,996 - automated_form_processor - INFO - Extracting fields from /Users/draw/development/docassemble/docassemble_webapp/docassemble/webapp/data/questions/ontario-family-law/utilities/workflow_output/parsed_data/downloads/form_33f_-_access_application_flr-33f-may21-en-fil.docx
2025-08-19 14:33:52,996 - unified_parser_with_gcp - INFO - Starting comprehensive parsing of form_33f_-_access_application_flr-33f-may21-en-fil.docx
2025-08-19 14:33:52,996 - unified_parser_with_gcp - INFO - Parsing with OSS native libraries...
2025-08-19 14:33:53,035 - unified_parser_with_gcp - INFO - Parsing tables with OSS libraries...
2025-08-19 14:33:53,035 - unified_parser_with_gcp - INFO - Building consensus from all extraction methods...
2025-08-19 14:33:53,035 - unified_parser_with_gcp - INFO - Validating consistency...
2025-08-19 14:33:53,035 - unified_parser_with_gcp - INFO - Applying Ontario-specific rules...
2025-08-19 14:33:53,036 - automated_form_processor - INFO - Extracted 27 fields using unified parser
2025-08-19 14:33:53,036 - automated_form_processor - INFO - Saved 27 fields to /Users/draw/development/docassemble/docassemble_webapp/docassemble/webapp/data/questions/ontario-family-law/utilities/workflow_output/parsed_data/csv/form_33F_fields.csv
2025-08-19 14:33:53,039 - automated_form_processor - INFO - Generated YAML interview: /Users/draw/development/docassemble/docassemble_webapp/docassemble/webapp/data/questions/ontario-family-law/utilities/workflow_output/parsed_data/yaml/form_33F_interview.yml
2025-08-19 14:33:53,040 - automated_form_processor - INFO - ✓ Successfully processed Form 33F
2025-08-19 14:33:53,041 - automated_form_processor - INFO - Processing Form 34: nov18-en-fil
2025-08-19 14:33:53,041 - automated_form_processor - INFO - Found form file: /Users/draw/development/docassemble/docassemble_webapp/docassemble/webapp/data/questions/ontario-family-law/utilities/workflow_output/parsed_data/downloads/form_34_-_child_consent_adoption_flr-34-nov18-en-fil.docx
2025-08-19 14:33:53,041 - automated_form_processor - INFO - Extracting fields from /Users/draw/development/docassemble/docassemble_webapp/docassemble/webapp/data/questions/ontario-family-law/utilities/workflow_output/parsed_data/downloads/form_34_-_child_consent_adoption_flr-34-nov18-en-fil.docx
2025-08-19 14:33:53,041 - unified_parser_with_gcp - INFO - Starting comprehensive parsing of form_34_-_child_consent_adoption_flr-34-nov18-en-fil.docx
2025-08-19 14:33:53,041 - unified_parser_with_gcp - INFO - Parsing with OSS native libraries...
2025-08-19 14:33:53,109 - unified_parser_with_gcp - INFO - Parsing tables with OSS libraries...
2025-08-19 14:33:53,109 - unified_parser_with_gcp - INFO - Building consensus from all extraction methods...
2025-08-19 14:33:53,110 - unified_parser_with_gcp - INFO - Validating consistency...
2025-08-19 14:33:53,110 - unified_parser_with_gcp - INFO - Applying Ontario-specific rules...
2025-08-19 14:33:53,110 - automated_form_processor - INFO - Extracted 49 fields using unified parser
2025-08-19 14:33:53,111 - automated_form_processor - INFO - Saved 49 fields to /Users/draw/development/docassemble/docassemble_webapp/docassemble/webapp/data/questions/ontario-family-law/utilities/workflow_output/parsed_data/csv/form_34_fields.csv
2025-08-19 14:33:53,115 - automated_form_processor - INFO - Generated YAML interview: /Users/draw/development/docassemble/docassemble_webapp/docassemble/webapp/data/questions/ontario-family-law/utilities/workflow_output/parsed_data/yaml/form_34_interview.yml
2025-08-19 14:33:53,116 - automated_form_processor - INFO - ✓ Successfully processed Form 34
2025-08-19 14:33:53,117 - automated_form_processor - INFO - Processing Form 34A: form-34a-en-dec20
2025-08-19 14:33:53,118 - automated_form_processor - INFO - Found form file: /Users/draw/development/docassemble/docassemble_webapp/docassemble/webapp/data/questions/ontario-family-law/utilities/workflow_output/parsed_data/downloads/form_34a_-_affidavit_parentage_form-34a-en-dec20.docx
2025-08-19 14:33:53,118 - automated_form_processor - INFO - Extracting fields from /Users/draw/development/docassemble/docassemble_webapp/docassemble/webapp/data/questions/ontario-family-law/utilities/workflow_output/parsed_data/downloads/form_34a_-_affidavit_parentage_form-34a-en-dec20.docx
2025-08-19 14:33:53,118 - unified_parser_with_gcp - INFO - Starting comprehensive parsing of form_34a_-_affidavit_parentage_form-34a-en-dec20.docx
2025-08-19 14:33:53,118 - unified_parser_with_gcp - INFO - Parsing with OSS native libraries...
2025-08-19 14:33:53,355 - unified_parser_with_gcp - INFO - Parsing tables with OSS libraries...
2025-08-19 14:33:53,356 - unified_parser_with_gcp - INFO - Building consensus from all extraction methods...
2025-08-19 14:33:53,356 - unified_parser_with_gcp - INFO - Validating consistency...
2025-08-19 14:33:53,356 - unified_parser_with_gcp - INFO - Applying Ontario-specific rules...
2025-08-19 14:33:53,357 - automated_form_processor - INFO - Extracted 77 fields using unified parser
2025-08-19 14:33:53,358 - automated_form_processor - INFO - Saved 77 fields to /Users/draw/development/docassemble/docassemble_webapp/docassemble/webapp/data/questions/ontario-family-law/utilities/workflow_output/parsed_data/csv/form_34A_fields.csv
2025-08-19 14:33:53,365 - automated_form_processor - INFO - Generated YAML interview: /Users/draw/development/docassemble/docassemble_webapp/docassemble/webapp/data/questions/ontario-family-law/utilities/workflow_output/parsed_data/yaml/form_34A_interview.yml
2025-08-19 14:33:53,366 - automated_form_processor - INFO - ✓ Successfully processed Form 34A
2025-08-19 14:33:53,367 - automated_form_processor - INFO - Processing Form 34B: form_34b_2018
2025-08-19 14:33:53,367 - automated_form_processor - ERROR - Could not find form file for Form 34B in /Users/draw/development/docassemble/docassemble_webapp/docassemble/webapp/data/questions/ontario-family-law/utilities/workflow_output/parsed_data/downloads
2025-08-19 14:33:53,368 - automated_form_processor - INFO - Expected filename: form_34b.pdf
2025-08-19 14:33:53,368 - automated_form_processor - INFO - Available files: ['form_25c_-_adoption_order_flr-25c-may25-en-fil.docx', 'form_37_-_interjurisdictional_support_order_flr-37-apr24-en-fil.docx', 'form_10_-_answer_flr-10-jun25-en-fil.docx', 'form_29_-_request_garnishment_flr-29-apr16-en-fil.docx', 'form_10a_-_reply_flr-10a-e.pdf']...
2025-08-19 14:33:53,368 - automated_form_processor - INFO - Extracting fields from /Users/draw/development/docassemble/docassemble_webapp/docassemble/webapp/data/questions/ontario-family-law/utilities/workflow_output/parsed_data/downloads/form_34b.pdf
2025-08-19 14:33:53,368 - unified_parser_with_gcp - INFO - Starting comprehensive parsing of form_34b.pdf
2025-08-19 14:33:53,368 - unified_parser_with_gcp - INFO - Parsing with OSS native libraries...
2025-08-19 14:33:53,368 - unified_parser_with_gcp - INFO - Parsing tables with OSS libraries...
2025-08-19 14:33:53,368 - unified_parser_with_gcp - INFO - Building consensus from all extraction methods...
2025-08-19 14:33:53,368 - unified_parser_with_gcp - INFO - Validating consistency...
2025-08-19 14:33:53,368 - unified_parser_with_gcp - INFO - Applying Ontario-specific rules...
2025-08-19 14:33:53,368 - automated_form_processor - INFO - Extracted 0 fields using unified parser
2025-08-19 14:33:53,368 - automated_form_processor - INFO - Saved 0 fields to /Users/draw/development/docassemble/docassemble_webapp/docassemble/webapp/data/questions/ontario-family-law/utilities/workflow_output/parsed_data/csv/form_34B_fields.csv
2025-08-19 14:33:53,368 - automated_form_processor - INFO - Generated YAML interview: /Users/draw/development/docassemble/docassemble_webapp/docassemble/webapp/data/questions/ontario-family-law/utilities/workflow_output/parsed_data/yaml/form_34B_interview.yml
2025-08-19 14:33:53,369 - automated_form_processor - INFO - ✓ Successfully processed Form 34B
2025-08-19 14:33:53,370 - automated_form_processor - INFO - Processing Form 34C: form_34c_2018
2025-08-19 14:33:53,371 - automated_form_processor - ERROR - Could not find form file for Form 34C in /Users/draw/development/docassemble/docassemble_webapp/docassemble/webapp/data/questions/ontario-family-law/utilities/workflow_output/parsed_data/downloads
2025-08-19 14:33:53,371 - automated_form_processor - INFO - Expected filename: form_34c.pdf
2025-08-19 14:33:53,371 - automated_form_processor - INFO - Available files: ['form_25c_-_adoption_order_flr-25c-may25-en-fil.docx', 'form_37_-_interjurisdictional_support_order_flr-37-apr24-en-fil.docx', 'form_10_-_answer_flr-10-jun25-en-fil.docx', 'form_29_-_request_garnishment_flr-29-apr16-en-fil.docx', 'form_10a_-_reply_flr-10a-e.pdf']...
2025-08-19 14:33:53,371 - automated_form_processor - INFO - Extracting fields from /Users/draw/development/docassemble/docassemble_webapp/docassemble/webapp/data/questions/ontario-family-law/utilities/workflow_output/parsed_data/downloads/form_34c.pdf
2025-08-19 14:33:53,371 - unified_parser_with_gcp - INFO - Starting comprehensive parsing of form_34c.pdf
2025-08-19 14:33:53,371 - unified_parser_with_gcp - INFO - Parsing with OSS native libraries...
2025-08-19 14:33:53,371 - unified_parser_with_gcp - INFO - Parsing tables with OSS libraries...
2025-08-19 14:33:53,371 - unified_parser_with_gcp - INFO - Building consensus from all extraction methods...
2025-08-19 14:33:53,371 - unified_parser_with_gcp - INFO - Validating consistency...
2025-08-19 14:33:53,371 - unified_parser_with_gcp - INFO - Applying Ontario-specific rules...
2025-08-19 14:33:53,371 - automated_form_processor - INFO - Extracted 0 fields using unified parser
2025-08-19 14:33:53,371 - automated_form_processor - INFO - Saved 0 fields to /Users/draw/development/docassemble/docassemble_webapp/docassemble/webapp/data/questions/ontario-family-law/utilities/workflow_output/parsed_data/csv/form_34C_fields.csv
2025-08-19 14:33:53,372 - automated_form_processor - INFO - Generated YAML interview: /Users/draw/development/docassemble/docassemble_webapp/docassemble/webapp/data/questions/ontario-family-law/utilities/workflow_output/parsed_data/yaml/form_34C_interview.yml
2025-08-19 14:33:53,372 - automated_form_processor - INFO - ✓ Successfully processed Form 34C
2025-08-19 14:33:53,374 - automated_form_processor - INFO - Processing Form 34D: form_34d_2018
2025-08-19 14:33:53,374 - automated_form_processor - ERROR - Could not find form file for Form 34D in /Users/draw/development/docassemble/docassemble_webapp/docassemble/webapp/data/questions/ontario-family-law/utilities/workflow_output/parsed_data/downloads
2025-08-19 14:33:53,374 - automated_form_processor - INFO - Expected filename: form_34d.pdf
2025-08-19 14:33:53,374 - automated_form_processor - INFO - Available files: ['form_25c_-_adoption_order_flr-25c-may25-en-fil.docx', 'form_37_-_interjurisdictional_support_order_flr-37-apr24-en-fil.docx', 'form_10_-_answer_flr-10-jun25-en-fil.docx', 'form_29_-_request_garnishment_flr-29-apr16-en-fil.docx', 'form_10a_-_reply_flr-10a-e.pdf']...
2025-08-19 14:33:53,374 - automated_form_processor - INFO - Extracting fields from /Users/draw/development/docassemble/docassemble_webapp/docassemble/webapp/data/questions/ontario-family-law/utilities/workflow_output/parsed_data/downloads/form_34d.pdf
2025-08-19 14:33:53,374 - unified_parser_with_gcp - INFO - Starting comprehensive parsing of form_34d.pdf
2025-08-19 14:33:53,374 - unified_parser_with_gcp - INFO - Parsing with OSS native libraries...
2025-08-19 14:33:53,374 - unified_parser_with_gcp - INFO - Parsing tables with OSS libraries...
2025-08-19 14:33:53,374 - unified_parser_with_gcp - INFO - Building consensus from all extraction methods...
2025-08-19 14:33:53,374 - unified_parser_with_gcp - INFO - Validating consistency...
2025-08-19 14:33:53,374 - unified_parser_with_gcp - INFO - Applying Ontario-specific rules...
2025-08-19 14:33:53,374 - automated_form_processor - INFO - Extracted 0 fields using unified parser
2025-08-19 14:33:53,375 - automated_form_processor - INFO - Saved 0 fields to /Users/draw/development/docassemble/docassemble_webapp/docassemble/webapp/data/questions/ontario-family-law/utilities/workflow_output/parsed_data/csv/form_34D_fields.csv
2025-08-19 14:33:53,375 - automated_form_processor - INFO - Generated YAML interview: /Users/draw/development/docassemble/docassemble_webapp/docassemble/webapp/data/questions/ontario-family-law/utilities/workflow_output/parsed_data/yaml/form_34D_interview.yml
2025-08-19 14:33:53,375 - automated_form_processor - INFO - ✓ Successfully processed Form 34D
2025-08-19 14:33:53,377 - automated_form_processor - INFO - Processing Form 34E: form_34e_2018
2025-08-19 14:33:53,377 - automated_form_processor - ERROR - Could not find form file for Form 34E in /Users/draw/development/docassemble/docassemble_webapp/docassemble/webapp/data/questions/ontario-family-law/utilities/workflow_output/parsed_data/downloads
2025-08-19 14:33:53,377 - automated_form_processor - INFO - Expected filename: form_34e.pdf
2025-08-19 14:33:53,377 - automated_form_processor - INFO - Available files: ['form_25c_-_adoption_order_flr-25c-may25-en-fil.docx', 'form_37_-_interjurisdictional_support_order_flr-37-apr24-en-fil.docx', 'form_10_-_answer_flr-10-jun25-en-fil.docx', 'form_29_-_request_garnishment_flr-29-apr16-en-fil.docx', 'form_10a_-_reply_flr-10a-e.pdf']...
2025-08-19 14:33:53,377 - automated_form_processor - INFO - Extracting fields from /Users/draw/development/docassemble/docassemble_webapp/docassemble/webapp/data/questions/ontario-family-law/utilities/workflow_output/parsed_data/downloads/form_34e.pdf
2025-08-19 14:33:53,377 - unified_parser_with_gcp - INFO - Starting comprehensive parsing of form_34e.pdf
2025-08-19 14:33:53,377 - unified_parser_with_gcp - INFO - Parsing with OSS native libraries...
2025-08-19 14:33:53,378 - unified_parser_with_gcp - INFO - Parsing tables with OSS libraries...
2025-08-19 14:33:53,378 - unified_parser_with_gcp - INFO - Building consensus from all extraction methods...
2025-08-19 14:33:53,378 - unified_parser_with_gcp - INFO - Validating consistency...
2025-08-19 14:33:53,378 - unified_parser_with_gcp - INFO - Applying Ontario-specific rules...
2025-08-19 14:33:53,378 - automated_form_processor - INFO - Extracted 0 fields using unified parser
2025-08-19 14:33:53,378 - automated_form_processor - INFO - Saved 0 fields to /Users/draw/development/docassemble/docassemble_webapp/docassemble/webapp/data/questions/ontario-family-law/utilities/workflow_output/parsed_data/csv/form_34E_fields.csv
2025-08-19 14:33:53,378 - automated_form_processor - INFO - Generated YAML interview: /Users/draw/development/docassemble/docassemble_webapp/docassemble/webapp/data/questions/ontario-family-law/utilities/workflow_output/parsed_data/yaml/form_34E_interview.yml
2025-08-19 14:33:53,379 - automated_form_processor - INFO - ✓ Successfully processed Form 34E
2025-08-19 14:33:53,380 - automated_form_processor - INFO - Processing Form 34F: form-34f-en-dec20
2025-08-19 14:33:53,380 - automated_form_processor - INFO - Found form file: /Users/draw/development/docassemble/docassemble_webapp/docassemble/webapp/data/questions/ontario-family-law/utilities/workflow_output/parsed_data/downloads/form_34f_-_consents_adoption_form-34f-en-dec20.docx
2025-08-19 14:33:53,380 - automated_form_processor - INFO - Extracting fields from /Users/draw/development/docassemble/docassemble_webapp/docassemble/webapp/data/questions/ontario-family-law/utilities/workflow_output/parsed_data/downloads/form_34f_-_consents_adoption_form-34f-en-dec20.docx
2025-08-19 14:33:53,380 - unified_parser_with_gcp - INFO - Starting comprehensive parsing of form_34f_-_consents_adoption_form-34f-en-dec20.docx
2025-08-19 14:33:53,380 - unified_parser_with_gcp - INFO - Parsing with OSS native libraries...
2025-08-19 14:33:53,490 - unified_parser_with_gcp - INFO - Parsing tables with OSS libraries...
2025-08-19 14:33:53,491 - unified_parser_with_gcp - INFO - Building consensus from all extraction methods...
2025-08-19 14:33:53,491 - unified_parser_with_gcp - INFO - Validating consistency...
2025-08-19 14:33:53,491 - unified_parser_with_gcp - INFO - Applying Ontario-specific rules...
2025-08-19 14:33:53,493 - automated_form_processor - INFO - Extracted 64 fields using unified parser
2025-08-19 14:33:53,494 - automated_form_processor - INFO - Saved 64 fields to /Users/draw/development/docassemble/docassemble_webapp/docassemble/webapp/data/questions/ontario-family-law/utilities/workflow_output/parsed_data/csv/form_34F_fields.csv
2025-08-19 14:33:53,501 - automated_form_processor - INFO - Generated YAML interview: /Users/draw/development/docassemble/docassemble_webapp/docassemble/webapp/data/questions/ontario-family-law/utilities/workflow_output/parsed_data/yaml/form_34F_interview.yml
2025-08-19 14:33:53,502 - automated_form_processor - INFO - ✓ Successfully processed Form 34F
2025-08-19 14:33:53,503 - automated_form_processor - INFO - Processing Form 34G: form-34g-en-dec20
2025-08-19 14:33:53,503 - automated_form_processor - INFO - Found form file: /Users/draw/development/docassemble/docassemble_webapp/docassemble/webapp/data/questions/ontario-family-law/utilities/workflow_output/parsed_data/downloads/form_34g_-_affidavit_adopting_parent_form-34g-en-dec20.docx
2025-08-19 14:33:53,503 - automated_form_processor - INFO - Extracting fields from /Users/draw/development/docassemble/docassemble_webapp/docassemble/webapp/data/questions/ontario-family-law/utilities/workflow_output/parsed_data/downloads/form_34g_-_affidavit_adopting_parent_form-34g-en-dec20.docx
2025-08-19 14:33:53,503 - unified_parser_with_gcp - INFO - Starting comprehensive parsing of form_34g_-_affidavit_adopting_parent_form-34g-en-dec20.docx
2025-08-19 14:33:53,503 - unified_parser_with_gcp - INFO - Parsing with OSS native libraries...
2025-08-19 14:33:53,585 - unified_parser_with_gcp - INFO - Parsing tables with OSS libraries...
2025-08-19 14:33:53,585 - unified_parser_with_gcp - INFO - Building consensus from all extraction methods...
2025-08-19 14:33:53,585 - unified_parser_with_gcp - INFO - Validating consistency...
2025-08-19 14:33:53,585 - unified_parser_with_gcp - INFO - Applying Ontario-specific rules...
2025-08-19 14:33:53,586 - automated_form_processor - INFO - Extracted 56 fields using unified parser
2025-08-19 14:33:53,586 - automated_form_processor - INFO - Saved 56 fields to /Users/draw/development/docassemble/docassemble_webapp/docassemble/webapp/data/questions/ontario-family-law/utilities/workflow_output/parsed_data/csv/form_34G_fields.csv
2025-08-19 14:33:53,592 - automated_form_processor - INFO - Generated YAML interview: /Users/draw/development/docassemble/docassemble_webapp/docassemble/webapp/data/questions/ontario-family-law/utilities/workflow_output/parsed_data/yaml/form_34G_interview.yml
2025-08-19 14:33:53,593 - automated_form_processor - INFO - ✓ Successfully processed Form 34G
2025-08-19 14:33:53,594 - automated_form_processor - INFO - Processing Form 34H: may25-en-fil
2025-08-19 14:33:53,595 - automated_form_processor - ERROR - Could not find form file for Form 34H in /Users/draw/development/docassemble/docassemble_webapp/docassemble/webapp/data/questions/ontario-family-law/utilities/workflow_output/parsed_data/downloads
2025-08-19 14:33:53,595 - automated_form_processor - INFO - Expected filename: form_34h.pdf
2025-08-19 14:33:53,595 - automated_form_processor - INFO - Available files: ['form_25c_-_adoption_order_flr-25c-may25-en-fil.docx', 'form_37_-_interjurisdictional_support_order_flr-37-apr24-en-fil.docx', 'form_10_-_answer_flr-10-jun25-en-fil.docx', 'form_29_-_request_garnishment_flr-29-apr16-en-fil.docx', 'form_10a_-_reply_flr-10a-e.pdf']...
2025-08-19 14:33:53,595 - automated_form_processor - INFO - Extracting fields from /Users/draw/development/docassemble/docassemble_webapp/docassemble/webapp/data/questions/ontario-family-law/utilities/workflow_output/parsed_data/downloads/form_34h.pdf
2025-08-19 14:33:53,595 - unified_parser_with_gcp - INFO - Starting comprehensive parsing of form_34h.pdf
2025-08-19 14:33:53,595 - unified_parser_with_gcp - INFO - Parsing with OSS native libraries...
2025-08-19 14:33:53,595 - unified_parser_with_gcp - INFO - Parsing tables with OSS libraries...
2025-08-19 14:33:53,595 - unified_parser_with_gcp - INFO - Building consensus from all extraction methods...
2025-08-19 14:33:53,595 - unified_parser_with_gcp - INFO - Validating consistency...
2025-08-19 14:33:53,595 - unified_parser_with_gcp - INFO - Applying Ontario-specific rules...
2025-08-19 14:33:53,595 - automated_form_processor - INFO - Extracted 0 fields using unified parser
2025-08-19 14:33:53,595 - automated_form_processor - INFO - Saved 0 fields to /Users/draw/development/docassemble/docassemble_webapp/docassemble/webapp/data/questions/ontario-family-law/utilities/workflow_output/parsed_data/csv/form_34H_fields.csv
2025-08-19 14:33:53,596 - automated_form_processor - INFO - Generated YAML interview: /Users/draw/development/docassemble/docassemble_webapp/docassemble/webapp/data/questions/ontario-family-law/utilities/workflow_output/parsed_data/yaml/form_34H_interview.yml
2025-08-19 14:33:53,596 - automated_form_processor - INFO - ✓ Successfully processed Form 34H
2025-08-19 14:33:53,597 - automated_form_processor - INFO - Processing Form 34I: form-34i-en-dec20
2025-08-19 14:33:53,598 - automated_form_processor - INFO - Found form file: /Users/draw/development/docassemble/docassemble_webapp/docassemble/webapp/data/questions/ontario-family-law/utilities/workflow_output/parsed_data/downloads/form_34i_-_affidavit_adopting_relative_form-34i-en-dec20.docx
2025-08-19 14:33:53,598 - automated_form_processor - INFO - Extracting fields from /Users/draw/development/docassemble/docassemble_webapp/docassemble/webapp/data/questions/ontario-family-law/utilities/workflow_output/parsed_data/downloads/form_34i_-_affidavit_adopting_relative_form-34i-en-dec20.docx
2025-08-19 14:33:53,598 - unified_parser_with_gcp - INFO - Starting comprehensive parsing of form_34i_-_affidavit_adopting_relative_form-34i-en-dec20.docx
2025-08-19 14:33:53,598 - unified_parser_with_gcp - INFO - Parsing with OSS native libraries...
2025-08-19 14:33:53,707 - unified_parser_with_gcp - INFO - Parsing tables with OSS libraries...
2025-08-19 14:33:53,707 - unified_parser_with_gcp - INFO - Building consensus from all extraction methods...
2025-08-19 14:33:53,708 - unified_parser_with_gcp - INFO - Validating consistency...
2025-08-19 14:33:53,708 - unified_parser_with_gcp - INFO - Applying Ontario-specific rules...
2025-08-19 14:33:53,708 - automated_form_processor - INFO - Extracted 60 fields using unified parser
2025-08-19 14:33:53,709 - automated_form_processor - INFO - Saved 60 fields to /Users/draw/development/docassemble/docassemble_webapp/docassemble/webapp/data/questions/ontario-family-law/utilities/workflow_output/parsed_data/csv/form_34I_fields.csv
2025-08-19 14:33:53,716 - automated_form_processor - INFO - Generated YAML interview: /Users/draw/development/docassemble/docassemble_webapp/docassemble/webapp/data/questions/ontario-family-law/utilities/workflow_output/parsed_data/yaml/form_34I_interview.yml
2025-08-19 14:33:53,717 - automated_form_processor - INFO - ✓ Successfully processed Form 34I
2025-08-19 14:33:53,718 - automated_form_processor - INFO - Processing Form 34J: nov18-en-fil
2025-08-19 14:33:53,718 - automated_form_processor - ERROR - Could not find form file for Form 34J in /Users/draw/development/docassemble/docassemble_webapp/docassemble/webapp/data/questions/ontario-family-law/utilities/workflow_output/parsed_data/downloads
2025-08-19 14:33:53,718 - automated_form_processor - INFO - Expected filename: form_34j.pdf
2025-08-19 14:33:53,719 - automated_form_processor - INFO - Available files: ['form_25c_-_adoption_order_flr-25c-may25-en-fil.docx', 'form_37_-_interjurisdictional_support_order_flr-37-apr24-en-fil.docx', 'form_10_-_answer_flr-10-jun25-en-fil.docx', 'form_29_-_request_garnishment_flr-29-apr16-en-fil.docx', 'form_10a_-_reply_flr-10a-e.pdf']...
2025-08-19 14:33:53,719 - automated_form_processor - INFO - Extracting fields from /Users/draw/development/docassemble/docassemble_webapp/docassemble/webapp/data/questions/ontario-family-law/utilities/workflow_output/parsed_data/downloads/form_34j.pdf
2025-08-19 14:33:53,719 - unified_parser_with_gcp - INFO - Starting comprehensive parsing of form_34j.pdf
2025-08-19 14:33:53,719 - unified_parser_with_gcp - INFO - Parsing with OSS native libraries...
2025-08-19 14:33:53,719 - unified_parser_with_gcp - INFO - Parsing tables with OSS libraries...
2025-08-19 14:33:53,719 - unified_parser_with_gcp - INFO - Building consensus from all extraction methods...
2025-08-19 14:33:53,719 - unified_parser_with_gcp - INFO - Validating consistency...
2025-08-19 14:33:53,719 - unified_parser_with_gcp - INFO - Applying Ontario-specific rules...
2025-08-19 14:33:53,719 - automated_form_processor - INFO - Extracted 0 fields using unified parser
2025-08-19 14:33:53,719 - automated_form_processor - INFO - Saved 0 fields to /Users/draw/development/docassemble/docassemble_webapp/docassemble/webapp/data/questions/ontario-family-law/utilities/workflow_output/parsed_data/csv/form_34J_fields.csv
2025-08-19 14:33:53,719 - automated_form_processor - INFO - Generated YAML interview: /Users/draw/development/docassemble/docassemble_webapp/docassemble/webapp/data/questions/ontario-family-law/utilities/workflow_output/parsed_data/yaml/form_34J_interview.yml
2025-08-19 14:33:53,720 - automated_form_processor - INFO - ✓ Successfully processed Form 34J
2025-08-19 14:33:53,721 - automated_form_processor - INFO - Processing Form 34K: may25-en-fil
2025-08-19 14:33:53,722 - automated_form_processor - ERROR - Could not find form file for Form 34K in /Users/draw/development/docassemble/docassemble_webapp/docassemble/webapp/data/questions/ontario-family-law/utilities/workflow_output/parsed_data/downloads
2025-08-19 14:33:53,722 - automated_form_processor - INFO - Expected filename: form_34k.pdf
2025-08-19 14:33:53,722 - automated_form_processor - INFO - Available files: ['form_25c_-_adoption_order_flr-25c-may25-en-fil.docx', 'form_37_-_interjurisdictional_support_order_flr-37-apr24-en-fil.docx', 'form_10_-_answer_flr-10-jun25-en-fil.docx', 'form_29_-_request_garnishment_flr-29-apr16-en-fil.docx', 'form_10a_-_reply_flr-10a-e.pdf']...
2025-08-19 14:33:53,722 - automated_form_processor - INFO - Extracting fields from /Users/draw/development/docassemble/docassemble_webapp/docassemble/webapp/data/questions/ontario-family-law/utilities/workflow_output/parsed_data/downloads/form_34k.pdf
2025-08-19 14:33:53,722 - unified_parser_with_gcp - INFO - Starting comprehensive parsing of form_34k.pdf
2025-08-19 14:33:53,722 - unified_parser_with_gcp - INFO - Parsing with OSS native libraries...
2025-08-19 14:33:53,723 - unified_parser_with_gcp - INFO - Parsing tables with OSS libraries...
2025-08-19 14:33:53,723 - unified_parser_with_gcp - INFO - Building consensus from all extraction methods...
2025-08-19 14:33:53,723 - unified_parser_with_gcp - INFO - Validating consistency...
2025-08-19 14:33:53,723 - unified_parser_with_gcp - INFO - Applying Ontario-specific rules...
2025-08-19 14:33:53,723 - automated_form_processor - INFO - Extracted 0 fields using unified parser
2025-08-19 14:33:53,723 - automated_form_processor - INFO - Saved 0 fields to /Users/draw/development/docassemble/docassemble_webapp/docassemble/webapp/data/questions/ontario-family-law/utilities/workflow_output/parsed_data/csv/form_34K_fields.csv
2025-08-19 14:33:53,723 - automated_form_processor - INFO - Generated YAML interview: /Users/draw/development/docassemble/docassemble_webapp/docassemble/webapp/data/questions/ontario-family-law/utilities/workflow_output/parsed_data/yaml/form_34K_interview.yml
2025-08-19 14:33:53,724 - automated_form_processor - INFO - ✓ Successfully processed Form 34K
2025-08-19 14:33:53,725 - automated_form_processor - INFO - Processing Form 34L: form_34l_2018
2025-08-19 14:33:53,725 - automated_form_processor - ERROR - Could not find form file for Form 34L in /Users/draw/development/docassemble/docassemble_webapp/docassemble/webapp/data/questions/ontario-family-law/utilities/workflow_output/parsed_data/downloads
2025-08-19 14:33:53,725 - automated_form_processor - INFO - Expected filename: form_34l.pdf
2025-08-19 14:33:53,726 - automated_form_processor - INFO - Available files: ['form_25c_-_adoption_order_flr-25c-may25-en-fil.docx', 'form_37_-_interjurisdictional_support_order_flr-37-apr24-en-fil.docx', 'form_10_-_answer_flr-10-jun25-en-fil.docx', 'form_29_-_request_garnishment_flr-29-apr16-en-fil.docx', 'form_10a_-_reply_flr-10a-e.pdf']...
2025-08-19 14:33:53,726 - automated_form_processor - INFO - Extracting fields from /Users/draw/development/docassemble/docassemble_webapp/docassemble/webapp/data/questions/ontario-family-law/utilities/workflow_output/parsed_data/downloads/form_34l.pdf
2025-08-19 14:33:53,726 - unified_parser_with_gcp - INFO - Starting comprehensive parsing of form_34l.pdf
2025-08-19 14:33:53,726 - unified_parser_with_gcp - INFO - Parsing with OSS native libraries...
2025-08-19 14:33:53,726 - unified_parser_with_gcp - INFO - Parsing tables with OSS libraries...
2025-08-19 14:33:53,726 - unified_parser_with_gcp - INFO - Building consensus from all extraction methods...
2025-08-19 14:33:53,726 - unified_parser_with_gcp - INFO - Validating consistency...
2025-08-19 14:33:53,726 - unified_parser_with_gcp - INFO - Applying Ontario-specific rules...
2025-08-19 14:33:53,726 - automated_form_processor - INFO - Extracted 0 fields using unified parser
2025-08-19 14:33:53,726 - automated_form_processor - INFO - Saved 0 fields to /Users/draw/development/docassemble/docassemble_webapp/docassemble/webapp/data/questions/ontario-family-law/utilities/workflow_output/parsed_data/csv/form_34L_fields.csv
2025-08-19 14:33:53,726 - automated_form_processor - INFO - Generated YAML interview: /Users/draw/development/docassemble/docassemble_webapp/docassemble/webapp/data/questions/ontario-family-law/utilities/workflow_output/parsed_data/yaml/form_34L_interview.yml
2025-08-19 14:33:53,727 - automated_form_processor - INFO - ✓ Successfully processed Form 34L
2025-08-19 14:33:53,728 - automated_form_processor - INFO - Processing Form 34M: form_34m_2018
2025-08-19 14:33:53,729 - automated_form_processor - ERROR - Could not find form file for Form 34M in /Users/draw/development/docassemble/docassemble_webapp/docassemble/webapp/data/questions/ontario-family-law/utilities/workflow_output/parsed_data/downloads
2025-08-19 14:33:53,729 - automated_form_processor - INFO - Expected filename: form_34m.pdf
2025-08-19 14:33:53,729 - automated_form_processor - INFO - Available files: ['form_25c_-_adoption_order_flr-25c-may25-en-fil.docx', 'form_37_-_interjurisdictional_support_order_flr-37-apr24-en-fil.docx', 'form_10_-_answer_flr-10-jun25-en-fil.docx', 'form_29_-_request_garnishment_flr-29-apr16-en-fil.docx', 'form_10a_-_reply_flr-10a-e.pdf']...
2025-08-19 14:33:53,729 - automated_form_processor - INFO - Extracting fields from /Users/draw/development/docassemble/docassemble_webapp/docassemble/webapp/data/questions/ontario-family-law/utilities/workflow_output/parsed_data/downloads/form_34m.pdf
2025-08-19 14:33:53,729 - unified_parser_with_gcp - INFO - Starting comprehensive parsing of form_34m.pdf
2025-08-19 14:33:53,729 - unified_parser_with_gcp - INFO - Parsing with OSS native libraries...
2025-08-19 14:33:53,729 - unified_parser_with_gcp - INFO - Parsing tables with OSS libraries...
2025-08-19 14:33:53,729 - unified_parser_with_gcp - INFO - Building consensus from all extraction methods...
2025-08-19 14:33:53,729 - unified_parser_with_gcp - INFO - Validating consistency...
2025-08-19 14:33:53,729 - unified_parser_with_gcp - INFO - Applying Ontario-specific rules...
2025-08-19 14:33:53,729 - automated_form_processor - INFO - Extracted 0 fields using unified parser
2025-08-19 14:33:53,729 - automated_form_processor - INFO - Saved 0 fields to /Users/draw/development/docassemble/docassemble_webapp/docassemble/webapp/data/questions/ontario-family-law/utilities/workflow_output/parsed_data/csv/form_34M_fields.csv
2025-08-19 14:33:53,729 - automated_form_processor - INFO - Generated YAML interview: /Users/draw/development/docassemble/docassemble_webapp/docassemble/webapp/data/questions/ontario-family-law/utilities/workflow_output/parsed_data/yaml/form_34M_interview.yml
2025-08-19 14:33:53,730 - automated_form_processor - INFO - ✓ Successfully processed Form 34M
2025-08-19 14:33:53,731 - automated_form_processor - INFO - Processing Form 34N: form_34n_2018
2025-08-19 14:33:53,732 - automated_form_processor - ERROR - Could not find form file for Form 34N in /Users/draw/development/docassemble/docassemble_webapp/docassemble/webapp/data/questions/ontario-family-law/utilities/workflow_output/parsed_data/downloads
2025-08-19 14:33:53,732 - automated_form_processor - INFO - Expected filename: form_34n.pdf
2025-08-19 14:33:53,732 - automated_form_processor - INFO - Available files: ['form_25c_-_adoption_order_flr-25c-may25-en-fil.docx', 'form_37_-_interjurisdictional_support_order_flr-37-apr24-en-fil.docx', 'form_10_-_answer_flr-10-jun25-en-fil.docx', 'form_29_-_request_garnishment_flr-29-apr16-en-fil.docx', 'form_10a_-_reply_flr-10a-e.pdf']...
2025-08-19 14:33:53,732 - automated_form_processor - INFO - Extracting fields from /Users/draw/development/docassemble/docassemble_webapp/docassemble/webapp/data/questions/ontario-family-law/utilities/workflow_output/parsed_data/downloads/form_34n.pdf
2025-08-19 14:33:53,732 - unified_parser_with_gcp - INFO - Starting comprehensive parsing of form_34n.pdf
2025-08-19 14:33:53,732 - unified_parser_with_gcp - INFO - Parsing with OSS native libraries...
2025-08-19 14:33:53,732 - unified_parser_with_gcp - INFO - Parsing tables with OSS libraries...
2025-08-19 14:33:53,732 - unified_parser_with_gcp - INFO - Building consensus from all extraction methods...
2025-08-19 14:33:53,732 - unified_parser_with_gcp - INFO - Validating consistency...
2025-08-19 14:33:53,733 - unified_parser_with_gcp - INFO - Applying Ontario-specific rules...
2025-08-19 14:33:53,733 - automated_form_processor - INFO - Extracted 0 fields using unified parser
2025-08-19 14:33:53,733 - automated_form_processor - INFO - Saved 0 fields to /Users/draw/development/docassemble/docassemble_webapp/docassemble/webapp/data/questions/ontario-family-law/utilities/workflow_output/parsed_data/csv/form_34N_fields.csv
2025-08-19 14:33:53,733 - automated_form_processor - INFO - Generated YAML interview: /Users/draw/development/docassemble/docassemble_webapp/docassemble/webapp/data/questions/ontario-family-law/utilities/workflow_output/parsed_data/yaml/form_34N_interview.yml
2025-08-19 14:33:53,734 - automated_form_processor - INFO - ✓ Successfully processed Form 34N
2025-08-19 14:33:53,735 - automated_form_processor - INFO - Processing Form 35: 1-0921-en
2025-08-19 14:33:53,736 - automated_form_processor - ERROR - Could not find form file for Form 35 in /Users/draw/development/docassemble/docassemble_webapp/docassemble/webapp/data/questions/ontario-family-law/utilities/workflow_output/parsed_data/downloads
2025-08-19 14:33:53,736 - automated_form_processor - INFO - Expected filename: form_35.pdf
2025-08-19 14:33:53,736 - automated_form_processor - INFO - Available files: ['form_25c_-_adoption_order_flr-25c-may25-en-fil.docx', 'form_37_-_interjurisdictional_support_order_flr-37-apr24-en-fil.docx', 'form_10_-_answer_flr-10-jun25-en-fil.docx', 'form_29_-_request_garnishment_flr-29-apr16-en-fil.docx', 'form_10a_-_reply_flr-10a-e.pdf']...
2025-08-19 14:33:53,736 - automated_form_processor - INFO - Extracting fields from /Users/draw/development/docassemble/docassemble_webapp/docassemble/webapp/data/questions/ontario-family-law/utilities/workflow_output/parsed_data/downloads/form_35.pdf
2025-08-19 14:33:53,736 - unified_parser_with_gcp - INFO - Starting comprehensive parsing of form_35.pdf
2025-08-19 14:33:53,736 - unified_parser_with_gcp - INFO - Parsing with OSS native libraries...
2025-08-19 14:33:53,736 - unified_parser_with_gcp - INFO - Parsing tables with OSS libraries...
2025-08-19 14:33:53,736 - unified_parser_with_gcp - INFO - Building consensus from all extraction methods...
2025-08-19 14:33:53,736 - unified_parser_with_gcp - INFO - Validating consistency...
2025-08-19 14:33:53,736 - unified_parser_with_gcp - INFO - Applying Ontario-specific rules...
2025-08-19 14:33:53,736 - automated_form_processor - INFO - Extracted 0 fields using unified parser
2025-08-19 14:33:53,736 - automated_form_processor - INFO - Saved 0 fields to /Users/draw/development/docassemble/docassemble_webapp/docassemble/webapp/data/questions/ontario-family-law/utilities/workflow_output/parsed_data/csv/form_35_fields.csv
2025-08-19 14:33:53,737 - automated_form_processor - INFO - Generated YAML interview: /Users/draw/development/docassemble/docassemble_webapp/docassemble/webapp/data/questions/ontario-family-law/utilities/workflow_output/parsed_data/yaml/form_35_interview.yml
2025-08-19 14:33:53,737 - automated_form_processor - INFO - ✓ Successfully processed Form 35
2025-08-19 14:33:53,739 - automated_form_processor - INFO - Processing Form 36: apr24-en-fil
2025-08-19 14:33:53,739 - automated_form_processor - INFO - Found form file: /Users/draw/development/docassemble/docassemble_webapp/docassemble/webapp/data/questions/ontario-family-law/utilities/workflow_output/parsed_data/downloads/form_36_-_affidavit_for_divorce_flr-36-apr24-en-fil.docx
2025-08-19 14:33:53,739 - automated_form_processor - INFO - Extracting fields from /Users/draw/development/docassemble/docassemble_webapp/docassemble/webapp/data/questions/ontario-family-law/utilities/workflow_output/parsed_data/downloads/form_36_-_affidavit_for_divorce_flr-36-apr24-en-fil.docx
2025-08-19 14:33:53,739 - unified_parser_with_gcp - INFO - Starting comprehensive parsing of form_36_-_affidavit_for_divorce_flr-36-apr24-en-fil.docx
2025-08-19 14:33:53,739 - unified_parser_with_gcp - INFO - Parsing with OSS native libraries...
2025-08-19 14:33:53,888 - unified_parser_with_gcp - INFO - Parsing tables with OSS libraries...
2025-08-19 14:33:53,888 - unified_parser_with_gcp - INFO - Building consensus from all extraction methods...
2025-08-19 14:33:53,889 - unified_parser_with_gcp - INFO - Validating consistency...
2025-08-19 14:33:53,889 - unified_parser_with_gcp - INFO - Applying Ontario-specific rules...
2025-08-19 14:33:53,890 - automated_form_processor - INFO - Extracted 78 fields using unified parser
2025-08-19 14:33:53,891 - automated_form_processor - INFO - Saved 78 fields to /Users/draw/development/docassemble/docassemble_webapp/docassemble/webapp/data/questions/ontario-family-law/utilities/workflow_output/parsed_data/csv/form_36_fields.csv
2025-08-19 14:33:53,898 - automated_form_processor - INFO - Generated YAML interview: /Users/draw/development/docassemble/docassemble_webapp/docassemble/webapp/data/questions/ontario-family-law/utilities/workflow_output/parsed_data/yaml/form_36_interview.yml
2025-08-19 14:33:53,899 - automated_form_processor - INFO - ✓ Successfully processed Form 36
2025-08-19 14:33:53,901 - automated_form_processor - INFO - Processing Form 36A: dec20-en-fil
2025-08-19 14:33:53,901 - automated_form_processor - INFO - Found form file: /Users/draw/development/docassemble/docassemble_webapp/docassemble/webapp/data/questions/ontario-family-law/utilities/workflow_output/parsed_data/downloads/form_36a_-_certificate_divorce_flr-36a-dec20-en-fil.docx
2025-08-19 14:33:53,901 - automated_form_processor - INFO - Extracting fields from /Users/draw/development/docassemble/docassemble_webapp/docassemble/webapp/data/questions/ontario-family-law/utilities/workflow_output/parsed_data/downloads/form_36a_-_certificate_divorce_flr-36a-dec20-en-fil.docx
2025-08-19 14:33:53,901 - unified_parser_with_gcp - INFO - Starting comprehensive parsing of form_36a_-_certificate_divorce_flr-36a-dec20-en-fil.docx
2025-08-19 14:33:53,901 - unified_parser_with_gcp - INFO - Parsing with OSS native libraries...
2025-08-19 14:33:54,085 - unified_parser_with_gcp - INFO - Parsing tables with OSS libraries...
2025-08-19 14:33:54,085 - unified_parser_with_gcp - INFO - Building consensus from all extraction methods...
2025-08-19 14:33:54,086 - unified_parser_with_gcp - INFO - Validating consistency...
2025-08-19 14:33:54,086 - unified_parser_with_gcp - INFO - Applying Ontario-specific rules...
2025-08-19 14:33:54,087 - automated_form_processor - INFO - Extracted 81 fields using unified parser
2025-08-19 14:33:54,088 - automated_form_processor - INFO - Saved 81 fields to /Users/draw/development/docassemble/docassemble_webapp/docassemble/webapp/data/questions/ontario-family-law/utilities/workflow_output/parsed_data/csv/form_36A_fields.csv
2025-08-19 14:33:54,094 - automated_form_processor - INFO - Generated YAML interview: /Users/draw/development/docassemble/docassemble_webapp/docassemble/webapp/data/questions/ontario-family-law/utilities/workflow_output/parsed_data/yaml/form_36A_interview.yml
2025-08-19 14:33:54,095 - automated_form_processor - INFO - ✓ Successfully processed Form 36A
2025-08-19 14:33:54,096 - automated_form_processor - INFO - Processing Form 36B: e
2025-08-19 14:33:54,097 - automated_form_processor - ERROR - Could not find form file for Form 36B in /Users/draw/development/docassemble/docassemble_webapp/docassemble/webapp/data/questions/ontario-family-law/utilities/workflow_output/parsed_data/downloads
2025-08-19 14:33:54,097 - automated_form_processor - INFO - Expected filename: form_36b.pdf
2025-08-19 14:33:54,097 - automated_form_processor - INFO - Available files: ['form_25c_-_adoption_order_flr-25c-may25-en-fil.docx', 'form_37_-_interjurisdictional_support_order_flr-37-apr24-en-fil.docx', 'form_10_-_answer_flr-10-jun25-en-fil.docx', 'form_29_-_request_garnishment_flr-29-apr16-en-fil.docx', 'form_10a_-_reply_flr-10a-e.pdf']...
2025-08-19 14:33:54,097 - automated_form_processor - INFO - Extracting fields from /Users/draw/development/docassemble/docassemble_webapp/docassemble/webapp/data/questions/ontario-family-law/utilities/workflow_output/parsed_data/downloads/form_36b.pdf
2025-08-19 14:33:54,097 - unified_parser_with_gcp - INFO - Starting comprehensive parsing of form_36b.pdf
2025-08-19 14:33:54,097 - unified_parser_with_gcp - INFO - Parsing with OSS native libraries...
2025-08-19 14:33:54,097 - unified_parser_with_gcp - INFO - Parsing tables with OSS libraries...
2025-08-19 14:33:54,097 - unified_parser_with_gcp - INFO - Building consensus from all extraction methods...
2025-08-19 14:33:54,097 - unified_parser_with_gcp - INFO - Validating consistency...
2025-08-19 14:33:54,097 - unified_parser_with_gcp - INFO - Applying Ontario-specific rules...
2025-08-19 14:33:54,097 - automated_form_processor - INFO - Extracted 0 fields using unified parser
2025-08-19 14:33:54,097 - automated_form_processor - INFO - Saved 0 fields to /Users/draw/development/docassemble/docassemble_webapp/docassemble/webapp/data/questions/ontario-family-law/utilities/workflow_output/parsed_data/csv/form_36B_fields.csv
2025-08-19 14:33:54,098 - automated_form_processor - INFO - Generated YAML interview: /Users/draw/development/docassemble/docassemble_webapp/docassemble/webapp/data/questions/ontario-family-law/utilities/workflow_output/parsed_data/yaml/form_36B_interview.yml
2025-08-19 14:33:54,098 - automated_form_processor - INFO - ✓ Successfully processed Form 36B
2025-08-19 14:33:54,100 - automated_form_processor - INFO - Processing Form 37: apr24-en-fil
2025-08-19 14:33:54,100 - automated_form_processor - INFO - Found form file: /Users/draw/development/docassemble/docassemble_webapp/docassemble/webapp/data/questions/ontario-family-law/utilities/workflow_output/parsed_data/downloads/form_37_-_interjurisdictional_support_order_flr-37-apr24-en-fil.docx
2025-08-19 14:33:54,100 - automated_form_processor - INFO - Extracting fields from /Users/draw/development/docassemble/docassemble_webapp/docassemble/webapp/data/questions/ontario-family-law/utilities/workflow_output/parsed_data/downloads/form_37_-_interjurisdictional_support_order_flr-37-apr24-en-fil.docx
2025-08-19 14:33:54,100 - unified_parser_with_gcp - INFO - Starting comprehensive parsing of form_37_-_interjurisdictional_support_order_flr-37-apr24-en-fil.docx
2025-08-19 14:33:54,100 - unified_parser_with_gcp - INFO - Parsing with OSS native libraries...
2025-08-19 14:33:54,144 - unified_parser_with_gcp - INFO - Parsing tables with OSS libraries...
2025-08-19 14:33:54,144 - unified_parser_with_gcp - INFO - Building consensus from all extraction methods...
2025-08-19 14:33:54,145 - unified_parser_with_gcp - INFO - Validating consistency...
2025-08-19 14:33:54,145 - unified_parser_with_gcp - INFO - Applying Ontario-specific rules...
2025-08-19 14:33:54,145 - automated_form_processor - INFO - Extracted 29 fields using unified parser
2025-08-19 14:33:54,145 - automated_form_processor - INFO - Saved 29 fields to /Users/draw/development/docassemble/docassemble_webapp/docassemble/webapp/data/questions/ontario-family-law/utilities/workflow_output/parsed_data/csv/form_37_fields.csv
2025-08-19 14:33:54,148 - automated_form_processor - INFO - Generated YAML interview: /Users/draw/development/docassemble/docassemble_webapp/docassemble/webapp/data/questions/ontario-family-law/utilities/workflow_output/parsed_data/yaml/form_37_interview.yml
2025-08-19 14:33:54,149 - automated_form_processor - INFO - ✓ Successfully processed Form 37
2025-08-19 14:33:54,150 - automated_form_processor - INFO - Processing Form 37A: apr24-en-fil
2025-08-19 14:33:54,151 - automated_form_processor - INFO - Found form file: /Users/draw/development/docassemble/docassemble_webapp/docassemble/webapp/data/questions/ontario-family-law/utilities/workflow_output/parsed_data/downloads/form_37a_-_affidavit_interjurisdictional_support_flr-37a-apr24-en-fil.docx
2025-08-19 14:33:54,151 - automated_form_processor - INFO - Extracting fields from /Users/draw/development/docassemble/docassemble_webapp/docassemble/webapp/data/questions/ontario-family-law/utilities/workflow_output/parsed_data/downloads/form_37a_-_affidavit_interjurisdictional_support_flr-37a-apr24-en-fil.docx
2025-08-19 14:33:54,151 - unified_parser_with_gcp - INFO - Starting comprehensive parsing of form_37a_-_affidavit_interjurisdictional_support_flr-37a-apr24-en-fil.docx
2025-08-19 14:33:54,151 - unified_parser_with_gcp - INFO - Parsing with OSS native libraries...
2025-08-19 14:33:54,167 - unified_parser_with_gcp - INFO - Parsing tables with OSS libraries...
2025-08-19 14:33:54,167 - unified_parser_with_gcp - INFO - Building consensus from all extraction methods...
2025-08-19 14:33:54,167 - unified_parser_with_gcp - INFO - Validating consistency...
2025-08-19 14:33:54,167 - unified_parser_with_gcp - INFO - Applying Ontario-specific rules...
2025-08-19 14:33:54,167 - automated_form_processor - INFO - Extracted 19 fields using unified parser
2025-08-19 14:33:54,168 - automated_form_processor - INFO - Saved 19 fields to /Users/draw/development/docassemble/docassemble_webapp/docassemble/webapp/data/questions/ontario-family-law/utilities/workflow_output/parsed_data/csv/form_37A_fields.csv
2025-08-19 14:33:54,170 - automated_form_processor - INFO - Generated YAML interview: /Users/draw/development/docassemble/docassemble_webapp/docassemble/webapp/data/questions/ontario-family-law/utilities/workflow_output/parsed_data/yaml/form_37A_interview.yml
2025-08-19 14:33:54,170 - automated_form_processor - INFO - ✓ Successfully processed Form 37A
2025-08-19 14:33:54,172 - automated_form_processor - INFO - Processing Form 37B: apr24-en-fil
2025-08-19 14:33:54,172 - automated_form_processor - INFO - Found form file: /Users/draw/development/docassemble/docassemble_webapp/docassemble/webapp/data/questions/ontario-family-law/utilities/workflow_output/parsed_data/downloads/form_37b_-_evidence_information_flr-37b-apr24-en-fil.docx
2025-08-19 14:33:54,172 - automated_form_processor - INFO - Extracting fields from /Users/draw/development/docassemble/docassemble_webapp/docassemble/webapp/data/questions/ontario-family-law/utilities/workflow_output/parsed_data/downloads/form_37b_-_evidence_information_flr-37b-apr24-en-fil.docx
2025-08-19 14:33:54,172 - unified_parser_with_gcp - INFO - Starting comprehensive parsing of form_37b_-_evidence_information_flr-37b-apr24-en-fil.docx
2025-08-19 14:33:54,172 - unified_parser_with_gcp - INFO - Parsing with OSS native libraries...
2025-08-19 14:33:54,201 - unified_parser_with_gcp - INFO - Parsing tables with OSS libraries...
2025-08-19 14:33:54,202 - unified_parser_with_gcp - INFO - Building consensus from all extraction methods...
2025-08-19 14:33:54,202 - unified_parser_with_gcp - INFO - Validating consistency...
2025-08-19 14:33:54,202 - unified_parser_with_gcp - INFO - Applying Ontario-specific rules...
2025-08-19 14:33:54,202 - automated_form_processor - INFO - Extracted 28 fields using unified parser
2025-08-19 14:33:54,203 - automated_form_processor - INFO - Saved 28 fields to /Users/draw/development/docassemble/docassemble_webapp/docassemble/webapp/data/questions/ontario-family-law/utilities/workflow_output/parsed_data/csv/form_37B_fields.csv
2025-08-19 14:33:54,205 - automated_form_processor - INFO - Generated YAML interview: /Users/draw/development/docassemble/docassemble_webapp/docassemble/webapp/data/questions/ontario-family-law/utilities/workflow_output/parsed_data/yaml/form_37B_interview.yml
2025-08-19 14:33:54,206 - automated_form_processor - INFO - ✓ Successfully processed Form 37B
2025-08-19 14:33:54,207 - automated_form_processor - INFO - Processing Form 37C: apr24-en-fil
2025-08-19 14:33:54,208 - automated_form_processor - ERROR - Could not find form file for Form 37C in /Users/draw/development/docassemble/docassemble_webapp/docassemble/webapp/data/questions/ontario-family-law/utilities/workflow_output/parsed_data/downloads
2025-08-19 14:33:54,208 - automated_form_processor - INFO - Expected filename: form_37c.pdf
2025-08-19 14:33:54,208 - automated_form_processor - INFO - Available files: ['form_25c_-_adoption_order_flr-25c-may25-en-fil.docx', 'form_37_-_interjurisdictional_support_order_flr-37-apr24-en-fil.docx', 'form_10_-_answer_flr-10-jun25-en-fil.docx', 'form_29_-_request_garnishment_flr-29-apr16-en-fil.docx', 'form_10a_-_reply_flr-10a-e.pdf']...
2025-08-19 14:33:54,208 - automated_form_processor - INFO - Extracting fields from /Users/draw/development/docassemble/docassemble_webapp/docassemble/webapp/data/questions/ontario-family-law/utilities/workflow_output/parsed_data/downloads/form_37c.pdf
2025-08-19 14:33:54,208 - unified_parser_with_gcp - INFO - Starting comprehensive parsing of form_37c.pdf
2025-08-19 14:33:54,208 - unified_parser_with_gcp - INFO - Parsing with OSS native libraries...
2025-08-19 14:33:54,208 - unified_parser_with_gcp - INFO - Parsing tables with OSS libraries...
2025-08-19 14:33:54,208 - unified_parser_with_gcp - INFO - Building consensus from all extraction methods...
2025-08-19 14:33:54,208 - unified_parser_with_gcp - INFO - Validating consistency...
2025-08-19 14:33:54,208 - unified_parser_with_gcp - INFO - Applying Ontario-specific rules...
2025-08-19 14:33:54,208 - automated_form_processor - INFO - Extracted 0 fields using unified parser
2025-08-19 14:33:54,208 - automated_form_processor - INFO - Saved 0 fields to /Users/draw/development/docassemble/docassemble_webapp/docassemble/webapp/data/questions/ontario-family-law/utilities/workflow_output/parsed_data/csv/form_37C_fields.csv
2025-08-19 14:33:54,209 - automated_form_processor - INFO - Generated YAML interview: /Users/draw/development/docassemble/docassemble_webapp/docassemble/webapp/data/questions/ontario-family-law/utilities/workflow_output/parsed_data/yaml/form_37C_interview.yml
2025-08-19 14:33:54,209 - automated_form_processor - INFO - ✓ Successfully processed Form 37C
2025-08-19 14:33:54,211 - automated_form_processor - INFO - Processing Form 37D: apr24-en-fil
2025-08-19 14:33:54,211 - automated_form_processor - ERROR - Could not find form file for Form 37D in /Users/draw/development/docassemble/docassemble_webapp/docassemble/webapp/data/questions/ontario-family-law/utilities/workflow_output/parsed_data/downloads
2025-08-19 14:33:54,211 - automated_form_processor - INFO - Expected filename: form_37d.pdf
2025-08-19 14:33:54,211 - automated_form_processor - INFO - Available files: ['form_25c_-_adoption_order_flr-25c-may25-en-fil.docx', 'form_37_-_interjurisdictional_support_order_flr-37-apr24-en-fil.docx', 'form_10_-_answer_flr-10-jun25-en-fil.docx', 'form_29_-_request_garnishment_flr-29-apr16-en-fil.docx', 'form_10a_-_reply_flr-10a-e.pdf']...
2025-08-19 14:33:54,212 - automated_form_processor - INFO - Extracting fields from /Users/draw/development/docassemble/docassemble_webapp/docassemble/webapp/data/questions/ontario-family-law/utilities/workflow_output/parsed_data/downloads/form_37d.pdf
2025-08-19 14:33:54,212 - unified_parser_with_gcp - INFO - Starting comprehensive parsing of form_37d.pdf
2025-08-19 14:33:54,212 - unified_parser_with_gcp - INFO - Parsing with OSS native libraries...
2025-08-19 14:33:54,212 - unified_parser_with_gcp - INFO - Parsing tables with OSS libraries...
2025-08-19 14:33:54,212 - unified_parser_with_gcp - INFO - Building consensus from all extraction methods...
2025-08-19 14:33:54,212 - unified_parser_with_gcp - INFO - Validating consistency...
2025-08-19 14:33:54,212 - unified_parser_with_gcp - INFO - Applying Ontario-specific rules...
2025-08-19 14:33:54,212 - automated_form_processor - INFO - Extracted 0 fields using unified parser
2025-08-19 14:33:54,212 - automated_form_processor - INFO - Saved 0 fields to /Users/draw/development/docassemble/docassemble_webapp/docassemble/webapp/data/questions/ontario-family-law/utilities/workflow_output/parsed_data/csv/form_37D_fields.csv
2025-08-19 14:33:54,212 - automated_form_processor - INFO - Generated YAML interview: /Users/draw/development/docassemble/docassemble_webapp/docassemble/webapp/data/questions/ontario-family-law/utilities/workflow_output/parsed_data/yaml/form_37D_interview.yml
2025-08-19 14:33:54,213 - automated_form_processor - INFO - ✓ Successfully processed Form 37D
2025-08-19 14:33:54,214 - automated_form_processor - INFO - Processing Form 37E: e
2025-08-19 14:33:54,214 - automated_form_processor - ERROR - Could not find form file for Form 37E in /Users/draw/development/docassemble/docassemble_webapp/docassemble/webapp/data/questions/ontario-family-law/utilities/workflow_output/parsed_data/downloads
2025-08-19 14:33:54,215 - automated_form_processor - INFO - Expected filename: form_37e.pdf
2025-08-19 14:33:54,215 - automated_form_processor - INFO - Available files: ['form_25c_-_adoption_order_flr-25c-may25-en-fil.docx', 'form_37_-_interjurisdictional_support_order_flr-37-apr24-en-fil.docx', 'form_10_-_answer_flr-10-jun25-en-fil.docx', 'form_29_-_request_garnishment_flr-29-apr16-en-fil.docx', 'form_10a_-_reply_flr-10a-e.pdf']...
2025-08-19 14:33:54,215 - automated_form_processor - INFO - Extracting fields from /Users/draw/development/docassemble/docassemble_webapp/docassemble/webapp/data/questions/ontario-family-law/utilities/workflow_output/parsed_data/downloads/form_37e.pdf
2025-08-19 14:33:54,215 - unified_parser_with_gcp - INFO - Starting comprehensive parsing of form_37e.pdf
2025-08-19 14:33:54,215 - unified_parser_with_gcp - INFO - Parsing with OSS native libraries...
2025-08-19 14:33:54,215 - unified_parser_with_gcp - INFO - Parsing tables with OSS libraries...
2025-08-19 14:33:54,215 - unified_parser_with_gcp - INFO - Building consensus from all extraction methods...
2025-08-19 14:33:54,215 - unified_parser_with_gcp - INFO - Validating consistency...
2025-08-19 14:33:54,215 - unified_parser_with_gcp - INFO - Applying Ontario-specific rules...
2025-08-19 14:33:54,215 - automated_form_processor - INFO - Extracted 0 fields using unified parser
2025-08-19 14:33:54,215 - automated_form_processor - INFO - Saved 0 fields to /Users/draw/development/docassemble/docassemble_webapp/docassemble/webapp/data/questions/ontario-family-law/utilities/workflow_output/parsed_data/csv/form_37E_fields.csv
2025-08-19 14:33:54,215 - automated_form_processor - INFO - Generated YAML interview: /Users/draw/development/docassemble/docassemble_webapp/docassemble/webapp/data/questions/ontario-family-law/utilities/workflow_output/parsed_data/yaml/form_37E_interview.yml
2025-08-19 14:33:54,216 - automated_form_processor - INFO - ✓ Successfully processed Form 37E
2025-08-19 14:33:54,217 - automated_form_processor - INFO - Processing Form 38: e
2025-08-19 14:33:54,218 - automated_form_processor - ERROR - Could not find form file for Form 38 in /Users/draw/development/docassemble/docassemble_webapp/docassemble/webapp/data/questions/ontario-family-law/utilities/workflow_output/parsed_data/downloads
2025-08-19 14:33:54,218 - automated_form_processor - INFO - Expected filename: form_38.pdf
2025-08-19 14:33:54,218 - automated_form_processor - INFO - Available files: ['form_25c_-_adoption_order_flr-25c-may25-en-fil.docx', 'form_37_-_interjurisdictional_support_order_flr-37-apr24-en-fil.docx', 'form_10_-_answer_flr-10-jun25-en-fil.docx', 'form_29_-_request_garnishment_flr-29-apr16-en-fil.docx', 'form_10a_-_reply_flr-10a-e.pdf']...
2025-08-19 14:33:54,218 - automated_form_processor - INFO - Extracting fields from /Users/draw/development/docassemble/docassemble_webapp/docassemble/webapp/data/questions/ontario-family-law/utilities/workflow_output/parsed_data/downloads/form_38.pdf
2025-08-19 14:33:54,218 - unified_parser_with_gcp - INFO - Starting comprehensive parsing of form_38.pdf
2025-08-19 14:33:54,218 - unified_parser_with_gcp - INFO - Parsing with OSS native libraries...
2025-08-19 14:33:54,218 - unified_parser_with_gcp - INFO - Parsing tables with OSS libraries...
2025-08-19 14:33:54,218 - unified_parser_with_gcp - INFO - Building consensus from all extraction methods...
2025-08-19 14:33:54,218 - unified_parser_with_gcp - INFO - Validating consistency...
2025-08-19 14:33:54,218 - unified_parser_with_gcp - INFO - Applying Ontario-specific rules...
2025-08-19 14:33:54,218 - automated_form_processor - INFO - Extracted 0 fields using unified parser
2025-08-19 14:33:54,218 - automated_form_processor - INFO - Saved 0 fields to /Users/draw/development/docassemble/docassemble_webapp/docassemble/webapp/data/questions/ontario-family-law/utilities/workflow_output/parsed_data/csv/form_38_fields.csv
2025-08-19 14:33:54,219 - automated_form_processor - INFO - Generated YAML interview: /Users/draw/development/docassemble/docassemble_webapp/docassemble/webapp/data/questions/ontario-family-law/utilities/workflow_output/parsed_data/yaml/form_38_interview.yml
2025-08-19 14:33:54,219 - automated_form_processor - INFO - ✓ Successfully processed Form 38
2025-08-19 14:33:54,221 - automated_form_processor - INFO - Processing Form 39: e
2025-08-19 14:33:54,221 - automated_form_processor - ERROR - Could not find form file for Form 39 in /Users/draw/development/docassemble/docassemble_webapp/docassemble/webapp/data/questions/ontario-family-law/utilities/workflow_output/parsed_data/downloads
2025-08-19 14:33:54,221 - automated_form_processor - INFO - Expected filename: form_39.pdf
2025-08-19 14:33:54,221 - automated_form_processor - INFO - Available files: ['form_25c_-_adoption_order_flr-25c-may25-en-fil.docx', 'form_37_-_interjurisdictional_support_order_flr-37-apr24-en-fil.docx', 'form_10_-_answer_flr-10-jun25-en-fil.docx', 'form_29_-_request_garnishment_flr-29-apr16-en-fil.docx', 'form_10a_-_reply_flr-10a-e.pdf']...
2025-08-19 14:33:54,221 - automated_form_processor - INFO - Extracting fields from /Users/draw/development/docassemble/docassemble_webapp/docassemble/webapp/data/questions/ontario-family-law/utilities/workflow_output/parsed_data/downloads/form_39.pdf
2025-08-19 14:33:54,221 - unified_parser_with_gcp - INFO - Starting comprehensive parsing of form_39.pdf
2025-08-19 14:33:54,222 - unified_parser_with_gcp - INFO - Parsing with OSS native libraries...
2025-08-19 14:33:54,222 - unified_parser_with_gcp - INFO - Parsing tables with OSS libraries...
2025-08-19 14:33:54,222 - unified_parser_with_gcp - INFO - Building consensus from all extraction methods...
2025-08-19 14:33:54,222 - unified_parser_with_gcp - INFO - Validating consistency...
2025-08-19 14:33:54,222 - unified_parser_with_gcp - INFO - Applying Ontario-specific rules...
2025-08-19 14:33:54,222 - automated_form_processor - INFO - Extracted 0 fields using unified parser
2025-08-19 14:33:54,222 - automated_form_processor - INFO - Saved 0 fields to /Users/draw/development/docassemble/docassemble_webapp/docassemble/webapp/data/questions/ontario-family-law/utilities/workflow_output/parsed_data/csv/form_39_fields.csv
2025-08-19 14:33:54,222 - automated_form_processor - INFO - Generated YAML interview: /Users/draw/development/docassemble/docassemble_webapp/docassemble/webapp/data/questions/ontario-family-law/utilities/workflow_output/parsed_data/yaml/form_39_interview.yml
2025-08-19 14:33:54,223 - automated_form_processor - INFO - ✓ Successfully processed Form 39
2025-08-19 14:33:54,224 - automated_form_processor - INFO - Processing Form 43: sep24-en-fil
2025-08-19 14:33:54,224 - automated_form_processor - INFO - Found form file: /Users/draw/development/docassemble/docassemble_webapp/docassemble/webapp/data/questions/ontario-family-law/utilities/workflow_output/parsed_data/downloads/form_43_-_bjdr_hearing_request_flr-43-sep24-en-fil.docx
2025-08-19 14:33:54,224 - automated_form_processor - INFO - Extracting fields from /Users/draw/development/docassemble/docassemble_webapp/docassemble/webapp/data/questions/ontario-family-law/utilities/workflow_output/parsed_data/downloads/form_43_-_bjdr_hearing_request_flr-43-sep24-en-fil.docx
2025-08-19 14:33:54,224 - unified_parser_with_gcp - INFO - Starting comprehensive parsing of form_43_-_bjdr_hearing_request_flr-43-sep24-en-fil.docx
2025-08-19 14:33:54,224 - unified_parser_with_gcp - INFO - Parsing with OSS native libraries...
2025-08-19 14:33:54,262 - unified_parser_with_gcp - INFO - Parsing tables with OSS libraries...
2025-08-19 14:33:54,262 - unified_parser_with_gcp - INFO - Building consensus from all extraction methods...
2025-08-19 14:33:54,263 - unified_parser_with_gcp - INFO - Validating consistency...
2025-08-19 14:33:54,263 - unified_parser_with_gcp - INFO - Applying Ontario-specific rules...
2025-08-19 14:33:54,263 - automated_form_processor - INFO - Extracted 17 fields using unified parser
2025-08-19 14:33:54,263 - automated_form_processor - INFO - Saved 17 fields to /Users/draw/development/docassemble/docassemble_webapp/docassemble/webapp/data/questions/ontario-family-law/utilities/workflow_output/parsed_data/csv/form_43_fields.csv
2025-08-19 14:33:54,264 - automated_form_processor - INFO - Generated YAML interview: /Users/draw/development/docassemble/docassemble_webapp/docassemble/webapp/data/questions/ontario-family-law/utilities/workflow_output/parsed_data/yaml/form_43_interview.yml
2025-08-19 14:33:54,265 - automated_form_processor - INFO - ✓ Successfully processed Form 43
2025-08-19 14:33:54,266 - automated_form_processor - INFO - Processing Form 43A: sep24-en-fil
2025-08-19 14:33:54,267 - automated_form_processor - INFO - Found form file: /Users/draw/development/docassemble/docassemble_webapp/docassemble/webapp/data/questions/ontario-family-law/utilities/workflow_output/parsed_data/downloads/form_43a_-_bjdr_request_ocl_flr-43a-sep24-en-fil.docx
2025-08-19 14:33:54,267 - automated_form_processor - INFO - Extracting fields from /Users/draw/development/docassemble/docassemble_webapp/docassemble/webapp/data/questions/ontario-family-law/utilities/workflow_output/parsed_data/downloads/form_43a_-_bjdr_request_ocl_flr-43a-sep24-en-fil.docx
2025-08-19 14:33:54,267 - unified_parser_with_gcp - INFO - Starting comprehensive parsing of form_43a_-_bjdr_request_ocl_flr-43a-sep24-en-fil.docx
2025-08-19 14:33:54,267 - unified_parser_with_gcp - INFO - Parsing with OSS native libraries...
2025-08-19 14:33:54,303 - unified_parser_with_gcp - INFO - Parsing tables with OSS libraries...
2025-08-19 14:33:54,303 - unified_parser_with_gcp - INFO - Building consensus from all extraction methods...
2025-08-19 14:33:54,303 - unified_parser_with_gcp - INFO - Validating consistency...
2025-08-19 14:33:54,303 - unified_parser_with_gcp - INFO - Applying Ontario-specific rules...
2025-08-19 14:33:54,303 - automated_form_processor - INFO - Extracted 13 fields using unified parser
2025-08-19 14:33:54,304 - automated_form_processor - INFO - Saved 13 fields to /Users/draw/development/docassemble/docassemble_webapp/docassemble/webapp/data/questions/ontario-family-law/utilities/workflow_output/parsed_data/csv/form_43A_fields.csv
2025-08-19 14:33:54,305 - automated_form_processor - INFO - Generated YAML interview: /Users/draw/development/docassemble/docassemble_webapp/docassemble/webapp/data/questions/ontario-family-law/utilities/workflow_output/parsed_data/yaml/form_43A_interview.yml
2025-08-19 14:33:54,306 - automated_form_processor - INFO - ✓ Successfully processed Form 43A
2025-08-19 14:33:54,307 - automated_form_processor - INFO - Processing Form 43B: sep24-en-fil
2025-08-19 14:33:54,307 - automated_form_processor - INFO - Found form file: /Users/draw/development/docassemble/docassemble_webapp/docassemble/webapp/data/questions/ontario-family-law/utilities/workflow_output/parsed_data/downloads/form_43b_-_affidavit_bjdr_hearing_flr-43b-sep24-en-fil.docx
2025-08-19 14:33:54,308 - automated_form_processor - INFO - Extracting fields from /Users/draw/development/docassemble/docassemble_webapp/docassemble/webapp/data/questions/ontario-family-law/utilities/workflow_output/parsed_data/downloads/form_43b_-_affidavit_bjdr_hearing_flr-43b-sep24-en-fil.docx
2025-08-19 14:33:54,308 - unified_parser_with_gcp - INFO - Starting comprehensive parsing of form_43b_-_affidavit_bjdr_hearing_flr-43b-sep24-en-fil.docx
2025-08-19 14:33:54,308 - unified_parser_with_gcp - INFO - Parsing with OSS native libraries...
2025-08-19 14:33:54,361 - unified_parser_with_gcp - INFO - Parsing tables with OSS libraries...
2025-08-19 14:33:54,361 - unified_parser_with_gcp - INFO - Building consensus from all extraction methods...
2025-08-19 14:33:54,361 - unified_parser_with_gcp - INFO - Validating consistency...
2025-08-19 14:33:54,361 - unified_parser_with_gcp - INFO - Applying Ontario-specific rules...
2025-08-19 14:33:54,361 - automated_form_processor - INFO - Extracted 20 fields using unified parser
2025-08-19 14:33:54,362 - automated_form_processor - INFO - Saved 20 fields to /Users/draw/development/docassemble/docassemble_webapp/docassemble/webapp/data/questions/ontario-family-law/utilities/workflow_output/parsed_data/csv/form_43B_fields.csv
2025-08-19 14:33:54,363 - automated_form_processor - INFO - Generated YAML interview: /Users/draw/development/docassemble/docassemble_webapp/docassemble/webapp/data/questions/ontario-family-law/utilities/workflow_output/parsed_data/yaml/form_43B_interview.yml
2025-08-19 14:33:54,364 - automated_form_processor - INFO - ✓ Successfully processed Form 43B
2025-08-19 14:33:54,365 - automated_form_processor - INFO - Processing Form 43C: sep24-en-fil
2025-08-19 14:33:54,366 - automated_form_processor - ERROR - Could not find form file for Form 43C in /Users/draw/development/docassemble/docassemble_webapp/docassemble/webapp/data/questions/ontario-family-law/utilities/workflow_output/parsed_data/downloads
2025-08-19 14:33:54,366 - automated_form_processor - INFO - Expected filename: form_43c.pdf
2025-08-19 14:33:54,366 - automated_form_processor - INFO - Available files: ['form_25c_-_adoption_order_flr-25c-may25-en-fil.docx', 'form_37_-_interjurisdictional_support_order_flr-37-apr24-en-fil.docx', 'form_10_-_answer_flr-10-jun25-en-fil.docx', 'form_29_-_request_garnishment_flr-29-apr16-en-fil.docx', 'form_10a_-_reply_flr-10a-e.pdf']...
2025-08-19 14:33:54,366 - automated_form_processor - INFO - Extracting fields from /Users/draw/development/docassemble/docassemble_webapp/docassemble/webapp/data/questions/ontario-family-law/utilities/workflow_output/parsed_data/downloads/form_43c.pdf
2025-08-19 14:33:54,366 - unified_parser_with_gcp - INFO - Starting comprehensive parsing of form_43c.pdf
2025-08-19 14:33:54,366 - unified_parser_with_gcp - INFO - Parsing with OSS native libraries...
2025-08-19 14:33:54,366 - unified_parser_with_gcp - INFO - Parsing tables with OSS libraries...
2025-08-19 14:33:54,366 - unified_parser_with_gcp - INFO - Building consensus from all extraction methods...
2025-08-19 14:33:54,366 - unified_parser_with_gcp - INFO - Validating consistency...
2025-08-19 14:33:54,366 - unified_parser_with_gcp - INFO - Applying Ontario-specific rules...
2025-08-19 14:33:54,366 - automated_form_processor - INFO - Extracted 0 fields using unified parser
2025-08-19 14:33:54,366 - automated_form_processor - INFO - Saved 0 fields to /Users/draw/development/docassemble/docassemble_webapp/docassemble/webapp/data/questions/ontario-family-law/utilities/workflow_output/parsed_data/csv/form_43C_fields.csv
2025-08-19 14:33:54,367 - automated_form_processor - INFO - Generated YAML interview: /Users/draw/development/docassemble/docassemble_webapp/docassemble/webapp/data/questions/ontario-family-law/utilities/workflow_output/parsed_data/yaml/form_43C_interview.yml
2025-08-19 14:33:54,367 - automated_form_processor - INFO - ✓ Successfully processed Form 43C
2025-08-19 14:33:54,369 - automated_form_processor - INFO - Processing Form 801: 0-1-0921-en
2025-08-19 14:33:54,369 - automated_form_processor - ERROR - Could not find form file for Form 801 in /Users/draw/development/docassemble/docassemble_webapp/docassemble/webapp/data/questions/ontario-family-law/utilities/workflow_output/parsed_data/downloads
2025-08-19 14:33:54,369 - automated_form_processor - INFO - Expected filename: form_801.pdf
2025-08-19 14:33:54,369 - automated_form_processor - INFO - Available files: ['form_25c_-_adoption_order_flr-25c-may25-en-fil.docx', 'form_37_-_interjurisdictional_support_order_flr-37-apr24-en-fil.docx', 'form_10_-_answer_flr-10-jun25-en-fil.docx', 'form_29_-_request_garnishment_flr-29-apr16-en-fil.docx', 'form_10a_-_reply_flr-10a-e.pdf']...
2025-08-19 14:33:54,369 - automated_form_processor - INFO - Extracting fields from /Users/draw/development/docassemble/docassemble_webapp/docassemble/webapp/data/questions/ontario-family-law/utilities/workflow_output/parsed_data/downloads/form_801.pdf
2025-08-19 14:33:54,369 - unified_parser_with_gcp - INFO - Starting comprehensive parsing of form_801.pdf
2025-08-19 14:33:54,370 - unified_parser_with_gcp - INFO - Parsing with OSS native libraries...
2025-08-19 14:33:54,370 - unified_parser_with_gcp - INFO - Parsing tables with OSS libraries...
2025-08-19 14:33:54,370 - unified_parser_with_gcp - INFO - Building consensus from all extraction methods...
2025-08-19 14:33:54,370 - unified_parser_with_gcp - INFO - Validating consistency...
2025-08-19 14:33:54,370 - unified_parser_with_gcp - INFO - Applying Ontario-specific rules...
2025-08-19 14:33:54,370 - automated_form_processor - INFO - Extracted 0 fields using unified parser
2025-08-19 14:33:54,370 - automated_form_processor - INFO - Saved 0 fields to /Users/draw/development/docassemble/docassemble_webapp/docassemble/webapp/data/questions/ontario-family-law/utilities/workflow_output/parsed_data/csv/form_801_fields.csv
2025-08-19 14:33:54,370 - automated_form_processor - INFO - Generated YAML interview: /Users/draw/development/docassemble/docassemble_webapp/docassemble/webapp/data/questions/ontario-family-law/utilities/workflow_output/parsed_data/yaml/form_801_interview.yml
2025-08-19 14:33:54,371 - automated_form_processor - INFO - ✓ Successfully processed Form 801
2025-08-19 14:33:54,374 - automated_form_processor - INFO - Reports generated: /Users/draw/development/docassemble/docassemble_webapp/docassemble/webapp/data/questions/ontario-family-law/utilities/workflow_output/parsed_data/processing_report.json and /Users/draw/development/docassemble/docassemble_webapp/docassemble/webapp/data/questions/ontario-family-law/utilities/workflow_output/parsed_data/processing_report.txt
2025-08-19 14:33:54,374 - automated_form_processor - INFO - Processing complete: 123 successful, 0 failed out of 123 total
2025-08-19 14:33:54,374 - __main__ - INFO - ✓ parse completed successfully
2025-08-19 14:33:54,374 - __main__ - INFO - 
========================================
2025-08-19 14:33:54,374 - __main__ - INFO - Step: MAP_OBJECTS
2025-08-19 14:33:54,374 - __main__ - INFO - ========================================
2025-08-19 14:33:54,374 - __main__ - INFO - Mapping fields to docassemble objects...
2025-08-19 14:33:54,375 - __main__ - INFO - ✓ map_objects completed successfully
2025-08-19 14:33:54,375 - __main__ - INFO - 
========================================
2025-08-19 14:33:54,375 - __main__ - INFO - Step: GENERATE_YAML
2025-08-19 14:33:54,375 - __main__ - INFO - ========================================
2025-08-19 14:33:54,375 - __main__ - INFO - Generating YAML interview files...
2025-08-19 14:33:54,376 - __main__ - INFO - Generated: form_04_interview.yml
2025-08-19 14:33:54,378 - __main__ - INFO - Generated: form_06_interview.yml
2025-08-19 14:33:54,379 - __main__ - INFO - Generated: form_06B_interview.yml
2025-08-19 14:33:54,381 - __main__ - INFO - Generated: form_10_interview.yml
2025-08-19 14:33:54,381 - __main__ - INFO - Generated: form_10A_interview.yml
2025-08-19 14:33:54,383 - __main__ - INFO - Generated: form_13_interview.yml
2025-08-19 14:33:54,384 - __main__ - INFO - Generated: form_13A_interview.yml
2025-08-19 14:33:54,385 - __main__ - INFO - Generated: form_13B_interview.yml
2025-08-19 14:33:54,386 - __main__ - INFO - Generated: form_13C_interview.yml
2025-08-19 14:33:54,387 - __main__ - INFO - Generated: form_14_interview.yml
2025-08-19 14:33:54,388 - __main__ - INFO - Generated: form_14B_interview.yml
2025-08-19 14:33:54,389 - __main__ - INFO - Generated: form_14C_interview.yml
2025-08-19 14:33:54,391 - __main__ - INFO - Generated: form_15_interview.yml
2025-08-19 14:33:54,393 - __main__ - INFO - Generated: form_15B_interview.yml
2025-08-19 14:33:54,394 - __main__ - INFO - Generated: form_15C_interview.yml
2025-08-19 14:33:54,396 - __main__ - INFO - Generated: form_17_interview.yml
2025-08-19 14:33:54,397 - __main__ - INFO - Generated: form_17A_interview.yml
2025-08-19 14:33:54,398 - __main__ - INFO - Generated: form_17C_interview.yml
2025-08-19 14:33:54,399 - __main__ - INFO - Generated: form_17F_interview.yml
2025-08-19 14:33:54,401 - __main__ - INFO - Generated: form_20_interview.yml
2025-08-19 14:33:54,403 - __main__ - INFO - Generated: form_22_interview.yml
2025-08-19 14:33:54,404 - __main__ - INFO - Generated: form_23_interview.yml
2025-08-19 14:33:54,404 - __main__ - INFO - Generated: form_25_interview.yml
2025-08-19 14:33:54,405 - __main__ - INFO - Generated: form_25A_interview.yml
2025-08-19 14:33:54,406 - __main__ - INFO - Generated: form_25C_interview.yml
2025-08-19 14:33:54,407 - __main__ - INFO - Generated: form_25D_interview.yml
2025-08-19 14:33:54,408 - __main__ - INFO - Generated: form_25F_interview.yml
2025-08-19 14:33:54,410 - __main__ - INFO - Generated: form_26_interview.yml
2025-08-19 14:33:54,411 - __main__ - INFO - Generated: form_27_interview.yml
2025-08-19 14:33:54,412 - __main__ - INFO - Generated: form_28_interview.yml
2025-08-19 14:33:54,413 - __main__ - INFO - Generated: form_29_interview.yml
2025-08-19 14:33:54,414 - __main__ - INFO - Generated: form_29A_interview.yml
2025-08-19 14:33:54,415 - __main__ - INFO - Generated: form_29B_interview.yml
2025-08-19 14:33:54,415 - __main__ - INFO - Generated: form_30_interview.yml
2025-08-19 14:33:54,416 - __main__ - INFO - Generated: form_33_interview.yml
2025-08-19 14:33:54,417 - __main__ - INFO - Generated: form_33F_interview.yml
2025-08-19 14:33:54,418 - __main__ - INFO - Generated: form_34_interview.yml
2025-08-19 14:33:54,420 - __main__ - INFO - Generated: form_34A_interview.yml
2025-08-19 14:33:54,421 - __main__ - INFO - Generated: form_34F_interview.yml
2025-08-19 14:33:54,422 - __main__ - INFO - Generated: form_34G_interview.yml
2025-08-19 14:33:54,424 - __main__ - INFO - Generated: form_34I_interview.yml
2025-08-19 14:33:54,425 - __main__ - INFO - Generated: form_36_interview.yml
2025-08-19 14:33:54,427 - __main__ - INFO - Generated: form_36A_interview.yml
2025-08-19 14:33:54,428 - __main__ - INFO - Generated: form_37_interview.yml
2025-08-19 14:33:54,428 - __main__ - INFO - Generated: form_37A_interview.yml
2025-08-19 14:33:54,429 - __main__ - INFO - Generated: form_37B_interview.yml
2025-08-19 14:33:54,430 - __main__ - INFO - Generated: form_43_interview.yml
2025-08-19 14:33:54,430 - __main__ - INFO - Generated: form_43A_interview.yml
2025-08-19 14:33:54,431 - __main__ - INFO - Generated: form_43B_interview.yml
2025-08-19 14:33:54,431 - __main__ - INFO - ✓ generate_yaml completed successfully
2025-08-19 14:33:54,431 - __main__ - INFO - 
========================================
2025-08-19 14:33:54,431 - __main__ - INFO - Step: VALIDATE
2025-08-19 14:33:54,431 - __main__ - INFO - ========================================
2025-08-19 14:33:54,431 - __main__ - INFO - Validating generated interviews...
2025-08-19 14:33:54,466 - __main__ - INFO - ✓ validate completed successfully
2025-08-19 14:33:54,466 - __main__ - INFO - 
Generating final report...
2025-08-19 14:33:54,466 - __main__ - INFO - Reports saved to /Users/draw/development/docassemble/docassemble_webapp/docassemble/webapp/data/questions/ontario-family-law/utilities/workflow_output/reports/workflow_report_20250819_143354.json and /Users/draw/development/docassemble/docassemble_webapp/docassemble/webapp/data/questions/ontario-family-law/utilities/workflow_output/reports/workflow_report_20250819_143354.txt
Starting download of 48 Ontario Family Law forms...
Download directory: /Users/draw/development/docassemble/docassemble_webapp/docassemble/webapp/data/questions/ontario-family-law/utilities/workflow_output/ontario_forms
============================================================

📁 Category: Core Applications
----------------------------------------
Downloading Form 8 - Application General...
✓ Downloaded: /Users/draw/development/docassemble/docassemble_webapp/docassemble/webapp/data/questions/ontario-family-law/utilities/workflow_output/ontario_forms/form_8_-_application_general_flr-8-jun25-en.docx
Downloading Form 8A - Application Divorce...
✓ Downloaded: /Users/draw/development/docassemble/docassemble_webapp/docassemble/webapp/data/questions/ontario-family-law/utilities/workflow_output/ontario_forms/form_8a_-_application_divorce_flr-8a-apr24-en-fil.docx
Downloading Form 8B - Application Child Protection...
✓ Downloaded: /Users/draw/development/docassemble/docassemble_webapp/docassemble/webapp/data/questions/ontario-family-law/utilities/workflow_output/ontario_forms/form_8b_-_application_child_protection_form-8b-feb_1_2022-en.docx
Downloading Form 8D - Application Adoption...
✓ Downloaded: /Users/draw/development/docassemble/docassemble_webapp/docassemble/webapp/data/questions/ontario-family-law/utilities/workflow_output/ontario_forms/form_8d_-_application_adoption_flr-8d-may25-en-fil.docx
Downloading Form 10 - Answer...
✓ Downloaded: /Users/draw/development/docassemble/docassemble_webapp/docassemble/webapp/data/questions/ontario-family-law/utilities/workflow_output/ontario_forms/form_10_-_answer_flr-10-jun25-en-fil.docx
Downloading Form 10A - Reply...
✓ Downloaded: /Users/draw/development/docassemble/docassemble_webapp/docassemble/webapp/data/questions/ontario-family-law/utilities/workflow_output/ontario_forms/form_10a_-_reply_flr-10a-e.pdf

📁 Category: Financial Statements
----------------------------------------
Downloading Form 13 - Financial Statement Support...
✓ Downloaded: /Users/draw/development/docassemble/docassemble_webapp/docassemble/webapp/data/questions/ontario-family-law/utilities/workflow_output/ontario_forms/form_13_-_financial_statement_support_flr-13-may21-en-fil.docx
Downloading Form 13.1 - Financial Statement Property...
✓ Downloaded: /Users/draw/development/docassemble/docassemble_webapp/docassemble/webapp/data/questions/ontario-family-law/utilities/workflow_output/ontario_forms/form_13.1_-_financial_statement_property_flr-13-1-may21-en-fil.docx
Downloading Form 13A - Certificate Financial Disclosure...
✓ Downloaded: /Users/draw/development/docassemble/docassemble_webapp/docassemble/webapp/data/questions/ontario-family-law/utilities/workflow_output/ontario_forms/form_13a_-_certificate_financial_disclosure_flr-13a-may21-en-fil.docx
Downloading Form 13B - Net Family Property Statement...
✓ Downloaded: /Users/draw/development/docassemble/docassemble_webapp/docassemble/webapp/data/questions/ontario-family-law/utilities/workflow_output/ontario_forms/form_13b_-_net_family_property_statement_flr-13b-may09-en-fil-tables.docx
Downloading Form 13C - Comparison Net Family Property...
✓ Downloaded: /Users/draw/development/docassemble/docassemble_webapp/docassemble/webapp/data/questions/ontario-family-law/utilities/workflow_output/ontario_forms/form_13c_-_comparison_net_family_property_flr-13c-may21-en-fil.docx

📁 Category: Motions Conferences
----------------------------------------
Downloading Form 14B - Motion Form...
✓ Downloaded: /Users/draw/development/docassemble/docassemble_webapp/docassemble/webapp/data/questions/ontario-family-law/utilities/workflow_output/ontario_forms/form_14b_-_motion_form_flr-14b-0921-en.docx
Downloading Form 14C - Confirmation Motion...
✓ Downloaded: /Users/draw/development/docassemble/docassemble_webapp/docassemble/webapp/data/questions/ontario-family-law/utilities/workflow_output/ontario_forms/form_14c_-_confirmation_motion_flr-14c-sep24-en-fil.docx
Downloading Form 15 - Motion to Change...
✓ Downloaded: /Users/draw/development/docassemble/docassemble_webapp/docassemble/webapp/data/questions/ontario-family-law/utilities/workflow_output/ontario_forms/form_15_-_motion_to_change_flr-15-0921-en.docx
Downloading Form 15B - Response Motion to Change...
✓ Downloaded: /Users/draw/development/docassemble/docassemble_webapp/docassemble/webapp/data/questions/ontario-family-law/utilities/workflow_output/ontario_forms/form_15b_-_response_motion_to_change_form-15b-en-dec20.docx
Downloading Form 15C - Consent Motion to Change...
✓ Downloaded: /Users/draw/development/docassemble/docassemble_webapp/docassemble/webapp/data/questions/ontario-family-law/utilities/workflow_output/ontario_forms/form_15c_-_consent_motion_to_change_form-15c-en-dec20.docx
Downloading Form 17A - Case Conference Brief...
✓ Downloaded: /Users/draw/development/docassemble/docassemble_webapp/docassemble/webapp/data/questions/ontario-family-law/utilities/workflow_output/ontario_forms/form_17a_-_case_conference_brief_flr-17a-sep23-en.docx
Downloading Form 17C - Settlement Conference Brief...
✓ Downloaded: /Users/draw/development/docassemble/docassemble_webapp/docassemble/webapp/data/questions/ontario-family-law/utilities/workflow_output/ontario_forms/form_17c_-_settlement_conference_brief_flr-17c-sep23-en.docx
Downloading Form 17F - Confirmation Conference...
✓ Downloaded: /Users/draw/development/docassemble/docassemble_webapp/docassemble/webapp/data/questions/ontario-family-law/utilities/workflow_output/ontario_forms/form_17f_-_confirmation_conference_flr-17f-sep24-en-fil.docx

📁 Category: Service Process
----------------------------------------
Downloading Form 4 - Notice Change Representation...
✓ Downloaded: /Users/draw/development/docassemble/docassemble_webapp/docassemble/webapp/data/questions/ontario-family-law/utilities/workflow_output/ontario_forms/form_4_-_notice_change_representation_flr-04-jun25-en-fil.docx
Downloading Form 6B - Affidavit Service...
✓ Downloaded: /Users/draw/development/docassemble/docassemble_webapp/docassemble/webapp/data/questions/ontario-family-law/utilities/workflow_output/ontario_forms/form_6b_-_affidavit_service_flr-06b-apr16-en-fil.docx
Downloading Form 6C - Certificate Service...
✓ Downloaded: /Users/draw/development/docassemble/docassemble_webapp/docassemble/webapp/data/questions/ontario-family-law/utilities/workflow_output/ontario_forms/form_6c_-_certificate_service_flr-6c-apr23-en-fil.docx

📁 Category: Orders
----------------------------------------
Downloading Form 25 - Order General...
✓ Downloaded: /Users/draw/development/docassemble/docassemble_webapp/docassemble/webapp/data/questions/ontario-family-law/utilities/workflow_output/ontario_forms/form_25_-_order_general_form-25-en-dec20.docx
Downloading Form 25A - Divorce Order...
✓ Downloaded: /Users/draw/development/docassemble/docassemble_webapp/docassemble/webapp/data/questions/ontario-family-law/utilities/workflow_output/ontario_forms/form_25a_-_divorce_order_flr-25a-e.pdf
Downloading Form 25C - Adoption Order...
✓ Downloaded: /Users/draw/development/docassemble/docassemble_webapp/docassemble/webapp/data/questions/ontario-family-law/utilities/workflow_output/ontario_forms/form_25c_-_adoption_order_flr-25c-may25-en-fil.docx
Downloading Form 25D - Order Uncontested Trial...
✓ Downloaded: /Users/draw/development/docassemble/docassemble_webapp/docassemble/webapp/data/questions/ontario-family-law/utilities/workflow_output/ontario_forms/form_25d_-_order_uncontested_trial_form-25d-en-dec20.docx
Downloading Form 25F - Restraining Order...
✓ Downloaded: /Users/draw/development/docassemble/docassemble_webapp/docassemble/webapp/data/questions/ontario-family-law/utilities/workflow_output/ontario_forms/form_25f_-_restraining_order_flr-25f-sep09-en-fil.docx

📁 Category: Enforcement
----------------------------------------
Downloading Form 26 - Statement Money Owed...
✓ Downloaded: /Users/draw/development/docassemble/docassemble_webapp/docassemble/webapp/data/questions/ontario-family-law/utilities/workflow_output/ontario_forms/form_26_-_statement_money_owed_flr-26-apr16-en-fil.docx
Downloading Form 27 - Request Financial Statement...
✓ Downloaded: /Users/draw/development/docassemble/docassemble_webapp/docassemble/webapp/data/questions/ontario-family-law/utilities/workflow_output/ontario_forms/form_27_-_request_financial_statement_flr-27-apr16-en-fil.docx
Downloading Form 28 - Writ Seizure Sale...
✓ Downloaded: /Users/draw/development/docassemble/docassemble_webapp/docassemble/webapp/data/questions/ontario-family-law/utilities/workflow_output/ontario_forms/form_28_-_writ_seizure_sale_flr-28-apr16-en-fil.docx
Downloading Form 29 - Request Garnishment...
✓ Downloaded: /Users/draw/development/docassemble/docassemble_webapp/docassemble/webapp/data/questions/ontario-family-law/utilities/workflow_output/ontario_forms/form_29_-_request_garnishment_flr-29-apr16-en-fil.docx
Downloading Form 29A - Notice Garnishment Lump Sum...
✓ Downloaded: /Users/draw/development/docassemble/docassemble_webapp/docassemble/webapp/data/questions/ontario-family-law/utilities/workflow_output/ontario_forms/form_29a_-_notice_garnishment_lump_sum_flr-29a-apr16-en-fil.docx
Downloading Form 29B - Notice Garnishment Periodic...
✓ Downloaded: /Users/draw/development/docassemble/docassemble_webapp/docassemble/webapp/data/questions/ontario-family-law/utilities/workflow_output/ontario_forms/form_29b_-_notice_garnishment_periodic_flr-29b-apr16-en-fil.docx
Downloading Form 30 - Notice Default Hearing...
✓ Downloaded: /Users/draw/development/docassemble/docassemble_webapp/docassemble/webapp/data/questions/ontario-family-law/utilities/workflow_output/ontario_forms/form_30_-_notice_default_hearing_flr-30-apr16-en-fil.docx

📁 Category: Divorce Specific
----------------------------------------
Downloading Form 36 - Affidavit for Divorce...
✓ Downloaded: /Users/draw/development/docassemble/docassemble_webapp/docassemble/webapp/data/questions/ontario-family-law/utilities/workflow_output/ontario_forms/form_36_-_affidavit_for_divorce_flr-36-apr24-en-fil.docx
Downloading Form 36A - Certificate Divorce...
✓ Downloaded: /Users/draw/development/docassemble/docassemble_webapp/docassemble/webapp/data/questions/ontario-family-law/utilities/workflow_output/ontario_forms/form_36a_-_certificate_divorce_flr-36a-dec20-en-fil.docx

📁 Category: Child Protection Adoption
----------------------------------------
Downloading Form 33F - Access Application...
✓ Downloaded: /Users/draw/development/docassemble/docassemble_webapp/docassemble/webapp/data/questions/ontario-family-law/utilities/workflow_output/ontario_forms/form_33f_-_access_application_flr-33f-may21-en-fil.docx
Downloading Form 34 - Child Consent Adoption...
✓ Downloaded: /Users/draw/development/docassemble/docassemble_webapp/docassemble/webapp/data/questions/ontario-family-law/utilities/workflow_output/ontario_forms/form_34_-_child_consent_adoption_flr-34-nov18-en-fil.docx
Downloading Form 34A - Affidavit Parentage...
✓ Downloaded: /Users/draw/development/docassemble/docassemble_webapp/docassemble/webapp/data/questions/ontario-family-law/utilities/workflow_output/ontario_forms/form_34a_-_affidavit_parentage_form-34a-en-dec20.docx
Downloading Form 34F - Consents Adoption...
✓ Downloaded: /Users/draw/development/docassemble/docassemble_webapp/docassemble/webapp/data/questions/ontario-family-law/utilities/workflow_output/ontario_forms/form_34f_-_consents_adoption_form-34f-en-dec20.docx
Downloading Form 34G - Affidavit Adopting Parent...
✓ Downloaded: /Users/draw/development/docassemble/docassemble_webapp/docassemble/webapp/data/questions/ontario-family-law/utilities/workflow_output/ontario_forms/form_34g_-_affidavit_adopting_parent_form-34g-en-dec20.docx
Downloading Form 34I - Affidavit Adopting Relative...
✓ Downloaded: /Users/draw/development/docassemble/docassemble_webapp/docassemble/webapp/data/questions/ontario-family-law/utilities/workflow_output/ontario_forms/form_34i_-_affidavit_adopting_relative_form-34i-en-dec20.docx

📁 Category: Interjurisdictional
----------------------------------------
Downloading Form 37 - Interjurisdictional Support Order...
✓ Downloaded: /Users/draw/development/docassemble/docassemble_webapp/docassemble/webapp/data/questions/ontario-family-law/utilities/workflow_output/ontario_forms/form_37_-_interjurisdictional_support_order_flr-37-apr24-en-fil.docx
Downloading Form 37A - Affidavit Interjurisdictional Support...
✓ Downloaded: /Users/draw/development/docassemble/docassemble_webapp/docassemble/webapp/data/questions/ontario-family-law/utilities/workflow_output/ontario_forms/form_37a_-_affidavit_interjurisdictional_support_flr-37a-apr24-en-fil.docx
Downloading Form 37B - Evidence Information...
✓ Downloaded: /Users/draw/development/docassemble/docassemble_webapp/docassemble/webapp/data/questions/ontario-family-law/utilities/workflow_output/ontario_forms/form_37b_-_evidence_information_flr-37b-apr24-en-fil.docx

📁 Category: Alternative Dispute
----------------------------------------
Downloading Form 43 - BJDR Hearing Request...
✓ Downloaded: /Users/draw/development/docassemble/docassemble_webapp/docassemble/webapp/data/questions/ontario-family-law/utilities/workflow_output/ontario_forms/form_43_-_bjdr_hearing_request_flr-43-sep24-en-fil.docx
Downloading Form 43A - BJDR Request OCL...
✓ Downloaded: /Users/draw/development/docassemble/docassemble_webapp/docassemble/webapp/data/questions/ontario-family-law/utilities/workflow_output/ontario_forms/form_43a_-_bjdr_request_ocl_flr-43a-sep24-en-fil.docx
Downloading Form 43B - Affidavit BJDR Hearing...
✓ Downloaded: /Users/draw/development/docassemble/docassemble_webapp/docassemble/webapp/data/questions/ontario-family-law/utilities/workflow_output/ontario_forms/form_43b_-_affidavit_bjdr_hearing_flr-43b-sep24-en-fil.docx

============================================================
Download Summary:
✓ Successfully downloaded: 48
✗ Failed downloads: 0
📁 Forms organized in: /Users/draw/development/docassemble/docassemble_webapp/docassemble/webapp/data/questions/ontario-family-law/utilities/workflow_output/ontario_forms
📋 Created index file: /Users/draw/development/docassemble/docassemble_webapp/docassemble/webapp/data/questions/ontario-family-law/utilities/workflow_output/ontario_forms/INDEX.md
Warning: pytesseract not available. OCR functionality will be disabled.

============================================================
Workflow Complete!
============================================================
Output directory: /Users/draw/development/docassemble/docassemble_webapp/docassemble/webapp/data/questions/ontario-family-law/utilities/workflow_output
Check /Users/draw/development/docassemble/docassemble_webapp/docassemble/webapp/data/questions/ontario-family-law/utilities/workflow_output/reports for detailed reports
